case_id,aging,charge_shift,o_to_c,density,egap,fraction_CC_CH,fraction_C_O,fraction_C_eq_O,fraction_O_C_eq_O,fraction_pi_pi_star,center_CC_CH,center_C_O,center_C_eq_O,center_O_C_eq_O,center_pi_pi_star,fwhm_CC_CH,fwhm_C_O,fwhm_C_eq_O,fwhm_O_C_eq_O,fwhm_pi_pi_star,split,continuation_stratum
12000,0.13550023613059892,-0.7569388737421217,0.762676283313978,1.2230157677541154,0.0,0.34054931827250773,0.2767241810279036,0.0007429258583436597,0.2276045882138654,0.15437898662737973,284.2133818031567,285.33570754385386,286.99172822225194,288.1739609327194,290.29038404736804,1.078396900201959,1.508883650464551,1.4061222664482995,1.208662335815652,1.6070039998386894,train,strong_pi_negative
12001,0.15542081322038542,-1.2559994147534916,0.4770358037808497,1.3720410450443268,0.0,0.425430312395808,0.007372431572717387,0.38575142114468514,0.026955975531723592,0.154489859355066,283.56476675698104,284.92722047505436,286.341360032281,287.8115593949442,289.721028628509,1.33362371217061,1.3743436460166356,1.3742077603932885,0.972486170795032,1.4846107172450442,train,strong_pi_negative
12002,0.44579011470572155,-0.7432361549019126,0.4532277618272279,1.220598231137402,0.0,0.5615411644267467,0.13632248416929105,0.004957247080237881,0.14097401528884948,0.15620508903487493,284.10793363914365,285.60996087702483,286.78430675279964,288.1807186542189,290.4961589699407,1.257270571674992,1.3881012654013036,1.1778246781510604,1.5187853644682456,1.6503604412758033,train,strong_pi_negative
12003,0.3213536617465996,-1.070390042193496,0.4852223168434755,1.453693810308298,0.0,0.45219983795451113,0.2716121116979553,0.06004344903453349,0.06178337805549333,0.1543612232575069,283.8035828198672,285.2383535872768,286.85716463943277,287.95088956929345,290.35266206190363,1.3229862025777699,1.4011940075842795,1.1790620680036479,1.1579208690873282,1.2438099860107383,train,strong_pi_negative
12004,0.3808071255890184,-1.4478538858969472,0.43174502808344856,1.5146409702495776,0.0,0.4719392810754428,0.2574461171520953,0.0951941489206146,0.024552381005369297,0.1508680718464779,283.1208624473655,284.93439201859206,286.45241998274673,287.7349595445916,289.75046882125014,1.1510149362740068,1.1984109016879296,1.3163668381092921,1.1562265267673515,1.0790430910263418,train,strong_pi_negative
12005,0.30510340035204603,-1.1174570807017568,0.654946934073586,1.6788140688606348,0.0,0.24119172246811615,0.45292225055227253,0.011170929737344501,0.08042687689198443,0.21428822035028228,283.6799420704308,285.1585703261915,286.8653806401306,288.00584520265164,289.8266959755281,1.0525136553731433,0.8690251558578246,1.2018096401890999,0.9760974459842275,0.8570650264725905,train,strong_pi_negative
12006,0.21991951162912995,-0.7587380949366249,0.16430244941500347,1.444302056900161,0.0,0.47589825465101093,0.1239726871525586,0.010329762262444874,0.0,0.38979929593398543,283.8249634029464,285.59781974270413,287.0001688729612,288.0470287963418,290.7730412110434,1.672529433583745,1.6943063828980358,1.7232723517738608,1.8477158284686235,1.77202906073946,test,strong_pi_negative
12007,0.22521961989469433,-1.0055821738809532,0.1119187206523724,1.3744691215886418,0.0,0.35208601523996913,0.04261785488932363,0.0,0.019650432881524394,0.5856456969891828,283.8722500899827,285.2475311269222,286.6716587589545,288.22892407869944,290.21273460660757,1.02783160832333,0.9227494509003938,0.8674002698394586,0.8477897170575731,0.9426639253513129,train,strong_pi_negative
12008,0.2000316215954456,-1.407232311482061,0.5277929307476645,1.7156925377775052,0.0,0.36465979166280155,0.15681132402047895,0.0,0.17049080336359282,0.3080380809531267,283.3923136771011,284.8827500366803,286.36858516307984,287.6790963701572,289.8553434977297,0.8661872535372513,0.8334459103435358,0.901160464139234,0.8318824227231265,1.0171924988708982,train,strong_pi_negative
12009,0.5472703223155643,-1.0218204379576963,0.7615682812033291,1.3290720026425795,0.0,0.29088213721282635,0.15502674664237037,0.17100935923131633,0.20276608766482118,0.18031566924866585,283.6394713364059,284.9910347719611,286.86237078018166,288.03170455751444,290.28366577351665,1.0241940644788186,0.9289668806047989,0.7756679985978711,0.8708065224414954,0.9098995645797165,train,strong_pi_negative
12010,0.49381971009096004,-1.4563044945034012,0.5188983282719302,1.5149228007183297,0.0,0.12464273241053095,0.09512575180336091,0.2915718858508106,0.051100345308879316,0.4375592846264182,283.18938161277947,284.7830285719238,286.35906576241393,287.7427520422463,289.3914305589076,0.9265690438420735,1.0359678344168728,0.896927331543121,0.9891398802941477,0.8992152920963069,validation,strong_pi_negative
12011,0.3516185388717015,-0.7013715104032023,0.18998162531275123,1.33287513382138,0.0,0.4509704312533895,0.0,0.14382498873028304,0.008078318291234093,0.3971262617250934,284.0476891389584,285.47564547807116,287.12525378807373,288.6145787784095,290.65713998668076,1.5452746013115453,1.5016813829686515,1.8654432944286539,1.700501236274997,1.5899173541473823,train,strong_pi_negative
12012,0.5637834699174192,-1.0473743672481897,0.7550898932923247,1.7224770786930406,0.0,0.14086622865148193,0.32151782367627313,0.15244708892836384,0.12556249034384379,0.25960636840003726,283.6841031744357,285.32907123284656,286.5200203802724,287.7580396633328,290.2551209304463,1.0808783882173276,0.9830694214568101,0.9782464803051294,0.791595842403618,0.9138414317749485,train,strong_pi_negative
12013,0.7013399929357407,-1.1607601557247151,1.2,1.4681622957414193,0.0,0.03568276684334133,0.10673037947791912,0.28384235755689907,0.3978200212338463,0.17592447488799398,283.5752084208783,285.3831591819575,286.87606988943224,287.82839718604845,289.82301373729865,1.0494118919637896,0.9613207851658788,1.1670460414882968,1.0288346403858848,1.0599813898139305,validation,strong_pi_negative
12014,0.4360788738174969,-0.8214540947649942,0.32192870347741914,1.3732856427393083,0.0,0.4876703896431043,0.10894915548407233,0.019784540351726432,0.08159750382081019,0.3019984107002867,283.95387934972445,285.4894302286029,286.9258100572357,288.10544960359005,290.6720254012571,0.902437976836569,0.8465238223554497,1.000856344328522,0.8885917751482322,0.9541338024210445,train,strong_pi_negative
12015,0.14325929085515546,-1.3330534624521513,0.22805852466776938,1.424381791528578,0.0,0.48871470855407717,0.10393327844532321,0.07430564075516062,0.009909802733642786,0.3231365695117963,283.64197064212993,284.96058421628516,286.5010950066623,287.6480817162581,289.6805401654936,1.1986062295060318,1.0413547329835913,1.1936896765894949,1.1662290652253982,1.137563704168629,validation,strong_pi_negative
12016,0.357707434451306,-1.1936104883818697,0.6436092534949096,1.5242327037308612,0.0,0.4420796019677338,0.03635631781682104,0.058814888810985844,0.25921902343355135,0.20353016797090778,283.5095338003096,285.05033133017633,286.7507186415414,288.3342722093528,289.63081454161704,1.5592631532994083,1.556996128283655,1.4046512953345678,1.5928170733499807,1.7031535206087112,test,strong_pi_negative
12017,0.19079627531302232,-0.5584162632594221,0.4564202278975911,1.2919698431431665,0.0,0.5163425654318947,0.032926619575734305,0.13614485381501829,0.12867437725341926,0.1859115839239334,284.3543775163987,285.86136344358516,287.0384691033967,288.1591942322225,290.4962957598585,0.9410562744049237,1.0807408768913205,0.8097757750967645,0.9846532556571667,1.0522533617416292,train,strong_pi_negative
12018,0.6918704614487707,-1.3726574943696308,0.6019233753939027,1.5690757661989236,0.0,0.22447871012785656,0.32331469111181,0.2486086842820927,0.0,0.20359791447824077,283.56693481279694,285.1666670784805,286.29255182057585,287.15553337558055,290.21963140258464,0.9089670414630355,1.0181643667958749,1.033436066848248,0.9200844861006817,0.8993683226418805,train,strong_pi_negative
12019,0.63353281393405,-0.9979639725160756,1.0336060726654719,1.164639766407246,0.0,0.12707547703480304,0.0,0.4159458360559908,0.29383011830474054,0.16314856860446553,283.75524692268107,285.2279459866239,286.6341482812494,287.9561245059921,290.52796294480737,1.0276645462006404,1.3401879063110294,1.0009390379236942,1.0430390254051405,1.1584235805928682,train,strong_pi_negative
12020,0.5493889493939172,-0.7789183377650204,0.1601066633592717,1.499087319931426,0.0,0.6278648230085933,0.0794782105906354,0.0,0.02531422638431815,0.26734274001645325,283.8694606874669,285.6615564953137,287.08879535182746,288.60548835510957,290.13792595125136,1.5725853763307978,1.5839120731253018,1.3479830129456323,1.6816911573452147,1.5212079307388702,train,strong_pi_negative
12021,0.0350486202882921,-1.3185050050708131,0.037372194261524765,1.5474593071717,0.0,0.826584776863308,0.005669146298556199,0.0016965314136494487,3.258274659556975e-06,0.16604628714982675,283.55794033603235,284.8490446387385,286.74486554611957,287.54744036454696,289.7784826565064,1.7423077592318048,1.6965668964341507,1.5629429464209,1.673211593529764,1.2990935032823057,train,strong_pi_negative
12022,0.13372160175634065,-1.0176302234994838,0.286591128181757,1.418492994948402,0.0,0.4923510341854902,0.09967722580323567,0.021040565965313618,0.06793666820660386,0.31899450583935673,283.7453071963476,285.28108419492025,286.58880543406656,288.19466349466455,290.5183397682281,1.4093771505716934,1.3284495592771923,1.4195653741422631,1.2011481019133257,1.2961457784976793,train,strong_pi_negative
12023,0.6543279260754125,-0.9865712189301203,1.1307187810326165,1.296517693893636,0.0,0.01724836190951,0.053812114128715186,0.3539518909972434,0.34647738795332894,0.22851024501120243,283.9367634915904,285.3323451314464,286.706091918697,287.95153288971557,289.63069141963945,1.1224902047339542,1.0575860885427995,1.0131827527690438,0.8738308497840298,0.9621095245934835,train,strong_pi_negative
12024,0.28618686763203227,-0.7343923433073574,0.6495465120550736,1.448919434949112,0.0,0.06272289824661054,0.1156712379303922,0.024717881380050585,0.23957869637231544,0.5573092860706312,284.03352749691817,285.5105442541783,286.76120697293305,288.27622272271486,290.70830411673114,0.9234907597103542,1.1544014843978514,1.3827293317430838,1.6315241848305182,1.235468284703505,validation,strong_pi_negative
12025,0.2531226387211587,-0.6477603911356393,0.26829585733990347,1.2102699659915517,0.0,0.46239745437505375,0.13929028842179594,0.07728031158247618,0.010862628667815682,0.3101693169528585,284.1778446671065,285.7198775365103,287.08910782748205,288.4247272100184,290.40776873544496,1.1216384355366982,1.1225812165677465,1.232121736406948,1.3190523783751527,1.1565480147150753,train,strong_pi_negative
12026,0.07809544526437141,-0.6880518636147337,0.19701011605186705,1.5207702989004723,0.0,0.4859897876005521,0.046314207387469684,0.11344591058067277,0.0036249990418622995,0.35062509538944303,284.1883503560737,285.4400961738851,287.21182549037485,288.60687038469086,290.2472997485104,1.203669117251181,1.1647307597286896,1.1319341453582201,1.3653147042217895,1.1964869598645727,train,strong_pi_negative
12027,0.2592786927907233,-0.5276872279856355,0.40837313721499546,1.2076496086242785,0.0,0.583063707177038,0.0037825632618349553,0.0,0.18729528697658027,0.22585844258454663,284.30767701178814,285.8253539544502,287.50591166193817,288.3459340405138,290.7003239306258,0.9690535585246156,0.8064236409658253,0.958322285614704,1.0462332914000392,0.9853805282196121,train,strong_pi_negative
12028,0.5702800545933615,-0.9531751113698634,0.7819285841929089,1.5864510745472453,0.0,0.09981099201023516,0.5162642259547684,0.0,0.11783217911907022,0.2660926029159262,283.8416993548671,284.90542055696915,286.7368448437055,287.94312727977274,290.4038922814592,1.250072662323849,1.6230859120848695,1.2846973223336118,1.6017889238001262,1.581895254280518,validation,strong_pi_negative
12029,0.18234833700506656,-0.5889945331046995,0.19124677296734413,1.5402735197476631,0.0,0.6724117701596896,0.0,0.012995820291489416,0.07412547633792736,0.24046693321089369,284.2318715876992,285.6048344380022,287.0710288656345,288.4276233816054,290.406145243619,1.08729514045735,1.6059858090909347,1.27600325952292,1.488683020244341,1.2808271498421648,train,strong_pi_negative
12030,0.48262794300468437,-0.9444478762228261,0.25457254929138123,1.493477288809372,0.0,0.4360872700623999,0.0,0.042466775536455253,0.09105288687746299,0.43039306752368195,283.9764489991249,285.21243119208987,287.1019024068982,287.77663895294785,290.30150251197347,0.9123680895460409,0.8932649505023648,0.8287606908114901,1.016516795456614,1.1336432073391856,train,strong_pi_negative
12031,0.29838739424018496,-1.491587147432182,0.22116442950980864,1.124969474993349,0.0,0.6797661501640265,0.09443994857775467,0.039578299254559295,0.028573090838747334,0.15764251116491224,283.22292202160816,284.8208522003479,286.0866122076207,287.35462816701846,290.0752535528295,1.4198727955347976,1.4317674624600634,1.2446829048144128,1.337130810002091,1.5541875514029533,train,strong_pi_negative
12032,0.6161213709310287,-0.5572526564819311,1.096510194797113,1.6548146500684606,0.0,0.10799546594179255,0.0,0.3675246738307609,0.3494927604831761,0.17498709974427032,284.2603715454595,285.5077516507645,287.3049582666422,288.46624598976507,290.79170163398646,1.5074393096584406,1.3388315330868195,1.724835031686303,1.773445892131951,1.6976753585034454,train,strong_pi_negative
12033,0.47245349597815955,-0.7568885646446408,0.6522734161176895,1.2597913524409674,0.0,0.25328956558137516,0.0,0.3786303386011377,0.12182153875827587,0.24625855705921146,284.00102528778075,285.37943297748916,286.80803833244414,288.1220138011244,290.4747713017089,0.9928632383255941,0.9541595991739059,1.0973253896408195,0.8978818134118336,0.9625632301563223,train,strong_pi_negative
12034,0.11959708003132351,-0.8150814076980089,0.062135944896343207,1.4441122786587466,0.0,0.6734031614975255,0.012863100858223295,0.001986184645058941,0.008643329696530488,0.30310422330266173,283.937139096747,285.5539184761422,286.86869448051,288.4653733435084,290.37643153037146,1.0058594597595225,0.8797506501547527,0.8209465997279283,0.9342810669554746,1.051870684418241,train,strong_pi_negative
12035,0.5953975207594896,-0.8854724182551044,0.8047587056081754,1.325610195801164,0.0,0.18596182555620008,0.15264731183030308,0.28728153453089655,0.1674149296234879,0.2066943984591125,283.9003463211632,285.6432718182873,287.1223120292738,287.9911834050927,290.1727457158874,1.3752471838293678,0.9255978230870586,0.8161216745460377,1.1433970986714643,1.0927990795245885,test,strong_pi_negative
12036,0.212162177522686,-0.6556875767833015,0.4708775704956406,1.2250169017353334,0.0,0.4711490019702258,0.0,0.06787217499570089,0.18650269774996986,0.2744761252841034,284.05000162241663,285.47746526918206,287.0170722757454,288.0918837337077,290.5849889334739,1.1461249795655601,1.1001181060280525,1.1025632397963605,1.0685139689620096,0.9711342306187435,train,strong_pi_negative
12037,0.5392589807166279,-0.9762867256035261,0.8415401475219136,1.7397582259380402,0.0,0.21208905666619046,0.13851039875378773,0.32298309846688794,0.17502332515061897,0.1513941209625149,283.8219684542787,284.9768880761287,286.5333332349785,288.49193129474224,290.06466839796894,1.4545609753605588,1.8049727852109305,1.3323170358551286,1.402437293742145,1.973315638931892,train,strong_pi_negative
12038,0.6602339161216787,-0.5583758649786486,1.073873931094242,1.6631324816866422,0.0,0.0007594516756904878,0.4149512527750371,0.20438173869278187,0.21227046981321154,0.167637087043279,284.2554470219159,285.9274408461443,286.9030538145113,288.4741673769839,290.58745704083896,0.9232424209051397,0.8503709086684134,0.7745342071883349,0.9509384122980981,0.9541198421513748,test,strong_pi_negative
12039,0.6151661371099709,-0.6744697488482037,0.32046216152377044,1.188319237053479,0.0,0.44171797020885467,0.15448365698113228,0.0689941182790834,0.03349219313177738,0.30131206139915223,284.1845227448238,285.65348018926966,287.16873431496833,288.5129613310712,290.7952998546506,1.0216028861319801,1.1214579317183355,1.0146945038433686,1.1691914273394568,0.9941298318815508,train,strong_pi_negative
12040,0.32184071340018394,-0.8216036278507861,0.18730468918123627,1.104051959196347,0.0,0.5848072863100445,0.0711427695807867,0.05471992754276366,0.01572099602884295,0.2736090205375621,284.0605511278523,285.53698456728574,286.7985411403381,287.81318577162335,290.7893547676068,1.4121731962221582,1.3634533860622458,1.4642861790344754,1.4852224350331509,1.5534771818115851,test,strong_pi_negative
12041,0.7480983281746513,-1.2085293304290667,0.6190606375264112,1.1973034492362795,0.0,0.3193505777768118,0.11928819714175841,0.1365860523671649,0.16659319400874392,0.25818197870552095,283.4051576123204,284.80212680875906,286.5375858058273,287.8632269162627,289.4942319773634,1.0728802403123041,1.1657071241027162,1.1859162185150747,1.0933493874915026,1.1481368653186765,test,strong_pi_negative
12042,0.3666955894220836,-1.1419238281884496,0.4998021481178279,1.206636392273097,0.0,0.20506885685832085,0.1831838590742119,0.0936442624326637,0.09648701330547615,0.4216160083293275,283.54983178393786,285.1830589435077,286.60786853147886,288.11819457131696,290.10795030487867,0.9169959766492995,0.9577532209672796,1.0987881667101949,0.8552127292820625,0.9379939648786247,test,strong_pi_negative
12043,0.20333761551895682,-1.1961539590884973,0.5958816732700896,1.350515957156172,0.0,0.36279006265773805,0.15855407424209697,0.0,0.20366379951399632,0.27499206358616846,283.4697373186266,285.12985344817224,286.6391521870305,287.92316307885085,289.9875750277682,1.2453266437728727,1.2482374408792487,1.1696426503309925,1.1810786126602375,1.2770604632479454,train,strong_pi_negative
12044,0.7354177296561849,-1.3747606237492147,0.8160289089685034,1.4029860165426868,0.0,0.05995516892915892,0.6993774521772449,0.08665145679125853,0.0,0.15401592210233755,283.35695878811174,284.868483605895,286.02422920737865,287.5047034201938,289.8621589242097,1.4235432077896417,1.4240949383160688,1.5372445085924966,1.4881639942681495,1.0863306493602285,train,strong_pi_negative
12045,0.37521241087421314,-0.6995096162827643,0.40887321901679247,1.1011495802295221,0.0,0.30746837185400905,0.21382120263052834,0.16505201638626413,0.0,0.3136584091291985,284.1135706613827,285.65818851155404,287.0824494183405,288.0047577683464,290.2129877111447,1.425873044954929,1.4110845133294545,1.1043190720357021,1.4117590943413139,1.283312004255263,validation,strong_pi_negative
12046,0.4816250539718186,-1.1980435342051927,0.5495298224919813,1.7403177240237553,0.0,0.37425576568095337,0.11469362753607987,0.05028594676106029,0.17727512409742058,0.283489535924486,283.6093574601516,285.1498889375951,286.555628536411,288.0286502932862,289.76617569139194,1.5436150916927747,1.3845980240127542,1.3968181835618552,1.4700690329567407,1.3134957180886269,validation,strong_pi_negative
12047,0.5944985374647367,-0.673598753668462,0.8031313472158792,1.2658773042808635,0.0,0.19523219932970493,0.45623752307385357,0.008870963104745293,0.15401143051864014,0.18564788397305612,284.1392970549949,285.7278868004591,287.1130681606579,288.53980904764273,290.18010791555145,1.0670447861261172,1.4149837080411325,1.2597111837792017,1.319477244147913,1.410423565501271,validation,strong_pi_negative
12048,0.11128501321893428,-1.3834338332440521,0.20754362902231624,1.606928745576821,0.0,0.6301921202093269,0.16294346760053247,0.014589744706278563,5.208357752609426e-06,0.19226945912610954,283.3447337588398,284.7738073490815,286.35664317703987,287.51106946668085,289.8999849521804,1.3559326531004194,1.5398310299758877,1.261305221992042,1.6103470622087412,1.6193099279551653,train,strong_pi_negative
12049,0.4313576069206439,-0.7559610216547088,0.4889436006422341,1.2651470255252275,0.0,0.18660391032406493,0.0,0.019674712585543545,0.21963444402834525,0.5740869330620463,284.08270677685215,285.5239562132056,286.67079862051827,288.22117646193226,290.8646503310052,1.5659358561728918,1.3323976127618264,1.728199176188873,1.4774185576985976,1.6628038380167796,train,strong_pi_negative
12050,0.36620827293989117,-0.7647691332222366,0.2200491478700198,1.3798210862481772,0.0,0.4031699407835909,0.16934360292181092,0.020705544948208903,0.0,0.4067809113463893,284.12050033336334,285.38269085857655,286.98356906384913,288.50188053731006,290.3446059528384,1.1016015140727184,0.9649273271101233,1.0580955453124927,1.1231101277800275,1.182327547262275,train,strong_pi_negative
12051,0.38523462622386545,-1.3315195700509435,0.6909802282356273,1.3474691356863986,0.0,0.2399386627607437,0.28715073239099964,0.07279871296154632,0.15051539144154066,0.24959650044516965,283.4530526551329,285.0534352903412,286.08769220130745,287.37872134858475,289.57916948926834,1.2686624762720164,1.2837738087230126,1.409324172068098,1.426291329127854,1.255961428981128,test,strong_pi_negative
12052,0.45108642356179424,-1.1162010554764392,1.1632597398052367,1.67012447457892,0.0,0.12441851172803368,0.2143275164803851,0.049947137334427044,0.4344925429952122,0.1768142914619421,283.5810601191826,284.8904056136599,286.23514595836104,288.14936560666126,290.5568522965641,1.1142075529231321,1.0935159769086302,1.1772971356183517,1.0754121205309712,0.9840576518456593,train,strong_pi_negative
12053,0.20653543711893926,-0.8711416240687084,0.407629221142654,1.277805256357108,0.0,0.4642214615756234,0.0,0.1567842158615207,0.11042250264056666,0.2685718199222894,283.7435203539192,285.3803255875425,286.77956340846606,288.2763105610342,290.44054040639395,1.2689306113558771,1.589418523168787,1.2805567019236872,1.4324267508315742,1.2593055305173346,train,strong_pi_negative
12054,0.07545368907203207,-0.8132926071453328,0.12556059780241147,1.5043185719446575,0.0,0.7030700627653967,0.01157128609312805,0.08398912260910465,9.455008938601449e-08,0.20136943398228113,283.98597718695675,285.3791906431408,287.02522302364997,288.3263492395781,290.18596336823896,1.2232434828616174,1.2293618971701796,1.3939015090186992,1.3906684996598242,1.3974799168479508,validation,strong_pi_negative
12055,0.5105779153885952,-0.730751695037787,1.110310142554725,1.6627794404164813,0.0,0.17194019121745027,0.26109151486483784,0.0,0.40960931384494365,0.15735898007276836,284.1870300598064,285.3377763770408,287.03279468224804,288.4348004075961,290.0677455276096,0.886153187584527,0.8011602873923915,0.9513929805360667,0.8480417272360173,0.8973309950056249,train,strong_pi_negative
12056,0.5769457292431142,-0.8473574077437567,0.4142087569578553,1.1736636886427987,0.0,0.42600932399155195,0.21719232400348487,0.045961713876451996,0.06052735953895921,0.250309278589552,283.97366940591456,285.2634947868949,286.99544150244384,288.00653549540374,290.4020336162693,1.3968359418461511,1.570961127622642,1.6016522919465699,1.5267840775459771,1.4142620086053421,train,strong_pi_negative
12057,0.43985687811195573,-0.8186659676670303,0.34736931158110684,1.5072205350743033,0.0,0.5327310433940756,0.14062899194430242,0.0,0.08837015981840222,0.23826980484321958,283.9023273263921,285.4897897897575,286.8305987069427,288.1837841660628,290.13213459050445,1.4387621532120867,1.246195582510856,1.407951388055291,1.2798765487348969,1.3187349084383102,train,strong_pi_negative
12058,0.8022129735916994,-0.578921393267203,0.9087985757709207,1.6295834771127138,0.0,0.008059949398835123,0.26690707397199176,0.15289237257874846,0.22949956461009027,0.3426410394403345,284.19584539073895,285.6059649401008,287.1300304985747,288.54683577793423,290.5733857780366,1.23758718312252,1.1262971072641368,0.9814915355793447,1.0906426716578619,1.2327299056949064,train,strong_pi_negative
12059,0.2469777920347697,-0.5940548479556393,0.5732030678590844,1.4589094553370887,0.0,0.3220871082736147,0.12835897474817196,0.34004420377940003,0.03739994466575617,0.17210976853305704,284.1620170420859,285.4831433070835,287.0946008173165,288.57792608660924,290.986057586652,1.4683894770885264,1.4374218425170555,1.4325462765275692,1.4695762285206169,1.5114182769998754,train,strong_pi_negative
12060,0.6940738524269306,-1.0445333820090887,0.9479994372665383,1.1099532323071362,0.0,0.13019783450473366,0.28321188491839167,0.07737196262618833,0.2787077948609792,0.23051052308970724,283.9550009944796,285.230622578942,286.8975744757358,287.82075964110425,290.3611422372024,1.7083079751574362,1.646851747816491,1.7125096353672884,1.5714529043912853,1.5744797180965433,train,strong_pi_negative
12061,0.6649239689638873,-0.7807701868507824,0.41076556695920907,1.4860845619633252,0.0,0.4425102695309833,0.3090764759412775,0.07168909101793151,0.0,0.17672416350980766,283.93833432717054,285.50142889301503,286.76041367070934,288.2865433622858,290.1771299408699,0.8847640584553613,1.0446993981963721,0.9041247484422243,0.947681926577435,0.9076413072618016,train,strong_pi_negative
12062,0.5004230830622787,-0.6723629168609819,0.7080814139684117,1.1960111204565118,0.0,0.31498962954350185,0.10953345529853449,0.0,0.2842739793349386,0.29120293582302503,284.1120188031047,285.71931201528025,286.9870681854969,288.126457115242,290.9639670632826,1.128465444374937,1.5503046484662595,1.5445125999362774,1.5745798190326092,1.5001067077795505,train,strong_pi_negative
12063,0.15923617346600438,-1.2251126816823708,0.09417744646461654,1.5053552495314628,0.0,0.6382412142575924,0.021964790161210425,0.04221265630340612,0.0,0.2975813392777911,283.59442604115577,285.24533736716194,286.4724813848881,288.15669861645233,290.0343292382681,1.074459356021524,1.029953759830051,1.1580910479657593,0.9529692880356903,1.1353800139653698,test,strong_pi_negative
12064,0.25878773454394277,-0.8049616194604803,0.5634109124027,1.6799833813236087,0.0,0.12617924951352383,0.2605125574401279,0.037355484153574356,0.11777143540449883,0.4581812734882751,284.1320860967139,285.59065568111976,287.1866784774575,288.322043557743,290.4658331667151,1.1385431482467356,1.056750378794984,1.1535780553225439,1.1432898114814947,0.8913690605177671,train,strong_pi_negative
12065,0.7736721757532123,-1.414258245955534,1.100976710516869,1.6123114252845525,0.0,0.07520225314663148,0.12901151200163005,0.22735932769737024,0.3573029354089344,0.21112397174543387,283.55421848436174,284.9088848884785,286.30715487263507,287.31941152285293,289.66984658090524,1.3971008918867165,1.2572838630724288,1.250158012541319,1.422458010414099,1.199442797669695,train,strong_pi_negative
12066,0.10932261060651652,-0.524227986874001,0.12127192788176044,1.619871150878905,0.0,0.3632602488019839,0.08293741526095422,0.008334512620806228,0.0,0.5454678233162557,284.10407023489444,285.609730452635,287.4462258983786,288.50160036971766,290.684270682351,1.6029227466232872,1.4589860773277081,1.3677960394992268,1.416214279994817,1.3963275346109172,validation,strong_pi_negative
12067,0.38085618390565806,-0.5970698987297705,0.4913240093243987,1.4159317516245515,0.0,0.39469643388308556,0.14570092737724902,0.26622653142739605,0.024698275259876803,0.1686778320523924,284.15175285461964,285.88698934711863,287.46940305386795,288.87625738216366,290.7313365112777,0.8684345144467084,0.8201602947185701,0.9169689483185146,1.0161706110635278,0.863217720122177,train,strong_pi_negative
12068,0.3332424840356436,-1.1738049869056466,0.4666241461001883,1.4381076814836653,0.0,0.4148090830388474,0.13039724141653072,0.11490039948957227,0.09566325259704268,0.24423002345800687,283.7442306744618,285.0278810074413,286.5823089486586,287.78570519103727,289.9468795536614,0.9603831202370509,0.8937318217089527,0.9021928880783381,0.8631059193914881,0.820854692165117,validation,strong_pi_negative
12069,0.30924806536486676,-1.2576547620571152,0.6036214397291603,1.5781687950092422,0.0,0.40389922851672866,0.24213534268469705,0.005691873158010389,0.1628971119432264,0.18537644369733738,283.4913487384893,284.97685496591976,286.52401806916083,287.8645667410329,289.79484431031983,1.6370958101786193,1.9059268404571228,1.6583363388410572,1.7019625597730288,1.6037803714482852,test,strong_pi_negative
12070,0.11738616617139645,-1.4345605594638697,0.13569577792210627,1.1209152121024109,0.0,0.7625140404574431,0.055944420832420204,0.0,0.024875678544843027,0.1566658601652936,283.2206975506934,284.82325219736725,286.2515048521808,287.9119241178632,289.11547808698094,1.1617443179781242,1.1640079027190182,1.2374611769663522,0.865759195739866,1.206170478719758,train,strong_pi_negative
12071,0.5731040915721917,-0.9422172111133289,0.6169174926459915,1.68708107274345,0.0,0.2618216700716193,0.40489686672682507,0.02402687278949259,0.07899687656483693,0.23025771384722635,283.78296581578456,285.18178989416236,286.93704788943876,287.9052874623846,290.0275267195822,1.176935997580641,1.3290254753834874,1.0479588380586153,1.1588780238969048,1.2615806024252243,train,strong_pi_negative
12072,0.2455565718327595,-1.201302803183732,0.29353784660423554,1.5976911607015571,0.0,0.5223723336855424,0.22011993860790943,0.016936338702125516,0.013240784647100294,0.22733060435732247,283.54857563254285,284.898917409191,286.5966167898563,288.0544278067613,290.1732062186821,1.4253686499837517,1.568702794999231,1.4855560020816139,1.3520373153510556,1.3883720691127792,train,strong_pi_negative
12073,0.3113369774909276,-0.7966116655540181,0.6470435854817101,1.1302107426862649,0.0,0.07520530668598369,0.44091922316047844,0.17063293413526487,0.0027457140929834614,0.3104968219252897,284.1197787897615,285.3580639821637,286.9711928369753,288.40117087438927,290.64210858247856,1.0685489560680095,1.3674583329910137,1.0641861688487628,1.3305692408971694,1.1647899745268684,train,strong_pi_negative
12074,0.9402162177548715,-1.0312588605422026,0.7849867405296649,1.3300510055806312,0.0,0.13228350565284375,0.32652326621835254,0.1416039240290044,0.14342977514115396,0.2561595289586453,283.7809535264841,285.22330258243466,286.9427774503679,288.1744811076959,290.3894946610681,0.9728911691401797,1.0342673177564474,1.007723303434332,0.9232883100445229,0.9680730668968349,train,strong_pi_negative
12075,0.0926503828643692,-0.5704047749868657,0.25103333864285976,1.2939098110689207,0.0,0.6116390548086272,0.04748291014684935,0.1735504284960104,0.0,0.16732760654851309,284.12063382435804,285.71701506952536,286.99593503925956,288.3031937142248,290.6286845857334,1.1482686960494213,1.323772886857924,1.4514962187851974,1.1729823344729622,1.2866127809376229,train,strong_pi_negative
12076,0.2071008437565244,-0.9476246978949088,0.36689634035492813,1.6571006300876157,0.0,0.4426608394800976,0.1614980129961661,0.17539832735876207,0.0,0.22044282016497424,283.8479746814945,285.22959451364,286.5236784270822,288.4221493255096,290.76712347701795,1.1076338595238207,1.0241921655267132,0.9732803868974087,0.8443136346715662,0.9598851486764044,test,strong_pi_negative
12077,0.6655920878070015,-0.5936577904338951,0.5725999335545875,1.1959343301115195,0.0,0.29663131925331027,0.243854811158646,0.2987451223959415,0.0,0.16076874719210227,284.2541105319266,285.5159107390628,287.183349531075,288.452950122124,290.4940251481913,1.1756039346529905,1.3670461175309845,1.2203026880964336,1.1994174079980178,1.1883797374086889,train,strong_pi_negative
12078,0.7144608660027414,-1.1030167055891584,0.6365113212735998,1.6586047781009812,0.0,0.4760449331423808,0.0,0.02852126388778453,0.2889950286929076,0.20643877427692714,283.65649644528287,285.2533521143428,286.38917017355413,287.7707521914729,290.5239853824921,1.5228793279989545,1.3392948530075686,1.2354039240324364,1.3891532829831397,1.1655121918661369,train,strong_pi_negative
12079,0.42324989622553316,-1.2497973400851166,0.5073486120208233,1.106210183960503,0.0,0.45289602489213315,0.23887252422844235,0.0,0.11923804389619046,0.188993406983234,283.4070525138378,285.2248363262129,286.4619177243942,287.60714417399373,289.72389101700526,1.2040391556828336,1.1995289179368374,1.3172782011782849,1.1852860675490349,1.2985131281061446,validation,strong_pi_negative
12080,0.442182084848559,-0.5123016124059618,0.6505718898002144,1.5511095721488593,0.0,0.24381521290779834,0.0,0.5168401857568505,0.05186585202168191,0.1874787493136692,284.2438208042693,285.5797754803533,286.9957924682951,288.5008960675622,290.824472079224,1.4707491641517467,1.4493917902408147,1.5266505837661692,1.5175709958478711,1.5310964586198714,train,strong_pi_negative
12081,0.27067050602594317,-1.1390937290187924,0.2880414126741839,1.7344479151715284,0.0,0.5528845418682307,0.1508755890139561,0.10408650840793907,0.0015396576261443996,0.19061370308372985,283.58594442486975,285.3604984481304,286.63707049271335,287.7640651359115,290.341506588951,1.4086666534648793,1.4569879110033956,1.1948767573945558,1.447486328112666,1.2976195548678386,train,strong_pi_negative
12082,0.28048801626628905,-1.018215150689307,0.6799718677225073,1.347492373233519,0.0,0.4745593273845488,0.014998020302933861,0.0,0.3174869237097867,0.1929557286027308,283.7795415266941,285.32186988659504,286.69553602239705,287.8463250891482,290.2358564070141,1.5091650705791333,1.4097802061546747,1.514451193173561,1.2434885891805056,1.333111694918655,train,strong_pi_negative
12083,0.17195462649651386,-1.4287636893405735,0.23926881032519992,1.247700568280847,0.0,0.6519619849282839,0.07095505119434074,0.10699442429981093,0.015659667415524135,0.15442887216204038,283.2908016271256,285.04009682608665,286.6586702796968,287.6882583267653,289.84184946689084,1.0101941136362786,1.0235985791094926,0.97986020761996,0.9468020832665446,0.9360981630863888,train,strong_pi_negative
12084,0.6658872092367227,-0.602540203482806,0.6381023923698952,1.607876118719203,0.0,0.08697628478943732,0.06233412893971442,0.38869471503065817,0.07853677419976131,0.3834580970404288,284.21685732533405,285.4803898781747,287.23537889121684,288.1869488981346,291.2789097754694,1.1244201783254208,1.2792743514294869,1.2007125339249123,1.3056141523337572,1.1360587942416096,train,strong_pi_negative
12085,0.7169753437804315,-1.076369176204362,0.8604159784718801,1.3217307982058952,0.0,0.13343110148763493,0.0,0.13059686348239105,0.3499095574947445,0.3860624775352296,283.8160334006808,285.3846998359218,286.6293227565255,288.220569002312,290.1174874392019,1.5254427394601715,1.6157109038972326,1.5107071965722174,1.5500632037234188,1.7686058931880202,validation,strong_pi_negative
12086,0.8443275901344276,-1.3866331606871776,0.9417244369992904,1.6419622736032633,0.0,0.16486442158998882,0.3196621689004213,0.09399530579476868,0.2490334811520502,0.17244462256277088,283.4444168345626,284.8266767611446,286.3142984610765,287.85389925546093,289.47304311851997,1.345810272921019,1.3120373594744477,1.2082958563081851,1.3719601545648676,1.3750546093246816,test,strong_pi_negative
12087,0.1835182271593138,-1.4745710587210494,0.43419388856172625,1.3419140361202941,0.0,0.355444824687114,0.20550730870876407,0.1986865798529622,0.0,0.24036128675115978,283.31220464037654,284.7888384056802,286.24564051137236,287.51879897940415,289.45153677776415,1.8295340691537105,1.7283594886865954,1.7600038367145674,1.528366908332244,1.8121609431510668,test,strong_pi_negative
12088,0.7798294142153027,-1.2161358508803737,0.8517076348637925,1.5536239883592193,0.0,0.072318791098454,0.31942652977283104,0.11295449579522411,0.19466330464786868,0.30063687868562233,283.55096374530183,284.884354307767,286.5638592332135,287.8623718001058,290.0892561676546,1.1761972106075,1.2562552307371306,1.2173654914442205,1.3560780824198038,1.1615988339491252,test,strong_pi_negative
12089,0.18079177071576188,-1.0261038611936861,0.8580790650395632,1.1823366565403115,0.0,0.33663223237302925,0.14459214105057552,0.040262097780771076,0.3216124131041083,0.15690111569151585,283.7999671259661,285.36570220182284,286.7631603943888,288.2671679476615,289.8696562031559,0.9082517662030604,0.9576546683494478,0.8428286335740682,1.0667121959529433,1.2714774114817802,train,strong_pi_negative
12090,0.5545211720556775,-0.7544069057394731,0.46277273541913105,1.129656094477409,0.0,0.34779298898724254,0.13401638671584712,0.0,0.14937817435164197,0.3688124499452684,284.09498844020504,285.5187997903288,286.65787981263594,288.23178493542974,290.0753583162871,1.7114579924477977,1.734748884672529,1.8074412684626344,1.3659994791843824,1.9784544177001788,train,strong_pi_negative
12091,0.5564737297987601,-1.0600987925408547,0.7271082576035504,1.4287410208078897,0.0,0.17877921675383276,0.32141533762621044,0.1352793329526427,0.1202067935123486,0.24431931915496555,283.7299557786045,285.20611071292143,286.91268648433487,288.3540822294518,289.7949627642198,1.5617063477641742,1.4853865945086173,1.5158264128144863,1.2793239656905049,1.5757872597350047,test,strong_pi_negative
12092,0.03769614938552043,-1.3209757971540728,0.42687575983775056,1.2075852933103104,0.0,0.4787667962731284,0.0,0.05962684710734487,0.16862445636520285,0.2929819002543238,283.2338288601394,284.8051287776102,286.3172192923198,287.62283856133917,289.7130467039309,1.070798269926513,1.1112628253060128,1.251319537828186,0.9980639612395709,1.2481615473285386,test,strong_pi_negative
12093,0.9039940605273814,-1.1807591286610575,0.7448705909103894,1.393999523025308,0.0,0.053359380877384614,0.19097979141537494,0.2872517198704699,0.11831953981227225,0.35008956802449814,283.63703570718303,285.07456958042354,286.39276931908927,287.98755471418116,290.016972705489,1.0484451199739904,1.198975566025036,1.124547931854323,1.130361117394199,1.046624796245698,validation,strong_pi_negative
12094,0.2219051655641373,-1.1273070464035282,0.3186355112982785,1.394081070633121,0.0,0.523883658767199,0.2437475737298639,0.0,0.02244396878420728,0.20992479871872982,283.74651841742207,285.0404692189409,286.89501654520967,287.68545345063166,290.1477813257012,1.1668291079645792,1.082146634045666,1.0759582356840496,1.21686892909606,0.9868948788979204,validation,strong_pi_negative
12095,0.7509322783456629,-1.2661740057534194,0.7211631855298924,1.2623559045113972,0.0,0.024778220743368096,0.5273737944821828,0.0,0.08189469552385482,0.36595328925059445,283.63966962833007,285.274057494981,286.1774286729649,287.85054888388305,290.0045991126199,1.436632405130188,1.5245102393903183,1.3147590206012425,1.4687160193736772,1.3511059146767368,train,strong_pi_negative
12096,0.27868318241135615,-0.9532966805328198,0.20496190523256108,1.417157771325652,0.0,0.624300901973652,0.12649443158911466,0.048467473643446404,0.0,0.2007371927937869,283.8375951932727,285.3219998100345,286.7268580837719,288.2355315524393,290.0779081992621,1.330968398902392,1.804275897288259,1.607519587379117,1.3883010498157848,1.509499758967463,test,strong_pi_negative
12097,0.05450606998911181,-1.475696889792471,0.2750835884142714,1.2234846424275092,0.0,0.5760867519161611,0.20339398033726214,0.041689608077009235,0.0,0.17882965966956746,283.16318323330574,284.6476599490946,285.9849497722671,287.74743888773105,289.62795223849776,1.6609335069658944,1.2962577576142493,1.5947834477992833,1.4262619808802501,1.4364411353878417,train,strong_pi_negative
12098,0.7536358226476576,-0.5007347099224342,1.06284956642567,1.2511456310719262,0.0,0.07662635269263868,0.37303949395113745,0.12475272877780012,0.26752867184836626,0.15805275273005753,284.1163845530328,285.83748587127434,287.45237618260427,288.7108588329454,290.3445587589043,1.525513741621039,1.4988914317243962,1.4808675100553286,1.378010405653264,1.515092064886563,test,strong_pi_negative
12099,0.6889115727850976,-0.5605942482333761,0.6321259653075201,1.5685026792521046,0.0,0.2052129133755706,0.0,0.1893968929478269,0.2063645361798466,0.399025657496756,284.290546951812,285.73506840276934,287.4790370770477,288.6179033322314,290.69240653401863,1.1136653140115427,1.4403422187499098,1.2426766234039097,1.1268101574118619,1.2692701948182503,train,strong_pi_negative
12100,0.33645689954348235,-1.3633436338828009,0.39059838578809786,1.4574027133364775,0.0,0.4705360407479733,0.20927785286700692,0.15121910110335632,5.071590886732e-05,0.16891628937279615,283.27278506572367,285.0007408331456,286.18707643759603,287.7082483124845,290.12032433679985,1.5900647380659463,1.7656434190023942,1.7536517807226923,1.3282609207888791,1.3855527539445864,train,strong_pi_negative
12101,0.5182917475416057,-1.3295994433083371,0.8541250121104014,1.4766463971306922,0.0,0.09790220949957047,0.19726276027276546,0.3849632465476995,0.12094950264496823,0.1989222810349964,283.4099175240469,285.0878902196866,286.67786429306784,287.9767926546228,290.1941185099938,1.1085347905906213,1.0086388477642447,0.8376990059050956,1.1786808637138326,1.053314438157653,test,strong_pi_negative
12102,0.24827591215653885,-1.1394370934087248,0.4273895869494279,1.1439716454940696,0.0,0.5929533261026518,0.039805332516713074,0.0,0.17879212721635743,0.1884492141642776,283.68667734124836,285.5415923839269,286.6401110877096,287.8042330697136,290.55513208023535,0.9367833094314366,1.2606147688925737,1.2097852667829756,0.992470560862264,1.1372318376000758,train,strong_pi_negative
12103,0.5121584831120987,-1.1285159205870365,0.9573941729266755,1.5582818610533518,0.0,0.11070079781769285,0.10806363641513313,0.28321461771515555,0.26805795939819343,0.229962988653825,283.8077460304058,285.17589594732675,286.4340165666978,288.04068958029734,290.21806314901465,1.1662509416114015,1.3925542053925277,1.3520286292036259,1.4162558381817565,1.3252573209289293,validation,strong_pi_negative
12104,0.5108902848586437,-1.089103545770886,0.3964237906307062,1.4753867128819107,0.0,0.3873633493115724,0.1960058992014036,0.16993795996974767,0.00023996572977746087,0.24645282578749886,283.66213432164926,285.21203002144125,286.6379743009904,288.1395429220536,289.74339782564556,1.1432381824353077,1.2832454088123375,1.2609111048428612,1.1626309884881045,1.3432840844572478,test,strong_pi_negative
12105,0.40085417095566483,-0.8209106622498088,0.5263037111533488,1.5636359176862986,0.0,0.3235903665820317,0.06555943849822714,0.2723795819470348,0.07918234535404346,0.2592882676186631,283.8577962084822,284.9949104967123,286.7158071858743,288.56051216776524,290.5221422212523,0.9325329183055542,0.9235989678449953,0.9520832947055666,1.176373168154003,1.0923511384655031,train,strong_pi_negative
12106,0.22644357737447443,-0.7987061365438914,0.33473581375479555,1.4352526370954788,0.0,0.6025637032401155,0.02583755623320517,0.10536522057257076,0.08676651847450981,0.1794670014795987,284.014528289607,285.6337050563075,286.9189247051,288.2061741460843,290.2549122212238,1.1408160098023594,1.050542540835895,1.1198005637090926,0.9454784481407146,1.0507330924799436,train,strong_pi_negative
12107,0.7946987566371043,-0.9707043738720027,0.8336197572624742,1.577350641579849,0.0,0.11231453570918673,0.383425924785699,0.08872844225862148,0.16573269510907682,0.24979840213741591,283.9467406522376,284.9981629153245,287.0729513291553,287.79806399752755,290.2450003755967,1.1845402103740457,1.1479473740116712,1.2819178090540424,1.1276347375034577,1.261938149618817,train,strong_pi_negative
12108,0.5308039543813796,-0.9965825264509753,0.5884934065337883,1.5690287118520116,0.0,0.24456078760727593,0.09319354503891612,0.0,0.2326499307474361,0.42959573660637185,283.8099897617001,285.54508214373686,286.66311559718696,288.008779022505,290.47918633589734,0.908532102888818,0.9968719193262336,1.0027281077282222,1.12235290689048,0.8384718003156427,test,strong_pi_negative
12109,0.7498775930082507,-0.6311462915074522,0.5029317330481222,1.5224317727614085,0.0,0.0585463977581227,0.2657866700096428,0.20714506303847943,0.0,0.4685218691937552,284.16395267467624,285.74156116121594,287.0154358552202,288.90818303030477,290.4124556799089,1.1892133172280506,1.0879920730219512,1.30152294689193,1.0694854745070568,1.049705485420676,train,strong_pi_negative
12110,0.5559862601989133,-0.5404257081092685,0.5858501033695848,1.6267290303221527,0.0,0.28201247286958797,0.0,0.356421241145974,0.0997144311118054,0.2618518548726325,284.29173659053856,285.68877456236714,287.63241660447767,288.26899035960054,290.58069134847005,1.890213356792454,1.4028010987527626,1.5507980174973077,1.6313564823277935,1.5892605987760018,train,strong_pi_negative
12111,0.02496063721439184,-1.4621301937441498,0.39079286016470105,1.5849519036320676,0.0,0.530798554759265,0.1946510765983735,3.953242434863393e-06,0.08306891516194637,0.19147750023798027,283.312221325068,284.8309217323418,286.4067095264734,287.54550603370166,289.8199464876861,1.049092075849726,1.1730668456314435,1.1766546990153999,1.2005843518934285,0.9614779565667784,train,strong_pi_negative
12112,0.39101156511269053,-0.9500132075545791,0.2632677394905214,1.7201545757386345,0.0,0.5724466920830095,0.20175180046123298,0.031515939029288426,0.0,0.19428556842646919,283.7423446992804,285.0857866379301,286.80735334446393,288.0246892269524,290.2377436456764,0.9275884387150357,0.9177125688438766,0.9031681691201263,0.9255048899593391,1.0091214655061855,train,strong_pi_negative
12113,0.3564627753367948,-1.0196157641631767,0.5861829708358075,1.4178907920572752,0.0,0.32821066412150335,0.19984797291809764,0.009729993770852624,0.17330250207342862,0.28890886711611785,283.697992417642,285.3413350335369,286.66362559450255,288.0294045010066,290.1503662888548,1.5900607791911379,1.5484149162108787,1.3471736694127916,1.4667588388965078,1.3795839720635106,test,strong_pi_negative
12114,0.02144421897695374,-1.2643047030535142,0.3931993556654494,1.5819467231274469,0.0,0.3271993838499557,0.05196178457076785,0.12854896945160915,0.0913443008215362,0.4009455613061311,283.52672105839855,284.87325493171784,286.70113331448545,287.9767094719614,290.11098956503963,1.191441673244613,1.0314337528656858,1.3004433945883749,1.1431954300023526,1.1061568868861158,train,strong_pi_negative
12115,0.25592168907726326,-1.0420902994460346,0.49727449199161744,1.4122950247466026,0.0,0.2640040192708154,0.19012019863894636,2.292314605712554e-05,0.13856568510330697,0.4072871738408742,283.7629740204415,285.3157116695396,287.00108791646306,287.8854153974434,290.2154109362327,0.9521617661997143,0.9735398206900449,0.9408178990022867,0.9245885956934077,0.910004172260983,train,strong_pi_negative
12116,0.2841735465841978,-0.568911482093065,0.2094409551552824,1.748377534939473,0.0,0.47554246049560306,0.03968641194510511,0.02622035528864666,0.05676709396076532,0.4017836783098798,284.22384018472616,285.6803592773647,287.17647038306717,288.589347417318,291.052356019531,1.4300502955071,1.4570029468162284,1.5566831133167172,1.6124914621948725,1.2835040034111744,train,strong_pi_negative
12117,0.32466080662035457,-0.507947886658668,0.3157462582512742,1.345098714668492,0.0,0.5843098242919953,0.062090503611412065,0.08654184371675479,0.06855695546155367,0.1985008729182841,284.357256875263,285.5718921875822,287.5316700091096,288.2663420903777,290.4625040073914,1.4659491515126668,1.3111175711745326,1.6113771900007836,1.6097857189795601,1.513044642718303,train,strong_pi_negative
12118,0.37847594357445596,-1.2734854552209134,0.5210013539970945,1.4973522666317307,0.0,0.34700598107387215,0.0,0.02608312470000114,0.23245911464854668,0.3944517795775799,283.5410619078037,285.1731683892773,286.43049740298517,287.6622693094579,290.0976753023368,1.378020570207908,1.2856312223770776,1.206743592656126,1.2670930059980452,1.20921165864656,train,strong_pi_negative
12119,0.4736401710381134,-0.9082900495689787,0.7623454434572645,1.2979981817472444,0.0,0.2486441011053884,0.32573593643763377,0.0,0.20330475350981536,0.22231520894716253,283.99445758321696,285.016191423676,286.72901579945784,288.0081092327307,290.1755210798704,1.3815870419514653,1.1637853616159755,1.4564997643533895,1.1410064484267342,1.1698230335078375,train,strong_pi_negative
12120,0.22179266625048674,-0.8999703001864532,0.6648588859841912,1.3711191788666357,0.0,0.3323856407984519,0.0,0.041961697490111305,0.29644859424703995,0.32920406746439673,283.91688890072044,285.34866049708427,286.97077386170696,288.18536868451645,290.0236723311821,1.0823059389186391,1.1477090787266704,1.105828135726934,1.180244837652788,1.1214292176801546,train,strong_pi_negative
12121,0.4385156855966028,-1.3234470956428588,0.7893403338435291,1.4056422482084383,0.0,0.21717414617394196,0.34781402197830597,0.1157443436698763,0.14789098409767343,0.17137650408020225,283.45495178247035,284.94112427722,286.54761579802886,287.78928556937854,290.31907387946114,1.301096199018525,1.7344358927839931,1.4514635932010165,1.4290896441982217,1.2697930001192046,test,strong_pi_negative
12122,0.5439792232594636,-1.490807410220298,0.49196293109304534,1.5562118693524478,0.0,0.11742433965109803,0.2840988922227864,0.0,0.08893201943512946,0.5095447486909861,283.35796602396897,284.93916297404354,286.1135889106608,287.56285671366817,289.6461364868348,1.1726990857833048,0.9449761723758869,1.1699685148432462,0.9623870465312169,1.1126559229061501,train,strong_pi_negative
12123,0.7016158336666798,-0.576430300645419,0.9128229621923538,1.5385121179037022,0.0,0.06926151959307755,0.3850521083791845,0.0,0.24888542690658463,0.2968009451211535,284.29365806185,285.84458527579585,287.0786848719913,288.4994169952553,290.521728871279,1.1238729044934868,1.2405438014162833,1.1570294883716075,1.2012710911540543,1.5733400242767086,train,strong_pi_negative
12124,0.670376561583412,-0.8478094168230146,0.43555762204202453,1.5686384518521537,0.0,0.4977130718296142,0.08242301210289958,0.15320967356014284,0.08496246818949103,0.18169177431785236,283.7049335013452,285.3050137947649,287.1467243817107,288.0077890198099,290.5797683430652,1.1161386263958433,1.0070686622950689,1.239302642739191,1.3330341946640687,1.0822182103568554,validation,strong_pi_negative
12125,0.48426687587587963,-0.8372589909361863,0.5387547315115708,1.680862059147535,0.0,0.36968720896209745,0.18828921409685698,0.2069236824847422,0.056770917464985825,0.17832897699131742,284.0452998656337,285.33207434286663,286.7577396051544,288.1585420720917,290.0990120170973,1.1863132511487577,1.4663369367523105,1.3210922686987974,1.057787718436652,1.2571694377402651,train,strong_pi_negative
12126,0.06263503452177321,-0.9184207790319703,0.3323154242964767,1.6625149429010209,0.0,0.5076431216872763,0.2057693776663129,0.0037176198781780274,0.046414213375992885,0.23645566739223992,283.67090197443116,285.48758214857037,286.8483470363842,288.292509694614,290.4804347493989,1.1605888867453895,1.154981542760664,1.1207484470777491,1.0745877029451179,1.0607090340380927,train,strong_pi_negative
12127,0.2638576008438596,-0.724606361558517,0.19302484903288575,1.7478579791533275,0.0,0.4692997195592897,0.029422274697879582,0.13360257433500616,0.0,0.3676754314078245,284.1055943126406,285.34043296528273,286.8976089522179,288.19878983162687,290.20230219728467,1.1977100991186467,1.3958291857027254,1.329159192136885,1.3444178075046906,1.8063029741391525,train,strong_pi_negative
12128,0.3854867290525306,-0.8893251898472978,0.5775857355731606,1.4759033962913852,0.0,0.4715793673583447,0.0,0.04355798222796045,0.25201387667260006,0.23284877374109475,284.06484164169456,285.1375236298218,286.8811798809453,288.18398148793955,290.34207337676185,1.468128709999234,1.4321167825171341,1.6455258171463412,1.5390332670623477,1.2055605354047507,test,strong_pi_negative
12129,0.2512691445251053,-0.9762033172522466,0.37648531434639254,1.5788200991556325,0.0,0.5749874117255027,0.18520074435650288,0.004694576247710728,0.07829499687108947,0.15682227079919422,283.47020388660155,285.1558417131519,287.0957288079039,287.78301280294943,289.8034025526177,1.2261859232766779,1.1815910629474715,1.0564787941844682,1.0890078546076705,1.3693041667837442,validation,strong_pi_negative
12130,0.6498674349439028,-1.1593676095603538,1.1471473364912814,1.6959243887769115,0.0,0.04255127674334985,0.0,0.18373234816328193,0.4667074941639997,0.30700888092936846,283.70853625414463,284.9461432081387,286.5338869054053,287.91084643422624,290.3170400156648,1.4021445311026166,1.64447652691166,1.5073609124530452,1.3425735030753627,1.3119926290484174,train,strong_pi_negative
12131,0.7690582374803214,-0.8557902470128766,0.8881851351113614,1.4616605388381192,0.0,0.132595365193027,0.48757891812060916,0.06588078766209345,0.15236271466432935,0.16158221435994105,283.86163466352934,285.39352318339394,287.0386075892234,288.3073746557833,290.13774910087477,1.582600049765021,1.5085688085826396,1.6818557510614676,1.4439583987105273,1.5299348897931901,train,strong_pi_negative
12132,0.18952068543771525,-0.5911190218755746,0.7574378253302224,1.5695888660817219,0.0,0.2809587353515375,0.12055846661935127,0.28015925575081474,0.1633600514800282,0.1549634907982684,284.220468023241,285.7675026274123,287.139576267854,288.3077671987428,290.6256780591695,1.0163730375550901,1.2175243333138286,1.3871491999369203,1.1689167428213647,1.190520462339717,train,strong_pi_negative
12133,0.9389581123485828,-0.5288329639857641,0.8327471610381577,1.2373527328181675,0.0,0.0005303981557872228,0.33400288049741084,0.4687442805407469,0.0,0.19672244080605497,284.2128076352482,285.51174776550147,287.1533695051615,288.6341732053363,290.70972285251514,1.3344176836457433,1.3680313063073475,1.136998122951465,1.1134494856221995,1.246748342580238,train,strong_pi_negative
12134,0.4054100541027871,-0.6410419417610398,0.3966165663259688,1.3311889177783462,0.0,0.11719309763794747,0.2528604524283247,0.11375611389764413,0.0,0.5161903360360838,284.27264498136554,285.5973422478338,287.607510060055,288.34923134283497,290.36234731714137,1.6499671065646686,1.3342544497213606,1.612754983353486,1.343490880804677,1.6425502209060874,validation,strong_pi_negative
12135,0.2841317842695598,-1.2519048890381619,0.49315583270681573,1.3682306481436246,0.0,0.43108538009951747,0.18930161756170777,0.02781176277267333,0.12302122618621733,0.2287800133798842,283.4335355082846,285.0050401657086,286.6872452795146,287.90736387983,290.5725243985369,1.1437172995997718,1.1119657848535807,1.200294590830737,1.2249898747315326,1.368010625391168,train,strong_pi_negative
12136,0.5857029142857062,-1.4647009547477405,0.3390953833887758,1.5446261628307512,0.0,0.20908165083284197,0.28881689936864224,0.020278484020133585,0.0,0.48182296577838246,283.32750718747474,284.80848254221763,286.0377114602389,287.42348475631553,289.54249896545025,1.4631106620497185,1.0405497930285903,1.117737318226703,1.0925682816974753,1.0962503142747064,test,strong_pi_negative
12137,0.3416432569368569,-0.886455650754006,0.48400985036611577,1.1439255261396153,0.0,0.3059352679665593,0.19844544495772198,0.06111369522367042,0.0972253550923617,0.3372802367596866,284.1012724743608,285.5056137623894,287.2588440967669,288.0957890046464,290.65703843834723,1.4602798181832002,1.3940810684121112,1.393437234557628,1.369644831177682,1.4120179343450034,train,strong_pi_negative
12138,0.5602700394580804,-0.8081713168741418,0.7018009228474182,1.691285064168811,0.0,0.14990107239801542,0.33586978552652785,0.0,0.1679655686604452,0.3462635734150115,283.97345001389374,285.3463611127251,287.0478732801459,288.17674352920426,290.85854105694693,1.5828064058504019,1.4749729303471377,1.7215372576111454,1.8912577010493885,1.3355751251353833,train,strong_pi_negative
12139,0.5078214679306193,-0.5669403027812812,0.2806701396023481,1.347259819455127,0.0,0.2554960366103479,0.1302783779312281,0.0,0.060195880835559996,0.5540297046228638,284.2369677618768,285.86603549607577,287.10544801878274,288.31778231088094,290.76388392442976,1.3640939505667415,1.3095704230907694,1.6130223022278625,1.4777015301373304,1.1080223162444784,test,strong_pi_negative
12140,0.6033698143147144,-1.2436533519820037,0.6524607857730459,1.5347140819452365,0.0,0.143992647046104,0.14608078862269747,0.47637999715034846,0.0,0.2335465671808501,283.4865189560978,284.89503962509804,286.5449179233013,287.8229062439328,289.6610412980127,1.4491240705846946,1.5428728975800552,1.1419449507856858,1.4617727703357064,1.4277632786039627,validation,strong_pi_negative
12141,0.7167813784900157,-1.044461128357152,0.5360205466414553,1.1318835354211727,0.0,0.2893809016044979,0.13093783709526677,0.2406384907646079,0.0672221093907903,0.27182066114483705,283.85416882241697,285.016119688884,286.6543450103486,287.92249149898885,290.335842378793,0.862354129724275,1.0784941367778267,1.1650340896907563,1.0259496005341084,1.063551155059669,train,strong_pi_negative
12142,0.22095965960763106,-0.759758171825121,0.31040800247424305,1.1043554937503122,0.0,0.47369571818342904,0.0,0.1284401344976546,0.07598393398829424,0.32188021333062217,284.0620288703418,285.3613657577458,286.8910385387771,288.16959530100223,290.5100002590192,1.43406832209982,1.291888648761321,1.3857027331789737,1.5272803193275075,1.1415190458896112,train,strong_pi_negative
12143,0.4027092353953712,-0.6894459119323932,0.5038433399834834,1.499877413793297,0.0,0.33647244225644246,0.17594413745864587,0.14272510636196462,0.07758704808143646,0.2672712658415106,284.15579979635805,285.5875509954907,287.0371641877592,288.0704249387708,290.42444177953706,1.0799451483943745,0.9688737475977189,1.0925763096930263,1.0932500016866904,1.1376444366584195,train,strong_pi_negative
12144,0.49451707341418866,-1.4254022526371175,0.9818311187590927,1.4348840170144523,0.0,0.11865607655583837,0.46268488850977196,0.0,0.24457311512466035,0.1740859198097292,283.3144069286978,284.8489783255747,286.1553673173504,287.58366865651664,289.4231544809958,1.5396120601010541,1.3190604624668207,1.6177875917246698,1.8083285486041203,1.3558134228127547,validation,strong_pi_negative
12145,0.6895796442476495,-1.4958997939738752,0.8590684267035524,1.5691060312042435,0.0,0.1408136160216585,0.1917321412598826,0.16096007838758905,0.2381881035280404,0.2683060608028295,283.2934590781097,284.6058208533428,286.2283541397566,287.42281142066236,289.5485421438144,0.9877941909650905,1.0934651198895504,1.0822396660829376,1.2516412393813372,1.0445161347632717,train,strong_pi_negative
12146,0.5682254967825733,-0.605191718059749,0.5365118925650967,1.6203249261840271,0.0,0.3042811000793713,0.27486883617465263,0.12020301046537667,0.05572002296253368,0.24492703031806576,284.2285129745811,285.52009355065366,287.22864183230786,288.3327108994054,290.14739293794986,1.2148996599809765,1.0529945059949573,1.1872614799293395,1.1018414260933698,1.0361711391826434,train,strong_pi_negative
12147,0.35895547875459244,-0.6700667200613872,0.8026131873877596,1.6312697047850597,0.0,0.3549627935780644,0.06014277923636326,0.15342270613325,0.2795238510090731,0.15194787004324933,284.2802700305452,285.83878608905167,286.96323741002107,288.6305483367905,290.47547231189833,1.450303475616681,1.536613578686526,1.406870729735375,1.5565942017587615,1.3262037754244977,test,strong_pi_negative
12148,0.3722643508761303,-0.8075208610831681,0.33051627906145997,1.2086777839736804,0.0,0.5532201794810218,0.0223437606156447,0.12276286510837252,0.07770482666872137,0.22396836812623963,283.8757163334057,285.1812376648098,286.99137542466184,288.45977046476156,290.4972277089504,0.9306026007935442,0.8165752654466618,0.7560236703191684,1.0945677472908175,1.0112524426401575,train,strong_pi_negative
12149,0.07086571692491792,-0.8250610982490447,0.11413783403977684,1.5758120416822958,0.0,0.33125627246480344,0.0751281374706405,0.009009696569136343,0.0,0.5846058934954196,283.83221132505895,285.35565452675553,287.0154106494314,288.4863519364079,290.1588585031571,1.3549222586965033,1.493080843217667,1.3446956356220336,1.489883773998623,1.3457615390312425,train,strong_pi_negative
12150,0.37942628798587996,-1.1293221972729297,0.758533226632032,1.1807355586073007,0.0,0.18405888519232577,0.26112831915372164,0.18247402876340654,0.14246543935745193,0.22987332753309417,283.6201222033236,285.1818487771299,286.52339877944513,288.00346672708775,289.9695584068457,0.9651380224983938,1.2015276169896831,1.2731896312096151,1.118945538393659,1.3146486107780906,train,strong_pi_negative
12151,0.12352431659424125,-1.0076325089906075,0.23820358418749202,1.2676952202161758,0.0,0.645887543356573,0.14331845963950568,0.005669795307952231,0.02960766462001706,0.17551653707595222,283.75148242561846,285.19840252493464,286.69358669488145,288.22575264070315,290.0439951292606,1.173003798219072,1.5406130396979374,1.6989596868573433,1.6911030945000458,1.3809145415006192,train,strong_pi_negative
12152,0.07838379873670868,-0.5079131915292834,0.312247098428011,1.164476503618587,0.0,0.5050797781267207,0.05624798333214201,0.073677460770575,0.07616082716264701,0.2888339506079154,284.24099612197875,285.7348410237161,287.5977577006204,288.7464874812083,290.47310415147706,1.5050098567076424,1.4304003949605757,1.6428969489001213,1.547580882305531,1.570119215143872,test,strong_pi_negative
12153,0.5586910837050671,-1.3471267868060863,0.5257546292136418,1.1957760649336706,0.0,0.24974325557340843,0.231250130469904,0.08905039620538949,0.08772705126917417,0.34222916648212404,283.48615309490515,284.7888103994145,286.58729337809467,287.8737241066097,290.24968235578723,1.2875843983542195,1.221366092799115,1.3072430697686626,1.1756662472417267,0.9899731649658167,train,strong_pi_negative
12154,0.1688037244052055,-1.016018696443414,0.22585021285493767,1.715561612108033,0.0,0.30836033727736173,0.0,0.17788022118032595,0.00898499583730586,0.5047744457050065,283.79322633868134,285.34417552053407,286.8216058617164,288.25615526082265,290.0993679269179,1.206726000647633,0.9574199609258157,1.3811785919433126,1.182976888209362,0.8599485743414739,train,strong_pi_negative
12155,0.443314591497106,-0.905383812542079,0.436834310362601,1.582849926529855,0.0,0.26606237605712324,0.3116996915345779,0.06947909205028806,0.012827763388867514,0.3399310769691432,283.8824213672591,285.1849752429297,287.03401864962785,288.2448601565036,290.3882052689792,0.9052890399111708,0.9526267538944055,0.9192448873476599,1.0634960199011332,0.8229316362013446,train,strong_pi_negative
12156,0.2079509825922284,-1.1583787959223644,0.7125156375676588,1.4158754271470528,0.0,0.36906363169712425,0.07684420446843605,0.04144829743273309,0.2821115678332448,0.23053229856846177,283.860934476758,285.27334276567757,286.57036441744543,287.92404855986655,290.00396791202564,1.062503214050038,1.0685122759404317,1.2156391229366874,1.0555755266551627,1.0936806894862832,train,strong_pi_negative
12157,0.4592229171789665,-0.8401135309984409,0.7116548961176565,1.2045168112484606,0.0,0.2601981359002366,0.22585798416929023,0.20414766931751796,0.12582462131542413,0.18397158929753105,284.20286434638257,285.196343521342,286.989945843174,288.19879793533386,290.52059180991404,1.3326402384104323,1.1852734680639525,1.2439741096871224,1.2912205473968181,1.1442461844376972,train,strong_pi_negative
12158,0.46943991264662244,-0.7865310004635875,0.5753468791613723,1.3069162915038586,0.0,0.22819926684844016,0.1310449429821752,0.26902607062349954,0.07263793277784875,0.29909178676803627,284.0895147925505,285.508664443402,287.26567828625036,288.1167756289352,290.4172284587962,1.84566273419185,1.1922041346911834,1.2973384183847632,1.5282038621834138,1.2796218836154611,train,strong_pi_negative
12159,0.39521658508990687,-1.4780873074857168,0.39189166763496797,1.262517372255473,0.0,0.3061683668873908,0.09371376784149735,0.049811136361678506,0.10918338171589606,0.44112334719353735,283.2507195264179,284.84759739980075,286.2237500959924,287.85724881779504,289.35452484656986,1.4648598736243705,1.4332035324748384,1.4100087758039392,1.3733438356749519,1.260471714579345,train,strong_pi_negative
12160,0.19388825092964967,-0.719781639539876,0.4466839544971038,1.262192060773531,0.0,0.38118894039238427,0.14127131525125425,0.045092806645124564,0.11515991630036249,0.31728702141087445,284.1305843205491,285.66579579679234,286.8603580351893,288.20977114286956,290.70139689122453,1.1985400110097655,0.9829063995184362,1.0495636674339808,1.14077384241269,1.0801225660375369,train,strong_pi_negative
12161,0.16156465687093474,-1.4739195258279243,0.25971470269336727,1.5703554755555051,0.0,0.5435501904877489,0.06415798283371507,0.16555671985965223,0.0,0.22673510681888398,283.33519538141394,284.86512220666975,285.9320527701514,287.6303832228117,290.107903984415,1.0338025704031022,0.7,0.8308590395692953,0.9479709322307652,0.9966833096367612,validation,strong_pi_negative
12162,0.10592674132369755,-1.1116041535614611,0.03694595162714842,1.2029552134927604,0.0,0.7350428684211693,0.0,0.006882027018034773,3.1962304556823706e-05,0.25804314225623926,283.6185816467295,285.179565291193,286.3812227955488,288.36103089895136,290.33879567289154,1.2233132119118226,1.437774340954888,1.3529711092521757,1.1153058305659964,1.1524732126730866,test,strong_pi_negative
12163,0.26503591549014593,-1.2017326175520648,0.36818056898000484,1.737305318207306,0.0,0.2859672264358009,0.30621041380143843,0.0,0.015985077589283178,0.39183728217347746,283.4955313851365,285.1308437461549,286.3542102542023,288.043558825531,290.08328542979757,1.3434809936526508,1.344962633059635,1.1906130258402035,1.1770152328596366,1.4304940765778837,validation,strong_pi_negative
12164,0.6269168059015174,-1.1491510531187852,1.2,1.7321593418285866,0.0,0.10393644407687222,0.1905772190016248,0.03491667719852313,0.4902476559547872,0.18032200376819266,283.62875378022994,285.13324857112525,286.6371031386162,287.8634756280165,289.562636269628,1.442772912396053,1.440617006522074,1.6730239442273,1.4390825324934664,1.6119679244227103,train,strong_pi_negative
12165,0.06476463668936858,-0.9960559931862352,0.2324063144996581,1.2610774487647658,0.0,0.28316999158711564,0.05464286632942322,0.14776344817023487,0.0,0.5144236939132264,283.63659090376524,285.23593464111013,286.66887737266813,288.0494610590716,290.2032083166606,1.4396831563531167,1.4674369609123974,1.1306315585564768,1.4279334795572085,1.385077716460598,train,strong_pi_negative
12166,0.6290057389890239,-1.1041749265192315,0.5608832652040032,1.388314741390776,0.0,0.42535380840629544,0.19464204277545497,0.055072236273524755,0.14058449307751178,0.1843474194672131,283.6000101046763,285.06939231979493,286.63241874398506,287.9531318617592,290.23649925380755,1.6976686468246975,1.4184898556146688,1.4348354598793278,1.3864929780437103,1.384593867340418,test,strong_pi_negative
12167,0.4336028277480293,-0.6245384790420192,0.25738763687592425,1.4607749006563777,0.0,0.5525474427490313,0.0,0.03136001874056607,0.0980138090676791,0.31807872944272364,284.0582254339278,285.4789967677552,287.234474794513,288.63130748135313,290.868611970973,1.0979358875029732,1.358135298196095,1.091150704015373,1.1213708692586455,1.0590419355934775,train,strong_pi_negative
12168,0.4621116576438359,-0.989276804160816,0.44313166196865583,1.4229397572702078,0.0,0.41630699894210577,0.17621248094419728,0.0,0.11845959051222929,0.2890209296014677,283.74149111101343,285.3335741096972,286.8506123299102,288.01570298856035,289.9702599212704,1.0800163376232297,1.1202674010144233,1.3116614775289483,1.0171867022635077,1.193153592256726,test,strong_pi_negative
12169,0.7379653304034338,-1.4983826842732721,1.2,1.6626328897657432,0.0,0.1205560419571749,0.0,0.05013899657514427,0.6549162207404525,0.17438874072722815,283.42654491305905,284.84434178925994,286.4860592493508,287.8478043428681,289.8282084868318,0.9559771376088338,0.9785134220729427,0.940754643477662,0.8982520517939317,1.201006607105041,train,strong_pi_negative
12170,0.32386988310205744,-1.227250801534249,0.697630396442589,1.3099766089667222,0.0,0.18128018226387538,0.4149416851511072,0.24965845811478096,0.0015151265883503841,0.15260454788188607,283.79462307069434,285.0708690093073,286.59037033440705,287.5855797835035,289.7051138050408,1.1315068650427589,1.1755485858365695,1.3061789143248477,1.1492664480275303,0.8073352340312436,train,strong_pi_negative
12171,0.4855123944700258,-0.8944155442408985,0.9172018437073907,1.1394934680423163,0.0,0.19958522321950992,0.0,0.06454573607011993,0.41132805381863535,0.3245409868917349,284.0287875754312,285.47781129905064,286.67637220493685,288.17597166884764,290.76810835273403,1.0857866728681502,1.5936095412481188,1.2959161496799139,1.3075230703363212,1.3930097837076918,train,strong_pi_negative
12172,0.3895480307963475,-0.7673614199269103,0.5969213073798955,1.7137358314434539,0.0,0.38100195844451124,0.1597371716575301,0.07186439601347866,0.16765986985444337,0.21973660403003667,284.19202671538017,285.4975729221255,286.8263960613154,288.3445739021004,290.79967643156186,1.3952418960714719,1.3368891887235927,1.416761831485006,1.1526701401428383,1.6841737248746018,train,strong_pi_negative
12173,0.6451268747980236,-0.815063298058095,0.6234584477063154,1.683261396926841,0.0,0.24444382308503024,0.3427787281344024,0.0,0.12533985978595652,0.28743758899461075,284.08097813933705,285.6731442168117,286.92723646369666,288.32736914551305,290.60384168368563,1.1235799844217464,1.1322772455874512,1.2199372384022356,1.0747058328675048,1.1337981981903618,train,strong_pi_negative
12174,0.2006457327659579,-1.1272075219205395,0.3019119817685081,1.188059100795958,0.0,0.5353780766115811,0.05789003234173476,0.21402194942677333,0.0,0.1927099416199108,283.8283961242322,284.91160681521166,286.3331353425894,287.9863967268346,289.9769421815334,1.3306286833370267,1.402808083698139,1.4572141858708465,1.6708575741205367,1.6072664681671036,test,strong_pi_negative
12175,0.467421859384133,-0.9490920202553235,0.7999345888582188,1.5986284765468322,0.0,0.3199833112410587,0.21244515358922805,0.0576509067517311,0.24991926425862981,0.1600013641593522,283.8524996345374,285.4318326170757,286.92665247708044,288.24818796043286,289.93679829392846,1.5921901216326906,1.4057357542508522,1.4180654663940389,1.5590734059085396,1.7056081289785998,train,strong_pi_negative
12176,0.6331462515254712,-0.8751843212783963,0.777366542219474,1.171672587037327,0.0,0.3057521784389149,0.07947766724517831,0.20741809284474977,0.23023539106477292,0.1771166704063841,283.9733467338482,285.3971170851078,286.76590840674294,288.25477936929417,290.7267498353289,1.335560731164679,1.2593479153812206,1.4660367808653836,1.239331225121705,1.2039165801492693,validation,strong_pi_negative
12177,0.587312322921571,-1.41222574712749,0.6009413010085498,1.3216975233663943,0.0,0.3333135680788014,0.08051087983970212,0.09933200254962114,0.1955492093096133,0.2912943402222619,283.3785057316052,284.82155366024887,286.6989807175864,287.4051434770678,290.02043669718586,0.97692134033476,1.0772499278769563,1.3476059366404056,1.5399348948003335,1.464956275522831,validation,strong_pi_negative
12178,0.5771952450453892,-0.5472950407062762,0.7055343476125496,1.2946386707928077,0.0,0.28955948692101796,0.34402950670467564,0.046561055273671895,0.14247189281710107,0.17737805828353354,284.36786403004453,285.76635341773203,287.1123811605951,288.59081431840474,290.15020005509996,1.4497053788510639,1.2704809807594855,1.355236801832303,1.187960209698838,1.1268357557982107,train,strong_pi_negative
12179,0.08320741288903942,-0.8924165958975894,0.1330040029805428,1.3196997243037027,0.0,0.6656324586776924,0.08915321460421816,0.013065029785510072,0.00039287929540728,0.23175641763717206,283.8413450357913,285.3898735080493,287.06480347223425,288.1558816791155,290.16569324205614,1.732243262436182,1.4160054592096172,1.580714907781237,1.1889363500225976,1.410453301444959,train,strong_pi_negative
12180,0.7182168368396707,-1.130483563659928,0.6579837391645845,1.5341282486263872,0.0,0.3013200149409382,0.3550652022257065,0.048258247340008886,0.11233014479943455,0.18302639069391186,283.79700188200115,285.2025779246345,286.6417940592037,288.22155255330955,290.0364666921196,0.9963846191016538,0.7524231229042279,0.9580054120652973,1.0822585333020298,0.9831886720073444,validation,strong_pi_negative
12181,0.5005775370850137,-0.6927069350518065,0.9734684052063315,1.7265125614738441,0.0,0.2083816072497341,0.22292684271099228,0.08964106874263991,0.31545024687634965,0.163600234420284,284.02241193460037,285.4711603167467,286.9190684744732,288.43086878889085,290.56068367067934,0.936958621352468,1.1163471346763856,1.1963731413000838,1.4447599434337015,1.4392775047360666,validation,strong_pi_negative
12182,0.4379453749778658,-0.958530644850208,1.0465785376500811,1.52912227007253,0.0,0.19325441121867185,0.1713611630575069,0.06785211708309195,0.38868262875474113,0.17884967988598807,283.79257542642756,285.3880062401965,286.76053049209946,288.1392668145199,290.05272900046197,1.4104808817220884,1.4458585539993192,1.4107089927679781,1.1251308353274807,1.5898642715321674,train,strong_pi_negative
12183,0.12557240129171782,-0.831811382349616,0.6113965030615682,1.258101704218711,0.0,0.19704666670665882,0.029486627823256516,0.48674605609278876,0.0325819095727615,0.2541387398045345,284.1372117031126,285.3629812194312,286.8095853128859,288.2577584030625,290.0009960893623,1.5809768324415827,1.8176291108078086,1.687825564730132,1.7737984961864763,1.6696182109626625,test,strong_pi_negative
12184,0.5259731471492831,-0.6071983923079678,0.5524895702077799,1.2971389873785475,0.0,0.29358138090202185,0.18942603581018588,0.023655675055060055,0.154703929671267,0.3386329785614652,284.2709543398119,286.0296133609223,287.15709471053435,288.5163402268994,290.7657555512497,1.0875948917446212,1.0576061728427186,1.232190480644661,1.015735542166813,0.9907580370451023,train,strong_pi_negative
12185,0.3383117956651835,-1.272757162399368,0.5460274501937578,1.3084524717545198,0.0,0.2922250501140359,0.20162172207788537,0.0,0.1572028640579362,0.3489503637501425,283.4147737542767,285.05006949383335,286.7232907041316,287.9300191409331,289.744196328904,1.0409076681957945,1.0237858881898352,1.0996465060625082,0.9213333663699245,0.924973378823949,train,strong_pi_negative
12186,0.6363547146963856,-0.7439727282748456,0.7411707221064804,1.2313153567869526,0.0,0.03421589055156495,0.668685963411403,0.04248475869507742,0.0,0.2546133873419547,284.06772305631847,285.73196767430466,286.7664352745559,288.4469060062402,290.3656838662173,1.6968973196362758,1.4824866463107182,1.3611298201427606,1.4067420648456643,1.6910948791675906,test,strong_pi_negative
12187,0.16589940851480064,-0.5422889200387817,0.7150798538618685,1.368668558725418,0.0,0.24556575560093488,0.1766078720176412,0.008884954976968493,0.24979351343362938,0.3191479039708261,284.1912103083035,285.6874836355722,287.23227977779834,288.6402374816076,290.6669996472196,1.3037532934971239,1.4133980852651238,1.122398383217269,1.1739361277356768,1.1502783362218392,test,strong_pi_negative
12188,0.7028990289638578,-1.4400941304941095,0.5119778357948592,1.4802611651213549,0.0,0.19482742408084908,0.24462483382007758,0.23735300197478162,0.0,0.32319474012429167,283.1045691823562,284.7860856203636,286.61954830528344,287.71722108250265,289.85684232371517,1.2687909545017206,1.1326418652233972,1.3497770590566336,1.3335191611882091,0.9554211019765517,train,strong_pi_negative
12189,0.13822506501056867,-1.0475867596908421,0.33729690909095356,1.4951186212899104,0.0,0.49627805830882843,0.05802566754680931,0.05575789268413382,0.09675667443000523,0.29318170703022306,283.7499819163688,285.16120836759325,287.1511702970544,288.24473114874115,290.2282361443839,1.0430062878350967,1.2998936465330613,1.2391293568042405,1.1004174212660998,1.2500968445486544,train,strong_pi_negative
12190,0.35818515953621066,-1.1930508955135442,0.6742893170828552,1.4919445564239535,0.0,0.4376795660735176,0.06865063890260369,0.106313236756052,0.23466272071209976,0.152693837555727,283.7065349273725,284.9825815178297,286.48675296074475,287.946469663935,290.07291279804673,1.4550918097979535,1.5316452335974808,1.5699606046186765,1.5550371219846086,1.2336271828128804,test,strong_pi_negative
12191,0.656039851056671,-0.5312140549652766,0.6679560686213294,1.288459127568244,0.0,0.19096228345091062,0.4425643557932867,0.07149692605803522,0.0619473933850037,0.23302904131276386,284.21380441028055,285.69276245672603,287.3830435770339,288.48981093584524,291.0229418535145,1.426004099803261,1.2025327573396287,1.496600042680877,1.237466529870757,1.4905861839960726,train,strong_pi_negative
12192,0.6635019996661422,-1.3351905765147287,1.2,1.4178785678555113,0.0,0.20547775098325452,0.0,0.04031815630038625,0.584626256878072,0.1695778358382871,283.45628294495486,284.90629151929295,285.96548621275963,288.1129850358166,289.81945052914415,1.4984748073437388,1.2631222502125907,1.4064570318689085,1.3414600543376565,1.5552907075656794,validation,strong_pi_negative
12193,0.15132722219658107,-0.6855165007484669,0.07477321775122533,1.432292447366971,0.0,0.7340304043245249,0.03776339367736735,0.005911178612169456,0.0005493227308442641,0.2217457006550941,284.11152811544696,285.5328366903813,287.29868076806866,288.0122447661497,290.51271031469685,1.2619124236188193,1.3294290405001281,1.4792423348449335,1.1111625295039063,1.3935695579896867,train,strong_pi_negative
12194,0.7807728056385814,-0.9971469129976422,0.8290673414549335,1.6857101431672552,0.0,0.24957595674339825,0.313035743434467,0.0,0.2430157990102333,0.1943725008119014,283.8228587212092,285.0915206580866,286.69619154344224,287.7571527923818,290.1292457447705,1.5256514142585444,1.385442523747124,1.2837048595802536,1.5422581801927318,1.440687604776799,train,strong_pi_negative
12195,0.2794678513762573,-0.8264177440151039,0.6642489067829412,1.2266213200166702,0.0,0.3846046536368826,0.2825203307178635,0.0,0.1758642880325389,0.1570107276127148,284.16344408289757,285.4509743834352,286.4488335940952,287.94164263385835,289.76840055772794,1.5431846073939675,1.635095539783664,1.3997091559997652,1.7464230518185717,1.7717274459981391,train,strong_pi_negative
12196,0.5693048959949806,-1.3531977491446932,0.8875022863452251,1.7271100836607465,0.0,0.0840503376284783,0.16318541423992772,0.5023140522922518,0.09600140990652276,0.15444878593281924,283.4142161993757,284.8480580679416,286.6943545118572,287.71463990087153,289.8234301304796,0.9059165057172436,0.9597269967902881,1.1646274865282877,1.0873919842273512,1.195368617192876,train,strong_pi_negative
12197,0.45432006972391215,-1.315626780410478,0.4703919541608259,1.4904904977671896,0.0,0.2278131971913173,0.385231053917261,0.02160747408684498,0.016776713078359946,0.3485715617262167,283.4975050603606,284.8371586275388,286.49670055230206,287.5479581393696,289.5554555275127,1.247659550067002,1.216577181413547,1.235850485703077,1.0941435737290834,1.0365349323324151,train,strong_pi_negative
12198,0.1117692837146556,-1.2165821727260662,0.20161241302920682,1.4334496027692412,0.0,0.12558532523864327,0.0007437059222231566,0.17066539660596053,0.00010165525051158159,0.7029039169826616,283.61706014230754,284.96404617376965,286.8112311523297,287.7578437150622,289.99159478706724,1.0538367574919687,1.1741424618395855,1.0115098703596337,1.085445223309666,1.1173171122782108,train,strong_pi_negative
12199,0.7914240720507363,-0.5432180862435945,0.3334864460319427,1.4195211767596767,0.0,0.03082616800776415,0.18304754320371178,0.12043890282823094,0.0,0.6656873859602932,284.36027954954005,285.6589374693677,287.593235019851,288.31751662474517,290.38144126308,1.2028803764141203,1.0778112578120638,1.151573391458805,1.2594536632177455,1.2188312623466293,validation,strong_pi_negative
12200,0.250013251008029,-1.44227509212504,0.4344372480808747,1.2690421750720093,0.0,0.4506627688240692,0.060136138804690244,0.21482495982660685,0.06473807472478883,0.2096380578198449,283.34621570980477,284.8046096450293,286.2195687504003,287.5939981524184,289.9721836242128,1.189036572487453,0.9675156231636446,1.3573291661314637,1.322713168230013,1.2794704147530236,train,strong_pi_negative
12201,0.4619223846856478,-0.523105923104052,0.5090678439608006,1.6585378621630014,0.0,0.1969788859495338,0.18664407648414977,0.17287873453084937,0.059772516472900744,0.38372578656256623,284.44445556521845,285.75412094891544,287.5148387204921,288.57052775914195,291.10937402527674,0.9013945705058922,0.8010627146523323,0.9589673610409997,1.0288121079541146,0.9983187148282942,validation,strong_pi_negative
12202,0.6412386836357895,-0.6282751128696207,0.872667885737971,1.6060078162101037,0.0,0.08757111152483803,0.37276148432389994,0.16458030210906094,0.15266304965250513,0.22242405238969584,284.22240398798084,285.6034875188307,287.2304686275211,288.6212149780561,290.7157616881933,1.344989058356251,1.3910478671558824,1.4986897484032513,1.4169740584196648,1.599339881709959,train,strong_pi_negative
12203,0.4457031137801251,-0.6197136876818496,0.24943396013504426,1.440163540241429,0.0,0.40954598553547195,0.18631855068682826,0.03311540944821602,0.0,0.37102005432948376,284.25092490076975,285.6301795717085,287.0561658832193,288.53636488252846,290.5044872565029,1.086664533601513,1.337325792442933,1.2672442630771366,1.4491698665134127,1.0813465107858409,train,strong_pi_negative
12204,0.3905235106805428,-0.8026024541593517,0.2703529354188751,1.2476261094649954,0.0,0.558268014471384,0.1402675204829492,0.10008541493592592,0.0,0.20137905010974075,283.9529635676173,285.62614564243086,287.17855960316984,288.204514423552,290.234454241969,1.0538517238344856,0.9256886121240665,1.0554519676648713,1.0657377291406978,1.1218487685908667,train,strong_pi_negative
12205,0.47483449307235925,-0.5264927939039006,0.9892437378154562,1.3732733484711432,0.0,0.05137253653348549,0.1471156530153156,0.28390200355096396,0.2641130406245883,0.2534967662756466,284.1275191239363,285.79938374366327,287.1714980505764,288.32131070743986,290.38182330115427,1.5241805713381344,1.405376424357205,1.2937094874661963,1.3956103040418906,1.3885942916326377,train,strong_pi_negative
12206,0.27385287987685264,-0.931970334552028,0.8544970058441321,1.1068248149203417,0.0,0.15428194759866137,0.1667855262653127,0.19293802783161978,0.2323867258735998,0.25360777243080634,283.94845041158044,285.42877549372923,287.0091124868107,287.85642256668274,290.29573801784784,1.4479047728162686,1.388242639740945,1.5285617738844617,1.3424774378938042,1.5159836204384174,train,strong_pi_negative
12207,0.3356046335814503,-1.07193184736282,0.5044512187537848,1.398292302024457,0.0,0.36006571893210226,0.17218530636915658,0.24383713742621024,0.029214387479209014,0.19469744979332207,283.46754392900044,285.38772260304785,286.6019662906418,288.0634107247213,290.1545901729774,1.3321570415344643,1.2995000422293788,1.2797715768099027,1.2333247705578183,1.3671351717264466,train,strong_pi_negative
12208,0.7516566579383194,-1.0888902540668566,1.074190478295661,1.706213353343162,0.0,0.009428103914637484,0.3026495727098417,0.2046700141006127,0.26843544574260336,0.21481686353230467,283.6330983210687,285.0771848361523,286.60395826857695,287.7022514624781,289.8782424994399,1.1095115070313837,1.313535626053293,1.3078546448940909,1.241851696940316,1.0958281991017338,validation,strong_pi_negative
12209,0.8735132517959947,-1.2004721430098333,0.7207280472221063,1.4616266565519629,0.0,0.020875080235253477,0.20028183497636687,0.49044621224573937,0.0,0.2883968725426402,283.523311694919,284.83892220510944,286.61787322282566,287.91122381246703,290.250275213853,0.9771745653936056,1.44900576547908,1.2157288222877325,0.9737235785976348,0.9949803059900056,train,strong_pi_negative
12210,0.45369986847406873,-1.0236958141664916,0.589238471253963,1.720062810704519,0.0,0.040186272533374874,0.08149406917951442,0.3548605167875085,0.06144194264347005,0.4620171988561322,283.6945109663835,284.8761138193016,286.6377451378751,288.11916217942274,290.0684433700835,1.4862515384881536,1.3830065472118986,1.2034713988260992,1.2846650013796295,1.260772886052328,train,strong_pi_negative
12211,0.5276041407781923,-1.4965255566649684,0.5941432141202344,1.4102806794508231,0.0,0.41144145549585714,0.17119486479643042,0.01354731960830599,0.189700514857749,0.21411584524165747,283.38491902518,284.82474987403157,286.03263517873984,287.65481312694857,289.77496528103114,1.5575163368642917,1.5302489002597073,1.2907983042870947,1.519978692304868,1.7050762768357142,train,strong_pi_negative
12212,0.2091799037868017,-1.4362016178673778,0.5856223108032941,1.7073407392984588,0.0,0.4573706548377294,0.1298640146741192,0.044537111224731515,0.19061059245222164,0.17761762681119825,283.36152884258564,284.9569937637058,286.1851657547857,287.71920459731314,289.81250570687524,1.098763913212015,1.3283656873256486,1.1597769538903224,0.9411073787112947,1.2106792810272011,train,strong_pi_negative
12213,0.23965744831661298,-1.2974788218189683,0.6577744197954929,1.7421117876195562,0.0,0.25521194011004855,0.11755684948261853,0.00528990893718384,0.2524638306878453,0.3694774707823039,283.53779716925095,285.13435023579746,286.2836681167098,287.6735601959835,290.0570348982553,1.1219313500462398,1.133410214978162,1.2276049633202577,1.058409543986417,1.0506109428236987,train,strong_pi_negative
12214,0.14344180341323295,-0.8252017787764268,0.5384579053597051,1.32955817923591,0.0,0.2354506971498463,0.22107417663836987,0.00017208234156747924,0.14360582318988388,0.3996972206803326,283.9301340362613,285.5321540474426,286.94493287260366,288.2599541698859,290.1994664281643,1.5833858653687567,1.4814794585203626,1.8145205146090286,1.5621841078615541,1.9349957550925012,train,strong_pi_negative
12215,0.3850254628351078,-0.7170910708645764,0.7908729547725472,1.4141876747129705,0.0,0.17277441678365757,0.016392442816968406,0.05363497024300911,0.3454227708562848,0.41177539930008017,284.21435505799184,285.56048160765033,286.9311934057776,288.4865223051319,290.90032861059376,1.0490326155543888,0.7546088941115925,0.9593200139501146,0.9324098616135178,0.8156980675232933,validation,strong_pi_negative
12216,0.08839297483211762,-0.6632675603195013,0.40101866529628316,1.6242648434686902,0.0,0.4579087027416344,0.13621245404799517,0.23480621124828802,0.0,0.1710726319620823,284.30047084191403,285.49645963331017,287.0283468502382,288.3643153091257,290.52626984093473,1.6634757984604003,1.3564167432383794,1.5332904538664531,1.7053196418130296,1.806220079571367,validation,strong_pi_negative
12217,0.6136322755962078,-1.0748176406108905,0.8654417687808855,1.4218382393648399,0.0,0.1802943511494807,0.04975654677031756,0.3045690252526239,0.24055809837897202,0.22482197844860577,283.9438292872445,285.2821382109521,286.48314827233463,288.2050870894096,289.83534684231,0.9866869622192417,1.0586910323476972,1.1990990804388735,0.9329669781107488,0.7639464416898207,train,strong_pi_negative
12218,0.14567933224871277,-1.4020884185302172,0.28049748882924164,1.19075497116558,0.0,0.5963479386711713,0.03542222019250395,0.059799717962643786,0.07763777533704695,0.23079234783663413,283.50219975660764,284.8130985411026,286.35572169866003,287.63542357103165,289.69578640130794,1.4328287426407655,1.5044243611607964,1.4683873569234196,1.5199231458610087,1.3796671803371239,train,strong_pi_negative
12219,0.23139242997510226,-1.2401666321548919,0.38108361559892917,1.3512928638349933,0.0,0.48126202144696645,0.34962588934110544,0.0,0.0007288631289118638,0.16838322608301606,283.5764291813891,285.33949598827644,286.2249646625967,287.6286256346568,289.90817052700504,0.8764373152595638,0.9870469103164548,0.9458403694634522,0.8289246971831171,0.8395668378048353,train,strong_pi_negative
12220,0.8544923140010579,-0.7154234634140253,1.123090074416963,1.6106900084570674,0.0,0.16709828586726058,0.241703198755579,0.0,0.42569343783069197,0.16550507754646848,284.12517491973415,285.57591678866,286.70235435680985,288.28789619369405,290.66954198916847,0.9896261057949847,1.3334791686093705,1.2320849696203058,1.3541266720411522,1.2862464913963316,train,strong_pi_negative
12221,0.1139587318970631,-1.0205862991431438,0.18776978731921684,1.701310750267902,0.0,0.744202460018673,0.034314840512565885,0.0,0.061727473403325475,0.1597552260654357,283.7529123875022,285.58484391709254,287.07339599640375,288.07164719430284,290.0977817179305,1.3770652175570999,1.6106510051334126,1.6326679729164673,1.7018672401663215,1.6244747985569845,test,strong_pi_negative
12222,0.5157299599206624,-0.598738789586601,0.5550459584274419,1.2934868068140808,0.0,0.47022929003783637,0.12076207825801255,0.006231300200937556,0.1990262899842459,0.2037510415189676,284.1740817731569,285.3618085553547,287.19952648502004,288.4671666069729,290.3364328895588,1.5751115643077527,1.245501039406187,1.2223531302328863,1.690813761098346,1.4007239581794677,test,strong_pi_negative
12223,0.17050123339400058,-0.6629704429587342,0.8209971988699886,1.3058211198912169,0.0,0.25517304717673145,0.18796791277501243,0.04085047005270642,0.28108940802113486,0.23491916197441493,284.0544893306011,285.4554503445721,286.9077751275814,288.45039634403656,289.9780275986845,1.2197979136009227,1.3058228292322724,1.5115974666970686,1.2151733931997986,1.1591074706082722,train,strong_pi_negative
12224,0.39256034872053064,-1.2269561880566098,0.19895392622360075,1.5943517822817495,0.0,0.3933077927850252,0.078286011856497,0.033146232816139085,0.02876084077548233,0.46649912176685643,283.7565393120454,285.0579965535019,286.74421199832597,287.99696023218047,290.4656338290641,1.5683139566609432,1.2539390258490746,1.2266242449508846,1.3321899506571178,1.2867348828814156,train,strong_pi_negative
12225,0.22824889137804225,-1.4205489170028005,0.14387622504691763,1.342194091764013,0.0,0.5864563924016367,0.07423217684948885,0.0,0.01982202409871439,0.31948940665016,283.3671785820181,284.6413431248154,286.24678205653635,287.6404488523915,289.9389399781077,0.9828970189053856,1.1708732513536693,1.0868451973117785,0.9284871000896651,0.9575709520152719,train,strong_pi_negative
12226,0.12810950592664427,-0.5115197096228603,0.7569901076548304,1.2377443781399986,0.0,0.34572032447763124,0.16160066478566887,0.015516018433732329,0.27493671221771465,0.20222628008525287,284.1355494750954,285.88311628473167,287.3884791364108,288.6727444448418,290.5408173228489,1.21594130998309,1.5039900986436485,1.2676518419420442,1.5344908216409903,1.465298279282521,train,strong_pi_negative
12227,0.5693886998355567,-1.0720406910221367,0.7657130956152841,1.6907113669790368,0.0,0.13708710554391587,0.27404965557887695,0.2025131006305116,0.12957516970294775,0.2567749685437478,283.7369135433516,285.2290236892708,286.48398829239255,288.30875387236256,290.0260879732246,0.9066243015581738,0.9137601930765702,0.9428796939900307,1.1100089298236282,1.0378033798869153,train,strong_pi_negative
12228,0.3091986149851853,-1.1007053779362437,0.5743315613381902,1.5003153360540242,0.0,0.3555894078951929,0.3448846244006998,0.01842605058311331,0.09051044317718854,0.19058947394380552,283.65614164935334,284.7490621716111,286.5347263285827,287.57911579974495,289.96555570343304,0.9399279245266562,1.0606153389356567,1.053358490978572,1.1595741658258782,0.9623116407179221,train,strong_pi_negative
12229,0.13924225031129214,-1.4622570787735865,0.4482017370713215,1.242181200939968,0.0,0.616127624723232,0.0,0.012371723793979383,0.20291500663867107,0.1685856448441176,283.2728430829399,284.7136117971018,286.23471655595506,287.6198855519359,289.8059645682168,1.1740425003604196,1.1574756768246242,1.0755208726441596,1.4601571910815287,1.2455293975641144,train,strong_pi_negative
12230,0.5394267992216338,-1.0935629657669654,0.923387785647852,1.2641617511149472,0.0,0.23567185135117513,0.1318826064242726,0.08885272313068707,0.33632622804644613,0.20726659104741915,283.71081989198564,285.22564573195336,286.58491209256107,288.0222820093183,290.1620153230158,1.1729416351288748,1.2504661490347257,1.5011195377256217,1.9810556159358121,1.7165609648485145,train,strong_pi_negative
12231,0.5315338663185284,-1.1029712589518135,0.6895864348656862,1.4415288985037997,0.0,0.13251658655874088,0.1783432628239136,0.20586573817543175,0.13768871693317042,0.3455856955087434,283.895741693526,284.9530989813312,286.85233442130107,288.08203445769794,290.0278027264538,0.9193402370478474,1.2315678736518585,1.0313106601168514,1.0017405879353825,0.9540534577844177,validation,strong_pi_negative
12232,0.35479252751197815,-0.894470015726784,0.433212413309256,1.5668405645876913,0.0,0.3155289268951432,0.0,0.1677754127418896,0.11771850028368318,0.3989771600792841,283.93664200106906,285.61664722720116,286.76955447621,288.1441049641855,290.09579147794045,1.3186416408615407,1.664398234215244,1.551194295329658,1.3865691949901102,1.8829144758790586,train,strong_pi_negative
12233,0.8557997162638353,-1.2920771458953269,0.8043859785434987,1.6942469981667059,0.0,0.05490214234262458,0.6111473064373972,0.1632386721061014,0.0,0.17071187911387684,283.3180334705642,284.84537188398116,286.5445336392489,287.7953351724607,289.77911757917934,1.4818142114997837,1.741181815340799,1.432659236925827,1.553719976742764,1.5492531455778424,train,strong_pi_negative
12234,0.12938102687484965,-1.213557844821875,0.11869098223650842,1.196973727468238,0.0,0.4717283595286943,0.05650205388176053,0.0321889283547479,0.0,0.4395806582347971,283.7466485833508,285.07281884328745,286.79031844527856,287.88644940751277,290.0849070759957,1.4597667239706924,1.354306355353751,1.3112035111132179,1.4252807853539302,1.4311563531502187,validation,strong_pi_negative
12235,0.6765099455479575,-0.8328072098204853,0.735330193095533,1.7441597819744734,0.0,0.03512312795280602,0.0,0.21267735322657966,0.2463264199344767,0.5058730988861376,284.0206775280611,285.46668037856085,287.01123989490964,288.160523098756,290.0908846238524,0.716805819559142,0.9619386192252805,0.7482645306043441,1.1507828453937787,1.0409527623333954,train,strong_pi_negative
12236,0.674992806701144,-0.7349893679852868,0.485230188479025,1.2820835847717338,0.0,0.2180959635546871,0.37943260142605334,0.0250771035523347,0.025360241750318483,0.3520340897166063,283.9744477574107,285.3952134168174,286.87242793561245,288.4869605559383,290.260754085652,1.150821298626556,1.4629667157081627,1.3594265996963002,1.4963228914665643,1.2564838304039196,test,strong_pi_negative
12237,0.3450474166372169,-1.3988586269025882,0.5666090446934495,1.3526777462433954,0.0,0.12126475896679759,0.23754449032941027,0.29906455436403917,0.0,0.34212619633975294,283.454476180927,284.88472456528115,286.09847604995247,287.82071810601093,289.83704772701566,1.0993887967316087,1.1737824292179444,0.8793684144455043,1.005962600620109,0.9646995120519436,train,strong_pi_negative
12238,0.5996634798363026,-1.0024830291388187,0.6354952430395314,1.5730822408329082,0.0,0.14777033321999836,0.4121150907855982,0.13590516452112844,0.028737493866402397,0.27547191760687256,283.91832120409885,285.1172586963242,286.8001530328282,288.3480945336701,290.1128466754694,1.0884238627699683,0.9782129481399672,0.9795466371343688,1.2628626228515283,1.132792623085079,test,strong_pi_negative
12239,0.24671391068892395,-1.1361303616586573,0.7271655207755469,1.7331621584150976,0.0,0.21476580409434307,0.4432844366857159,0.0,0.1269405420449155,0.2150092171750257,283.6499569550838,285.2253345702808,286.86608419108165,287.57085137162227,290.75558495557675,1.0645567069618889,1.0972212207617122,1.239998940912832,0.9963867772953253,0.9968313521181453,train,strong_pi_negative
12240,0.1880298774167814,-1.376692956956353,0.11020530150991759,1.4098823329634973,0.0,0.20877008376727754,0.04311955238567942,0.03708574912423817,0.0,0.7110246147228049,283.34705348061783,285.24688347231415,286.57220566975747,287.528605565855,290.229173062899,1.5277066813606606,1.6847967616913024,1.3208120924171733,1.513146889819028,1.5913648189107001,validation,strong_pi_negative
12241,0.6761016150834532,-0.7739949367702375,1.2,1.1239424044952278,0.0,0.013330709598804223,0.0,0.013364412763474753,0.6150226009314661,0.358282276706255,283.9885407641741,285.6815692031196,286.85660177804306,288.42149379106695,290.1970819580334,1.366194464059043,1.339732478556122,1.0079261315157948,1.1237743576265269,1.2892424397317706,train,strong_pi_negative
12242,0.4331318934926997,-0.6324106524277919,0.5464884535662236,1.5051704303745261,0.0,0.29857972229846386,0.2403401926086531,0.029242641863139848,0.12345280954721528,0.30838463368252794,284.01867859175417,285.32898709091273,287.04331052328536,288.288625142463,290.19742225676225,1.251221547609503,1.2006962148422773,1.6610748451891966,1.3918851257932663,1.360168721152037,train,strong_pi_negative
12243,0.6639320770839118,-0.7550082409012786,0.5822833440244497,1.3978554358683448,0.0,0.27105738196435347,0.2593512852831964,0.25399068498194916,0.019470686879652026,0.19612996089084903,284.12798727562966,285.1489258582311,287.0304911860813,288.189868154059,290.55244789522317,0.9997783430786896,0.9076400184974134,1.0484882425962996,0.89200349983029,0.8874698701604588,train,strong_pi_negative
12244,0.5447879681543102,-1.0070693046696388,0.5422331827660283,1.6997971361963287,0.0,0.3856007708681476,0.07919350232343217,0.11626566729241598,0.15838700657509006,0.26055305294091424,283.8354790656323,285.29767703874745,287.0666965609305,288.07480815831786,290.0699616616056,1.1279206419562846,1.0545195534601224,0.917931592356959,1.1956688134512787,1.374866457918473,train,strong_pi_negative
12245,0.26238781426931257,-0.8491983066017443,0.6002184469919993,1.2120572607731217,0.0,0.3671805542969028,0.04726263563633449,0.057609150723766586,0.23267333031594917,0.2952743290270469,283.77330666860377,285.7269045957552,287.2720701936257,287.9170715771751,290.51223341678957,0.9677121211680878,0.9896205484863455,0.9708415768511878,0.9493493248393678,0.7216369372620945,train,strong_pi_negative
12246,0.4364281039331018,-0.9498107305240331,0.3886607148232221,1.4806278209236674,0.0,0.5603638309264215,0.12524333970975385,0.0,0.11670868755673414,0.19768414180709054,283.9122668689638,285.2915022758189,286.91961185556437,288.04996390242866,290.20873478553,1.5479561154426973,1.4791339787053532,1.5126538560287588,1.4520762179135278,1.6827151122319401,train,strong_pi_negative
12247,0.2367022464377944,-1.0592037593775592,0.5928190871530982,1.733390414389764,0.0,0.24685701794656953,0.5234745098007778,0.03152289523328722,0.003910841059516541,0.19423473595984894,283.74258584936575,285.18350179670284,286.69816854739065,287.6002457995148,290.5140862296462,1.14365874881842,1.006812863507488,1.1122312957752192,0.8455229877221759,0.9876285624821736,train,strong_pi_negative
12248,0.7725999795848706,-1.3392644497740744,0.5068484119836218,1.1024947664777838,0.0,0.30687648342825924,0.2902180583134534,0.1866303536701684,0.0,0.21627510458811905,283.4570527456979,284.88119759902185,286.59589869500365,287.86661521262084,289.84132384313864,0.8838686843438461,0.7190967022532004,0.7768274666229945,0.9907555602934492,1.0052079050447231,train,strong_pi_negative
12249,0.18750777631409293,-0.9953999255822872,0.2748772365152593,1.5914788373128346,0.0,0.569548249971457,0.17162591524176646,0.01470030332926431,0.029275508972114263,0.2148500224853981,283.8635365872196,285.42353215386385,286.6270755448523,287.8364160444932,290.16091979688576,1.523557918501187,1.4419070556892049,1.4906812913138634,1.3194910203948949,1.3801922327487217,train,strong_pi_negative
12250,0.7412957079948806,-0.8778962917391566,0.6792511976385287,1.155150392880332,0.0,0.1723194194548075,0.3406702757417231,0.08840757491837536,0.11008667348921512,0.28851605639587885,283.8485539403619,285.3153670119877,286.8871614688451,288.380707379002,290.6926970284119,0.869367450571122,0.9337459426615192,0.8504300210191091,0.9882734320382289,1.0125251344307957,validation,strong_pi_negative
12251,0.2812028640898951,-1.178352417519048,0.5395539489409249,1.4504972712881903,0.0,0.39914862602471113,0.23388242368043738,0.0,0.13783576263024377,0.22913318766460786,283.5243407894999,285.19422117204834,286.72836626322555,287.9669977871949,290.2036143746836,0.9716013901875382,1.0950201873620988,0.9798978064393307,0.984977579293161,0.8410071693264757,train,strong_pi_negative
12252,0.05640900738792059,-0.7026827250651482,0.26621143879195563,1.3305827550232183,0.0,0.6790680403868786,0.0,0.09812259287690663,0.06904442295752451,0.15376494377869016,283.88241196863686,285.45756426233686,287.11620626286265,288.45922610428084,290.5970628954434,1.5531810322198094,1.696134234984681,1.3146629788361222,1.6680015221080402,1.588223850232501,train,strong_pi_negative
12253,0.3668175443348319,-1.4462939281391103,0.4453582400835748,1.5471053821046659,0.0,0.4049493640425917,0.04790434553337744,0.16836970506919963,0.09954209474049885,0.2792344906143322,283.3874057375679,284.7684191037613,286.34941848305465,287.7013348314528,289.5348182403678,1.587127446632651,1.40144143275429,1.4092147805737578,1.7073484932518972,1.3318611690636006,test,strong_pi_negative
12254,0.3529062459217676,-1.382314901261772,0.36214483982206935,1.2798110167405068,0.0,0.5172963661220609,0.1219403937362795,0.21020444608578984,0.0,0.15055879405586983,283.4446639971918,284.7533302215662,286.56230072274616,287.7067805931264,289.6647961663912,1.103312543877499,1.1985300624436395,1.2376448960615525,1.1971368942774605,1.238954414848599,train,strong_pi_negative
12255,0.18364989101157017,-1.2475509629525492,0.20652300795313758,1.2339308708639807,0.0,0.5048943105257165,0.13547820773078303,0.03971292094263454,0.0006659396398600029,0.31924862116100605,283.84258393633655,284.93785217495264,286.48022637056584,287.9690416843626,289.83963574820154,1.1376114493122331,1.3448704023458737,1.0253049103534604,1.2432715681396094,1.1089446683585562,train,strong_pi_negative
12256,0.44055944785039747,-1.2670994917203249,0.29397318265985284,1.3497492897295857,0.0,0.4100100606021892,0.20252084315234853,0.0042994426450640305,0.028576448431220154,0.354593205169178,283.60109787277065,285.0013109149837,286.5589474343135,287.8270834772846,289.96222378627925,1.31126795980762,1.504351345941793,1.3628560323432928,1.0956537291297546,1.5482696441531842,train,strong_pi_negative
12257,0.3275080222598664,-0.9249268375284552,0.4600199948977606,1.428672537258977,0.0,0.3738356476133227,0.27810809999199754,0.06460621277412877,0.04365284106581716,0.23979719855473394,283.8271385208485,285.0641055681611,286.7558887309142,288.16623474522294,290.22174128945835,0.9981587076119575,0.9166110503913014,1.0161123261835054,1.0790023630750447,1.0642909845869353,validation,strong_pi_negative
12258,0.18431730680725536,-0.5309319982483021,0.38570593733894487,1.412872260346376,0.0,0.487971614297507,0.18618192619864196,0.005916818761909001,0.08180359618919697,0.2381260445527451,284.4300910031618,285.5726439769126,287.1644537557519,288.82853698950004,290.53910174746414,1.421040987027046,1.499360500987181,1.540118304542898,1.4775239786346994,1.4614541993656187,train,strong_pi_negative
12259,0.3008113249149951,-0.8764880182699764,0.21125615191487027,1.1874740953367386,0.0,0.700292095386565,0.07772120303139844,0.02112980300794246,0.04120257293776468,0.1596543256363293,283.78621644421355,285.58578920145214,286.9325998167555,287.9283040464696,290.26449381673314,1.075151125269336,0.9976165639854616,0.990981818007305,1.0051151565078962,0.9808188943895557,test,strong_pi_negative
12260,0.29508438156543493,-0.6795100172210677,0.729908762730592,1.7202858165166695,0.0,0.2004546993554277,0.0,0.21178167914160728,0.24406354179449238,0.3437000797084727,284.13094077131757,285.2961777642743,287.073898230766,288.37517066009434,290.5057043077203,1.4297276657254179,1.700598155422078,1.364134716158926,1.2286643398970887,1.3248132124121947,validation,strong_pi_negative
12261,0.47560676276092445,-1.4460639528430717,0.477928868784282,1.1508081812762851,0.0,0.27260650456029434,0.19903162893576706,0.1224462354624243,0.0632255021930453,0.342690128848469,283.40839602020395,284.8372236951213,286.2521071061452,287.5937994794292,289.7654643380107,1.4538650476877306,1.3397576347837565,1.3907459986483994,1.3866585624568164,1.493270598507594,train,strong_pi_negative
12262,0.14113074861455727,-0.7998891057854385,0.1977916450007054,1.5004832980629865,0.0,0.6714360624832768,0.1415967153717611,0.026194929628944288,0.0,0.16077229251601774,284.0672269987587,285.2612692241444,287.0343956172908,288.2968081260823,290.3937234984083,1.0907279837463133,0.9906194789091277,1.2519036602738676,1.2834319824180693,1.1374137230652634,train,strong_pi_negative
12263,0.5952957956332646,-1.3681377308335034,0.45899525922652573,1.6845797555085178,0.0,0.5288475997720647,0.07672358696753649,0.0969184834403687,0.12767659440931028,0.16983373541071972,283.3050860677182,284.78923636378033,286.20122832662554,287.60447795843163,290.004091887738,1.1231238591867687,1.0178616925980184,1.0111596244590635,0.9251029190884743,1.255704471365849,train,strong_pi_negative
12264,0.41199816088411956,-0.7972541526328176,0.6025560950774445,1.7103381580425556,0.0,0.17017577575904905,0.3186522067788847,0.1558746027485998,0.049014642774979994,0.3062827719384866,283.98001045808235,285.1707770969944,287.08822932087685,288.1656070721539,290.43604295512614,0.9727103805115144,0.9472495820900861,0.8587050185776327,1.1565188279035115,0.9705862694886378,train,strong_pi_negative
12265,0.4069195653026936,-1.1540812875642739,0.5941110037320414,1.6584478623573158,0.0,0.2810349356396392,0.18137481976802305,0.3384020482384129,0.02216706786280269,0.17702112849112206,283.59515524952695,285.26047697883166,286.7871068746258,288.0622879437408,289.55189673666536,1.2947508982741651,1.1747253938793816,0.8855134555370675,1.1893070281499727,1.0446093580189506,test,strong_pi_negative
12266,0.23962988518812542,-0.9404922648564771,0.605979698070438,1.1807240844887033,0.0,0.4024006454992393,0.03315824157086148,0.0,0.2714107282497883,0.2930303846801109,283.86781892058696,285.1798240487821,286.91022132663625,287.8900892433454,290.25757381147247,1.06241691190912,1.0285469638974691,0.9580683384835581,0.9109809893089718,0.997557313906723,train,strong_pi_negative
12267,0.5695728829762762,-0.617841752120476,0.45282122852613843,1.3521643043179665,0.0,0.550688031636495,0.14272345024014668,0.0,0.14004888914299587,0.16653962898036254,284.34407220924925,285.51418211973896,287.1073633994218,288.2484751821309,290.58045910023276,1.7990750656308956,1.5431202969415043,1.6254931201276281,1.346861221792046,1.5598798529459967,train,strong_pi_negative
12268,0.4652074224771709,-0.7256311022486517,0.43243929800614506,1.1452935863063676,0.0,0.4147098978394388,0.32698180903869556,0.039820548120096236,0.01781847042367663,0.20066927457809264,283.8905582620971,285.6409578284506,287.12766971781474,288.45984571763444,290.33918461009597,1.7003631614876373,1.7246417120688442,1.7738125839140924,1.7363958151086782,1.5649074198414448,test,strong_pi_negative
12269,0.15916688500216206,-1.147677932784278,0.3239321126758343,1.6121834768973566,0.0,0.3557722153656838,0.06503019999433321,0.22890191268150112,0.0,0.3502956719584819,283.69483890291616,285.0206866873824,286.3198486421307,288.16843908288797,289.78877862203484,1.2229026607494449,1.1640554784370558,0.9915432529742276,1.0418316594055896,1.1900218124358397,train,strong_pi_negative
12270,0.5687432736840041,-1.4665323544236082,0.5103878673897402,1.303511811583365,0.0,0.30418408804177194,0.06209127074269779,0.20606471759319198,0.10611593952692519,0.32154398409541296,283.2169290281123,284.9082813523834,286.19754698679725,287.51432615839025,290.39258054994724,1.4597854667727823,1.2527119611512785,1.2025547805009422,1.0412198007596458,1.3372272091911435,test,strong_pi_negative
12271,0.35233892517594867,-0.9692642093681076,0.36313118095080743,1.3615553494542312,0.0,0.47008169410748935,0.29938618382526727,0.0,0.01687249856277007,0.2136596235044733,283.9857323700357,285.399676442138,286.75638848495254,288.0942804299545,290.2110739346386,1.6998233357630084,1.2659847488664793,1.5826641666817354,1.6087353555477277,1.4580151136031703,train,strong_pi_negative
12272,0.39726841535944113,-0.5769175930150423,0.4001690137319754,1.7154997405828327,0.0,0.2358914712287007,0.1276871434993269,0.13050534562048186,0.05598826230608331,0.44992777734540723,284.1325679367504,285.56839481663485,286.96652003355604,288.345342609582,290.7787325535985,1.5881322402753715,1.2326510504947013,1.513552597422789,1.6285825744932945,1.5446211625844497,train,strong_pi_negative
12273,0.5301000875193995,-1.4991325583275716,0.8756445537349584,1.217932430804052,0.0,0.24059484030070974,0.0,0.04525835059152188,0.4001931015717183,0.3139537075360501,283.39537505256703,284.72766547217594,286.3362349027869,287.56873820772495,289.5209653084325,1.084239070399423,1.0520171878278777,1.2037776048863,1.127549948409154,1.052107206656334,train,strong_pi_negative
12274,0.4000428759324169,-0.7377813426503161,0.9894037734710311,1.6901906932108821,0.0,0.0815241085872283,0.1540335193569427,0.17157495743290813,0.31689764834059014,0.2759697662823308,284.1809046959893,285.3738886534826,287.0793105717932,288.26546086007016,290.2541912681849,1.0822645369393329,1.2956293776387295,1.2740305434553163,1.1495235109803388,1.3170762927231705,train,strong_pi_negative
12275,0.37703365121111004,-0.8948083190968479,0.5889957665195311,1.6572031875328035,0.0,0.2602603746103049,0.5235782465610538,0.009068645006385103,0.01317443747604608,0.1939182963462101,283.8283334634165,284.98957030161137,286.6331313389728,288.32337059420587,290.2405400992267,1.332096974604214,1.3829060051662119,1.3579361833901558,1.3587684567938259,1.126516433045936,train,strong_pi_negative
12276,0.5388774006378242,-0.8033532179520209,0.7503459653840191,1.365572506883573,0.0,0.2105962967205441,0.27396452598162424,0.11895454625681921,0.1637134465727878,0.23277118446822473,283.8209121523848,285.4494729220667,287.2477101232162,288.3382414001497,290.1367035270788,1.012208611543546,1.2078657499020664,1.3159145739443596,1.2701792321526364,1.2292559363476598,train,strong_pi_negative
12277,0.4954756949434445,-0.8507833347439542,0.5077251071388313,1.6964412258646457,0.0,0.17071518548786985,0.1910503615624871,0.20070205625350762,0.042986344661418346,0.3945460520347172,283.86946084185223,285.7089014391328,287.11861223039585,288.0590458115209,290.1016855489638,1.1048133845160484,1.2128682670302655,1.0239897460756457,1.117361086091833,1.1764828963416496,validation,strong_pi_negative
12278,0.2539246378585184,-1.2057883384152128,0.5768975307335709,1.2636875872191284,0.0,0.2336670974002002,0.22559355398400197,0.0512124700572496,0.13504575334615962,0.35448112521238884,283.66290344848636,285.20418612027584,286.5347509075364,287.9460555179641,290.0892020412525,1.0858547687473086,1.1018440712258841,0.9823342242097707,0.9612735068070909,1.068510730785122,validation,strong_pi_negative
12279,0.5826499497131358,-1.2627417427551766,0.5891430758674849,1.6427010495682504,0.0,0.2632836595645089,0.1287825032420793,0.2879637983510864,0.07119838713715967,0.24877165170516574,283.5120080024752,284.9393788401037,286.69834568803805,287.5640738622601,290.2312002653772,0.9459893688587908,1.0472895209140534,0.9490584416288599,1.0975574083338235,0.9498159698403952,validation,strong_pi_negative
12280,0.4236763100217312,-0.7062826766589683,0.764034646286085,1.2660193975644407,0.0,0.13487866891978853,0.21559037738986472,0.26130132393268496,0.12857147248176765,0.2596581572758941,283.8325416375343,285.62740489363085,287.3163226869822,288.164897377381,290.1936970204094,1.5622435738069786,1.484125656637012,1.2203315673398274,1.3127056181825967,1.2134922675087827,validation,strong_pi_negative
12281,0.07886511029369828,-1.429002260706664,0.11033699416868767,1.5296897243690073,0.0,0.7677269187832385,0.06851949094057116,0.004752198578729257,0.0035326523246936256,0.15546873937276737,283.46712805913734,284.7154378468484,286.3058075737249,287.91021175889904,290.43653750630756,1.0799855560432414,1.1504301123537901,1.2233275144754903,1.0915793534822194,1.1927554062948862,train,strong_pi_negative
12282,0.5873862807920914,-1.210843723437395,0.47657334667803203,1.734585693073452,0.0,0.38375496348321575,0.0,0.26999163503989143,0.08829085581907029,0.2579625456578225,283.5962126497727,285.00896680100226,286.6464422514091,287.8592571463413,290.06311582453424,1.3146631138450904,1.2285838554169768,1.3625974579081765,1.2275118839840156,1.2557630554067116,validation,strong_pi_negative
12283,0.20750655920001584,-1.2173059171145364,0.16151863528692,1.2387397579621706,0.0,0.6717688055494121,0.05397171415748221,0.01952216150837957,0.029012379810529107,0.22572493897419688,283.61371549916106,285.0556477149665,286.9366246592182,287.8333287428115,289.7061793561541,1.010955793945125,1.0301571209610516,1.0239520941885176,1.0231353932149827,1.0949077225717159,train,strong_pi_negative
12284,0.29645399263386485,-1.2481041528546424,0.6873042541558806,1.489432482229812,0.0,0.15483004959147295,0.1570494844858438,0.5002547696700368,0.0,0.1878656962526465,283.6684894165896,285.1154358903946,286.4545922490718,287.6965301418747,289.8442108412943,1.384573802824105,1.6276314467170576,1.4093106062366954,1.4161364766366586,1.4147891353217137,train,strong_pi_negative
12285,0.1572781375469811,-1.0367002167636352,0.559456974267161,1.6725889349585108,0.0,0.5300491311644021,0.06704070673378147,0.0,0.23120813376668978,0.17170202833512674,283.77132257339844,285.40492591968876,286.8605749354854,288.03524350864706,289.9352686016406,1.3392189950969429,1.3264170528652,1.2325387639238587,1.3264720063987951,1.625526457916881,validation,strong_pi_negative
12286,0.3916909432231214,-0.7001724025495184,0.5017469702681957,1.1429961331899388,0.0,0.42070241453535706,0.04882538715353861,0.3020783761048788,0.06042160350488913,0.1679722187013365,284.16078190431256,285.3003023841673,287.0327484181414,288.4819620311185,290.705709222106,1.4180921669103963,1.3953980744851717,1.3535878809856132,1.1852519022890922,1.2910100368166753,test,strong_pi_negative
12287,0.45565295819756035,-1.4518228395649868,0.5513335694134929,1.607928777615002,0.0,0.2505268315629773,0.23892710332994516,0.05508328279591389,0.11366159164381687,0.3418011906673468,283.3023265628333,284.9517268871994,286.09246309685193,287.33135464161916,289.7602666050148,0.8592998521819264,0.949036790280866,1.1186044700299578,0.7965004248007902,0.955669306565133,validation,strong_pi_negative
12288,0.17706990384652008,-0.8000430770570133,0.1363568808471494,1.6704740679694967,0.0,0.6968387133382311,0.047158780749851935,0.059198100097297444,0.0,0.1968044058146195,284.1088284599227,285.4238832880285,286.7291917340635,288.63678029957083,290.6503631709441,1.1284719904320335,0.9820060784712363,0.9583160235649011,1.1582611066899062,0.9079173074349826,train,strong_pi_negative
12289,0.3687187146628971,-0.7812863239899515,0.32856554641284863,1.456049738139993,0.0,0.3025131627315925,0.2382441374055349,0.0,0.030160704503656877,0.4290819953592159,284.0630209008654,285.1946565569205,286.813066433574,288.32546932488225,290.3530644977646,1.6642720243396332,1.7592625042373096,1.2672206170653408,1.3551846502757117,1.708495992747726,train,strong_pi_negative
12290,0.43911390510305576,-0.932929309816863,0.6501208034643826,1.1404602207154921,0.0,0.40209694883399855,0.18236970825861382,0.0,0.2188755476028844,0.19665779530450336,283.8918293190891,285.45717819764343,286.98980967760843,287.94201477255024,290.20891482519096,1.6076107150026973,1.4105809559336675,1.4133966435645475,1.3636687554469173,1.456992678280891,train,strong_pi_negative
12291,0.16990125180609036,-1.195478421011697,0.46446847242955996,1.6928475468144084,0.0,0.3398639553573032,0.27364853183486454,0.0,0.08040997029734773,0.3060775425104844,283.6896185029048,285.01656914741596,286.4779607459261,288.4679203509068,290.3558381527224,1.4137963091046044,1.6075927807708204,1.5640085402826618,1.5500284916889786,1.4153851719679564,train,strong_pi_negative
12292,0.5609594624640813,-1.147637939966271,0.631020898830237,1.499697462934245,0.0,0.2065087582702554,0.45759349524224424,0.08803670233194075,0.027695350628026045,0.22016569352753348,283.5247569757049,285.25064815954374,286.47246121355846,287.7606457559011,290.45670981935433,0.9063140278260433,1.32270422539829,1.2339089418948994,1.1323292953405668,1.1912515100756254,train,strong_pi_negative
12293,0.253953009591678,-0.6792152360949038,0.26642434330314285,1.1161709842113958,0.0,0.5374485517876526,0.026795462382763237,0.2096288809203796,0.0,0.22612710490920468,284.0561866568555,285.5086688237017,287.13926283164216,288.2600063283348,290.32674683194944,0.8100549802817651,1.3150103510152238,1.065312323892603,1.2798459355305314,1.169929982328753,train,strong_pi_negative
12294,0.6940247456302631,-1.0606247884061024,0.6118847838931419,1.162867312981377,0.0,0.19861629287419413,0.15277050773891232,0.4291142761542296,0.0,0.2194989232326639,283.66615597499793,285.1888740704238,286.6744434281016,287.91486463496597,290.3505130307985,1.2751797783224836,1.199567605920566,1.3029589498544174,1.318397439319026,1.1187651432185663,train,strong_pi_negative
12295,0.0556320698974628,-1.359110862886944,0.03971006657954766,1.2456295416238468,0.0,0.8012724860945103,0.0,0.009677798466502201,1.6134056522730244e-05,0.18903358138246476,283.49301329064986,284.9112791722368,286.4084190958489,287.86622859061583,289.87003728377834,1.6498733323287733,1.8423371967777293,1.7117228006325669,1.726886203051435,1.6133043006587247,train,strong_pi_negative
12296,0.3168463701355378,-0.5821114215212964,0.5066005797042159,1.566559072961172,0.0,0.4208001516065081,0.1056188683766405,0.269879228597136,0.050551241365219705,0.15315051005449573,284.21904629514546,285.72240042091846,287.36365328182995,288.69041272657284,290.60731185152684,1.3346601745396611,1.5666015475448996,1.4098091356873275,1.2042810611168366,1.4029793206861838,train,strong_pi_negative
12297,0.6037702476735234,-0.8545148796535269,0.6282981735027852,1.448321430425509,0.0,0.42258049897271216,0.2510597577027639,0.0,0.17361920790001062,0.1527405354245132,283.9139818968523,285.5408531806076,286.6050670670686,288.31684441296994,290.55290841165055,0.8866060220634175,1.007170715440905,0.95976676104965,0.8513928138817828,1.0044411366420198,test,strong_pi_negative
12298,0.5875812718976833,-1.035182400364894,1.2,1.467187212857514,0.0,0.08286606431027398,0.1272988563972242,0.07232276054547351,0.5653450441748871,0.15216727457214135,283.81568902701036,285.2314244606687,286.87688719831146,288.1834438783942,290.06871426245027,0.9447355894002871,0.9368321373604473,0.9845154432750806,0.9616691949895971,0.9255212267212733,train,strong_pi_negative
12299,0.46577969266875874,-0.6649653258845487,0.8302740889801381,1.7388122653873448,0.0,0.03713951475122246,0.05596534097017412,0.32038249298841515,0.21196312751077445,0.3745495237794138,284.0543634949455,285.6254949164089,287.5464702963348,288.390380297153,290.42281826094234,0.9439474444834249,1.0357722116199664,1.1324905268503949,1.3660113625673596,1.389033848408017,train,strong_pi_negative
12300,0.19176337781646852,-0.5610536760007347,0.43666338951855976,1.2030166467116432,0.0,0.5485130119333632,0.09914115432781456,0.0,0.15376111759537262,0.19858471614344972,284.1181493800832,285.70969281304565,287.2325752258026,288.52192217574964,290.65807999620614,1.26313499663373,1.4396736703370825,1.468212422306662,1.860490509897066,1.3654219181403426,train,strong_pi_negative
12301,0.49027896390352776,-1.4430498035750907,0.5984426756412863,1.5705628278635058,0.0,0.2053138988990879,0.23325303906446512,0.33518963657682116,0.0,0.22624342545962572,283.1497694511483,284.9212868221068,286.43616191735805,287.6465454016717,289.88446204784736,1.548000154991834,1.513992335380589,1.5288736634636653,1.613769341231762,1.3663366673891344,train,strong_pi_negative
12302,0.35131503403855235,-0.9697582509951128,0.6360883052628928,1.6047781866450217,0.0,0.06233281503993568,0.5287487818230919,0.07733952343980093,0.0,0.3315788796971714,283.69249043364636,285.4631224722091,286.59631842135855,288.0095242005505,290.6528691128895,1.0211706649612406,0.991895143236644,0.9813297138124658,0.9004810522686125,1.0359297204157356,validation,strong_pi_negative
12303,0.4014778892004121,-0.6279173832463649,0.6732267773755097,1.1069891777873744,0.0,0.07301348503982504,0.0,0.560876158934016,0.041175309220746865,0.3249350468054121,284.2590978476299,285.5114989944904,287.44987729430545,288.3821764319707,290.6918263162484,0.907445114028849,0.7659559897602769,0.8978747907966823,0.8926756086825502,0.9715916881686737,test,strong_pi_negative
12304,0.5922702127014846,-1.452514159587663,0.7434861512718354,1.3512606312095747,0.0,0.13265058484705625,0.4738840532570154,0.0,0.11980104900740998,0.27366431288851834,283.2851923004831,284.77732492820155,286.3561216330767,287.5542839374237,289.57384811729713,1.4354303365789713,1.3141790322522031,1.5243318787952405,1.6020883612447354,1.7578481463039324,train,strong_pi_negative
12305,0.7350125587130654,-1.2439727913524594,0.9957356759258592,1.595703385540958,0.0,0.03336874607010549,0.40917466259435964,0.19570445050680763,0.18042828141234596,0.18132385941638132,283.6495623061207,284.91328305518704,286.67869284880055,287.80536862361976,289.73102297352017,1.8007711428834576,1.3213780774184853,1.5562853186404042,1.8086220982598968,1.606497663354595,train,strong_pi_negative
12306,0.6289669100806569,-0.7861246704106524,0.7049484626472255,1.4044164954751082,0.0,0.272390745084697,0.32986011291971057,0.10002604320627201,0.1225311532606215,0.1751919455286988,284.06234916690175,285.39241263092873,286.9621058861696,288.1525991543079,290.30119348618365,1.1364054402712016,1.3061576847227168,1.0649656180813782,1.1335889893653577,1.421966086189307,train,strong_pi_negative
12307,0.09841307028316869,-1.1096969191992798,0.2605190542609339,1.4687975463329421,0.0,0.6200403614537786,0.08200496143530198,0.13654689392158725,0.00598359945202235,0.1554241837373098,283.5349631984777,285.34385746628607,287.2063057995049,287.8240884484509,290.4286083633872,0.9332328886508034,0.8394858764620241,1.0313123966325735,1.097209694710319,1.0785594377644545,train,strong_pi_negative
12308,0.49564632571072975,-1.2262829144933538,0.6943830467904251,1.676780817466446,0.0,0.4164448395209146,0.0,0.18528933883905688,0.23954685397568412,0.15871896766434423,283.6498483054408,285.0028751973808,286.7191001675061,287.8008070759226,290.12199990884386,0.8476050107394814,1.0489625334968753,0.8537276628142721,0.8014234532138129,0.913232053111469,train,strong_pi_negative
12309,0.1676092373594183,-0.6599550073914968,0.3207559981650308,1.3491850039724267,0.0,0.5739558308564786,0.255029464320387,0.0,0.0178632669223219,0.15315143790081256,284.26447015534416,285.69282680126213,287.34249125693105,288.47782345459177,290.5084399847779,1.2928454342906688,1.204209686551872,1.3075584160653355,1.1924185565891867,1.1665171146368583,train,strong_pi_negative
12310,0.15526082455418494,-1.4763582779493971,0.6527382417983036,1.2058992141050686,0.0,0.39497209178796644,0.18460317600406115,0.08752386759662295,0.1753055990988098,0.15759526551253972,283.44020332696726,284.8019353474412,286.47322501752205,287.3395979381241,289.8714745830898,1.1355763287153462,1.0926594355648889,1.1910932037789554,0.9488723205674595,0.9729666411464198,validation,strong_pi_negative
12311,0.48475167767173205,-1.2581706244217519,0.9329154994226753,1.173207058774408,0.0,0.2605849256188727,0.12090279098040396,0.0378923610528315,0.3720601736947199,0.2085597486531719,283.46938984947406,285.0066632584829,286.2135447550931,287.93360219413063,289.6739487363038,0.8950774249138607,1.0786888837176405,1.0606336136603287,1.147533712128533,0.9452934348418642,train,strong_pi_negative
12312,0.812219568965575,-1.14029428292935,0.5367296235583257,1.5674725686295616,0.0,0.16662291939181853,0.21023518884592549,0.14900685001622288,0.07374379234808866,0.4003912493979444,283.7420385064357,285.06224213076615,286.759601950327,288.08067002507767,290.31195513490064,1.5722850704835125,1.4069240990298484,1.4591126694727434,1.390393979301841,1.2066965369736844,train,strong_pi_negative
12313,0.5193488119252273,-1.0035288407164544,0.338147379862932,1.5026068213089867,0.0,0.5140402538784532,0.12080941369770648,0.014380734064803438,0.08647861605021101,0.2642909823088258,283.93202022267775,285.3165954184845,286.69358334036355,288.02006460791944,290.4072760592665,1.13602125917854,1.1764616839742539,0.8930131612944705,1.0334182232831646,1.1730336607739793,validation,strong_pi_negative
12314,0.2901966215471475,-1.164098367547877,0.30458864930751306,1.6388034263049207,0.0,0.470467876616905,0.0330063915712055,0.24158225773630754,0.0,0.25494347407558193,283.55312789018376,284.90277922640337,286.22672134902535,287.81720658215096,289.6128411518233,1.3132344243164946,1.3008277233664771,1.3476179952561003,1.4697648710927242,1.1751126604227242,test,strong_pi_negative
12315,0.29193141833327424,-1.3592510958289021,0.28679787989774386,1.1587472681257922,0.0,0.5573729849300937,0.12153459502174367,0.12123358607318252,0.007014849401408843,0.19284398457357144,283.50469720604775,284.93259608255767,286.3734293368289,287.40701913679084,289.3835443095355,0.9014602765410386,1.0363778672240564,0.949348845908518,0.9620672057912358,0.7925687347697867,train,strong_pi_negative
12316,0.4299338871071023,-0.9071271554161693,0.4480855795550259,1.2436342036111687,0.0,0.3529134051804008,0.14729351780618197,0.2086464429022988,0.031072809423272556,0.2600738246878457,284.07602989771163,285.46168601852366,286.64776902575124,288.41063018218597,290.25473849663206,1.1398046485793207,1.1660712862128766,1.168088199707138,1.2765608625042986,1.1010727008342547,train,strong_pi_negative
12317,0.21789137038253675,-1.2895142925871292,0.13904762175435126,1.5265785281896822,0.0,0.5849901195135663,0.08095549494245645,0.028092126811894807,0.0,0.30596225873208266,283.43148420553024,285.08661191741766,286.4278190554367,287.3834830290146,289.8502037646467,1.284826221029368,1.0003518148149562,1.1183176474245433,1.2181067906259837,1.3461748350887652,train,strong_pi_negative
12318,0.4387040043862806,-1.4194235203640848,0.7888043550510302,1.5650401949106945,0.0,0.1555514877774561,0.37648147569899754,0.13117873375210887,0.12557207279996194,0.21121622997147546,283.4362882562819,284.7540117252049,286.3877781365385,287.75362020246155,289.9804194551111,1.4567043299162628,1.4080957356609332,1.440731269545332,1.4216665617855815,1.6879600257524296,train,strong_pi_negative
12319,0.8250998086800374,-1.282777627184295,0.8224988195081964,1.456370332344832,0.0,0.06333355598987868,0.6222093110295983,0.0,0.08514475423929903,0.22931237874122387,283.34346683096624,284.8542287000614,286.5153923564372,287.9506143028084,289.85921349911604,1.1697739334510218,0.9858550463926046,1.0173058204662355,1.0700002662111021,1.1326426976811133,train,strong_pi_negative
12320,0.21834472391451487,-0.6776736910641059,0.38792313478387713,1.3802285498980842,0.0,0.2097844544689256,0.2924197901434611,0.0036175896216890722,0.030942877509363465,0.4632352882565608,284.1209627463761,285.6448204225459,286.8935768287218,288.3964434578783,290.9534357858955,1.5652197712280806,1.740007134335681,1.5434782612410098,1.5940561139544447,1.6598126181252222,train,strong_pi_negative
12321,0.47442386056995467,-1.0780363044050434,0.4197832237341825,1.219896710656817,0.0,0.2564744502841529,0.33896569240699737,0.0508175313271851,0.0,0.35374232598166466,283.7378165027091,285.2096078238007,286.8516258179096,287.98569378778967,289.97291640479295,1.333327140210252,1.2018697265701614,1.3929385499701685,1.5291606474442656,1.2603891317856528,train,strong_pi_negative
12322,0.28623006866638107,-0.8400582358253335,0.4294157183926619,1.6657078349361099,0.0,0.4179780289012386,0.09439761616806226,0.07499843090779752,0.11500983565840105,0.29761608836450043,283.81906649047266,285.4254922463592,286.8881547142863,288.2234362042436,290.2349072353408,1.5703332306837863,1.755102239152386,1.2068109242354248,1.746378887164944,1.4249802475084175,validation,strong_pi_negative
12323,0.4526877838290179,-1.0979225701109652,0.843500686278161,1.1277716950863046,0.0,0.19254287228861727,0.35820963443670273,0.08449428939295947,0.1853983812242494,0.17935482265747107,283.6078196063395,284.969322304518,286.7209274065872,288.0102938344244,290.2525711068173,1.081852333319852,1.3658393463286604,0.976198477666856,1.0308947349056463,1.2769896683256465,train,strong_pi_negative
12324,0.491803868017299,-1.078278211785832,0.3129551970770161,1.578275275310145,0.0,0.5409664768247509,0.0,0.12433514878804042,0.07931002414448783,0.2553883502427211,283.77017033564726,285.12278460252776,287.1544625492894,287.8683839930159,289.91201751570446,1.178250226665091,0.9260503458419147,1.124078661711245,0.9928352871864078,1.0166224922411013,train,strong_pi_negative
12325,0.3691639927169307,-0.997359454336443,0.7572490214397802,1.6656333356272994,0.0,0.15360637819603212,0.4789484056441744,0.03882224513356708,0.10473918533101936,0.22388378569520714,283.72686538250076,285.586416267336,286.73777267949487,288.3578018559027,290.38356624504024,1.2116927415337948,1.1839363753909697,1.2881919654586658,1.2782410073464194,1.2224477057806569,test,strong_pi_negative
12326,0.3599161474618632,-1.3635145251141538,0.4499957581634505,1.6562344381617593,0.0,0.48191467860285403,0.27240004866079753,0.0,0.07379785475132648,0.17188741798502188,283.39171717308375,285.05118065893765,286.7034393984999,287.7243604593728,289.7657110136846,1.1351171246277176,1.0792080689667594,1.0948567624928103,0.8809402488885002,1.2811295045910758,train,strong_pi_negative
12327,0.5452775074387213,-1.3028018783164739,0.547912088487459,1.3716998620314316,0.0,0.3236109409580746,0.14998568598374803,0.36792640250371095,0.0,0.1584769705544664,283.5265062290825,284.9431115791522,286.1522986291166,287.5362624112846,290.1606621251227,1.0573352864739494,1.0464176435418253,0.8132570989198924,0.9725002972401249,0.9775837427907024,train,strong_pi_negative
12328,0.2898220458437559,-1.09277510704942,0.5572166821859511,1.7135103193223304,0.0,0.15224755790272285,0.3460936853479505,0.10066608052398236,0.040228458157009116,0.36076421806833514,283.5471669493965,285.1906921775622,286.57561676804414,287.8456205952857,289.9170192211154,1.3271255101686201,1.5624968230171092,1.6717720179979036,1.6489173819307408,1.6961231474430352,validation,strong_pi_negative
12329,0.3616536892235002,-0.7944285165343659,0.7513145084509724,1.4658406113351163,0.0,0.12159001742054078,0.5652296295512202,0.13568999829279443,0.010197440303478862,0.16729291443196564,284.12699275612084,285.4202281546218,286.9878079828874,288.24242655120884,290.44643393439685,1.0441671132469281,0.9545972035378052,1.1445632470089018,1.1094938284086022,1.2270204076432514,validation,strong_pi_negative
12330,0.39231677395575815,-1.1536700866878973,0.5348065186338578,1.3584208831698734,0.0,0.2295376910894371,0.374029263894622,0.10435368260232898,0.013211786068453366,0.27886757634515846,283.64308058937485,285.24272651525325,286.67890317243905,288.01054869911184,290.22728150369704,1.131047283176779,1.1124356418091597,0.9746083781045263,0.9204877470200102,1.0755522153774175,validation,strong_pi_negative
12331,0.666063595173838,-0.6085383443302947,0.8548969516573801,1.5468159092970382,0.0,0.1953321162530037,0.02114169796902532,0.22696308889046965,0.28839608239894254,0.2681670144885588,284.1467662553176,285.60431935108153,286.834405035279,288.3667555829339,290.4742424948716,1.0130294771655088,0.9543498682241472,0.9484989634568018,0.8833946112774449,0.9894374270994559,train,strong_pi_negative
12332,0.2751844001787121,-0.9869035613739947,0.45781597699353893,1.3872084567296443,0.0,0.2771787990535396,0.3944720831348194,0.033343893858719525,0.0,0.29500522395292134,283.79803693789114,285.13594431128837,286.96802470257376,288.00700036976536,289.7400782011317,1.046166947892004,1.104055372991115,1.1384483342473262,1.0353724235292239,1.2556527847827708,test,strong_pi_negative
12333,0.5641879640673607,-0.5538820595658236,0.7601170972650189,1.3107939075547728,0.0,0.31945580795989953,0.12279573990995997,0.04862758883715405,0.27934688425895243,0.22977397903403413,284.1962302258115,285.5304380142249,286.9199804384666,288.60219214734246,290.91005231942484,0.8322820959401546,0.862192592374357,0.8923355170734992,0.9110941621636623,0.9047604434436959,validation,strong_pi_negative
12334,0.8916026112998691,-1.3930965521600425,0.9456866867988665,1.326535788713174,0.0,0.19300562022799087,0.1671743581846485,0.2260277000743207,0.26124231426994865,0.15255000724309134,283.1810593591981,284.82247960222924,286.1776925936571,287.91980732404045,289.54309273853255,1.4592813528803825,1.210933102716336,1.3107144828919195,1.5715616231654423,1.3179720812645774,train,strong_pi_negative
12335,0.3398001512989573,-0.6959441851357395,0.26224054072926983,1.726174471815455,0.0,0.3953698071754795,0.15449097593682104,0.0526180501431756,0.012565757324636601,0.3849554094198874,284.1868333040005,285.5982570748809,287.1390113767387,288.3068621921336,290.3279713679882,0.9224127941171135,0.9151505117564316,1.0104649637337926,0.9107545660109418,0.9558809628266283,test,strong_pi_negative
12336,0.33057065187518714,-1.4437489019115155,0.6822578517815637,1.275621939262506,0.0,0.24732703693318395,0.40950059285198687,0.11308397096261558,0.06483664398348067,0.16525175526873295,283.31931211959466,284.94114823856097,286.41801196741073,287.67724337965006,289.8430246017766,1.4784080085198017,1.3472173483887646,1.4531816380310134,1.4006737652172876,1.483600437432486,train,strong_pi_negative
12337,0.43616368951429146,-0.6838623293335706,0.7838630607369099,1.561132569598612,0.0,0.12974604743017776,0.2874063077799942,0.2855624695192404,0.09044714171883762,0.20683803355174998,284.07089821480133,285.53090906143706,286.9523228174709,288.53037209227585,290.8549238185041,1.4305148932729366,1.4104077779883737,1.458739247742956,1.1710932724730185,1.8446501845516265,train,strong_pi_negative
12338,0.6909932197754023,-1.4404587460064935,0.4674305530957596,1.3503660975705456,0.0,0.40382605636460833,0.35090695896735563,0.0,0.04326179706420199,0.20200518760383387,283.23538736274895,284.87297131826114,286.2916581531385,287.69047097600475,289.78143857847857,1.1130048833885486,0.9981930334913351,1.3281347941999537,1.1209731449843798,1.1367168542492145,train,strong_pi_negative
12339,0.15947753996253755,-1.08345205482189,0.3960963001890529,1.2225686212573477,0.0,0.4840943463543024,0.04491415774418119,0.12972122087871077,0.09573046078308046,0.24553981423972526,283.9103555727999,285.21960885530393,286.6753065045519,287.8756693430458,290.4794283362987,1.3898365596212552,1.036723195326777,1.0766983041453924,1.270739074540505,1.0389749755519593,train,strong_pi_negative
12340,0.25797050673143324,-1.3482560223259776,0.8868580342863119,1.4672304998548769,0.0,0.24505039159996905,0.1871980423894608,0.1013500404546815,0.2841549757210848,0.18224654983480382,283.50938619006126,284.6559796819561,286.52682137038795,287.8851877755179,289.6519012025527,1.6235626092783524,1.7185640617015683,1.5551248261913164,1.343861730695011,1.4980528528117178,train,strong_pi_negative
12341,0.6744366906638548,-1.1961041260435934,1.1987511101784427,1.1694818825998012,0.0,0.16765244484778785,0.0,0.1720459860168705,0.49835256208078615,0.16194900705455553,283.65094271767146,285.0017204795322,286.29689831505567,288.01002881565466,290.15252549230223,0.9583688578445554,1.0265447765261513,1.0546719611844066,0.9825741675352898,0.9652950293123779,train,strong_pi_negative
12342,0.2148724762392086,-1.2307778402901728,0.08459726620412908,1.4158196664982576,0.0,0.7717836993611972,0.008855953592303224,0.0,0.022870656305912927,0.1964896907405867,283.58322594144363,284.8508720973972,286.74992033166467,287.85694049788464,289.9257600135511,1.2233839645760476,1.240028640799265,1.3989615533264614,1.2716368671885805,1.181362897571264,train,strong_pi_negative
12343,0.41286826928556114,-0.7822250588398769,0.1725623012241136,1.5409097696610718,0.0,0.5973948155432369,0.037483148105699034,0.03514034034509028,0.03496940638666214,0.29501228961931153,284.0827041276992,285.5059174058256,287.037312178324,288.4806064001248,290.0630175337471,1.778366382427488,1.3928497980541519,1.4900312236043844,1.8294517950334557,1.4359789185010443,train,strong_pi_negative
12344,0.7811961528968948,-1.3876968958369722,0.874630419215735,1.481788277684447,0.0,0.10532929108857814,0.5101214384614752,0.12222883339648934,0.10614007367888521,0.15618036337457214,283.5054100647788,284.81139457718854,286.7231270015057,287.70805383988363,289.7430108669996,1.525050395239279,1.5159868686178426,1.3169206571241328,1.4607970114136986,1.5353995573065253,test,strong_pi_negative
12345,0.35591584982610713,-1.1785564586316193,0.42707654428895636,1.590943831651114,0.0,0.32603864908946245,0.15504785686929892,0.13178078563335732,0.055123950893150066,0.33200875751473125,283.7182028209751,285.1140867197221,286.6395098500304,288.03642775282736,290.2253683631342,1.4022868214263182,1.378508447053331,1.291703799034158,1.3829781748075063,1.6088138595278536,test,strong_pi_negative
12346,0.4334397593561804,-0.9255426362954355,0.5018931990616756,1.7152221987052427,0.0,0.3520130222735012,0.4322853788922827,0.0,0.01980391008469646,0.19589768874951954,283.79293247129414,285.37010609602726,287.091055890843,288.2604329257132,290.3451944129382,1.0983820893574099,1.0643803729649757,1.1304800041145464,1.1811430800450289,1.0658541209324024,train,strong_pi_negative
12347,0.36961242660873045,-1.2398374652719326,0.786930151401328,1.4849592487875256,0.0,0.07454757620336472,0.48181320433586444,0.01828425402496306,0.12841634652025033,0.2969386189155575,283.5250210333099,285.295385362871,286.5020729920491,287.7939478860438,289.9410123405811,0.9834706541479864,1.1166491665617726,1.1109474506910642,1.009117452392702,1.1511787195506655,train,strong_pi_negative
12348,0.21016649789789016,-0.5399114667333977,0.5717241171853262,1.594935256348411,0.0,0.16928458546278236,0.48726135544626253,0.05446276173906378,0.0,0.2889912973518915,284.31487761764055,285.5375564077484,287.25811192872567,288.3156222483235,290.3599279860365,1.2276145346063907,1.2908373500844945,1.4553978634250224,1.0485818660989585,1.329494189433333,validation,strong_pi_negative
12349,0.2668175420675819,-1.4874825434990067,0.606226516166026,1.739934425984581,0.0,0.11849439247374197,0.3115283886623949,0.0,0.13234906375181554,0.4376281551120476,283.2316678296443,284.71705863390565,286.21112905354465,287.6264408232236,289.632355336443,1.4103777441498635,1.5263963623677161,1.258035438857078,1.4215886869868448,1.3510711272019005,train,strong_pi_negative
12350,0.7228743004998183,-0.7970916840905975,0.7827618039300865,1.2477620314020434,0.0,0.29149441386174274,0.20892605971726536,0.0,0.2719178721064106,0.22766165431458127,284.04850895493416,285.4786291502852,286.67600236941536,288.50425410872754,290.76164352785645,1.4903083357517708,1.663063556826752,1.647568379551022,1.9259856800875013,1.6082838486187145,train,strong_pi_negative
12351,0.7065086441625584,-1.274149365995846,0.6009270681927626,1.4684073713640065,0.0,0.3941649697961081,0.0,0.3014396385441656,0.13474371482429853,0.16965167683542787,283.5018304098443,285.02540969433306,286.2432783542435,287.8315188672551,289.9345075946402,1.1262792044293108,1.2815737333793669,1.1013244158495643,1.3897168365308086,1.2642643195725758,train,strong_pi_negative
12352,0.5815219517381011,-0.8821338964564531,0.5402778607207441,1.6946908548276771,0.0,0.2377914080842763,0.2495791985113968,0.09102845222639573,0.08483510499147578,0.3367658361864553,283.7708480673036,285.70830159014224,286.9577742392515,287.8003934670121,289.9305991611477,1.3751251200247212,1.1271047284457878,1.2231002207159196,1.1031265326440869,0.9276326112898038,train,strong_pi_negative
12353,0.9094177926522161,-1.3833629770442015,0.9259467272210173,1.4358006125541318,0.0,0.23561073231821458,0.08533383167992087,0.18378926640389517,0.3134118145686007,0.18185435502936848,283.33074097929455,284.9447691771049,286.06091955238975,287.64424977062293,290.2299476726228,1.4925238884124528,1.4452651726087549,1.7042276365259004,1.4322940817693834,1.4550479902464328,train,strong_pi_negative
12354,0.30839898391522563,-0.8113835583572437,0.22744810622291042,1.7161996443723546,0.0,0.5815673397190639,0.1492996272304344,0.04814847899247601,0.0,0.22098455405802572,283.9338098129441,285.33970056906605,286.89125440787063,288.11583804408235,290.44118389331965,1.4742360194785524,1.1710297778022996,1.415237389190688,1.5106053841816791,1.6257573519842694,validation,strong_pi_negative
12355,0.07643806769809794,-0.8518336329061529,0.10839399822731319,1.5987203689315268,0.0,0.6431372139590704,0.07791002127242577,0.0,0.00024198847744370583,0.27871077629106017,284.06130277652204,285.77800196591755,287.0689851177859,288.43839966249084,290.4905578342209,1.271850382962198,1.7611423684669438,1.436935809319685,1.3578747282003132,1.2524030685660161,train,strong_pi_negative
12356,0.46226388102397975,-1.2877293477126068,0.413432204827057,1.3455033111501171,0.0,0.4058614951931161,0.19075212381881268,0.10193230962071556,0.045373885693764375,0.2560801856735914,283.6117977553611,285.1672178890702,286.48235950399345,287.8745462589672,289.6824212108503,1.4328416194778544,1.5528848492797265,1.3192827784981462,1.2041623786559987,1.3187251591347682,train,strong_pi_negative
12357,0.4996243649762948,-1.2967598532829387,0.7278568539337228,1.6303612522127917,0.0,0.4096573181020899,0.01905558704284276,0.10807678689722021,0.2853622399968299,0.17784806796101713,283.45721318499443,284.84678005985836,286.63128034102033,287.9538953261918,289.9715146620687,1.1004346176766033,1.0502443078951493,1.308809458966148,1.1612392408252896,1.3066456604790726,train,strong_pi_negative
12358,0.8133850128235777,-0.8060013354750546,0.704237105493456,1.2909887614550866,0.0,0.04738372461720641,0.2343302416296845,0.02922238913001072,0.2053422373668804,0.4837214072562179,283.95633129084024,285.3768881745545,287.23014467829313,288.2379337249154,290.5147057536655,0.787232152906766,0.7364439160435513,0.8814559060576239,0.8518609230906502,0.9695788970376488,train,strong_pi_negative
12359,0.19678026915198563,-1.2515427847670786,0.9208310291829044,1.1263592149749888,0.0,0.16029559412850136,0.0,0.2938885909709171,0.29847121910599367,0.24734459579458784,283.597097320852,284.7896434578845,286.3135666631416,287.8646039517334,290.38761040198676,1.26626745816143,1.4737915929840617,1.2281956845358275,1.4282593118032567,1.3754185354351536,train,strong_pi_negative
12360,0.5047852062306538,-0.7957858504565793,0.4326001692093707,1.2687040259468243,0.0,0.2917815932734672,0.28469992231524477,0.11790024689412591,0.0,0.3056182375171621,283.90061845932803,285.5261707626331,286.8920867298857,288.2758628634466,290.0904392556203,1.6436864845390953,1.703200403049948,1.4797697155730372,1.7498626071216374,1.594711097955357,train,strong_pi_negative
12361,0.8200965461588576,-1.3206864037575285,1.131140284100399,1.4495000350180152,0.0,0.003350313483174936,0.25946763445851795,0.16348056172378606,0.3390960439590475,0.2346054463754735,283.6167995342404,285.00393144836016,286.2886960865608,287.48578500438805,289.98163660465497,1.6649552077097323,1.1861522730195813,1.4363320390351475,1.5920112382288374,1.4357511643280318,train,strong_pi_negative
12362,0.6671881110376497,-1.1070398292457733,0.8096855124221585,1.1592353760807945,0.0,0.10684056281392643,0.0822619679501855,0.5987462588425273,0.04933864281472283,0.16281256757863805,283.5991841754707,285.4112109524169,286.45903494466785,288.0306185096595,290.12125119301845,1.0445427121190853,1.0453689416164083,1.1594800190748011,1.1072182738179226,1.1059186695557977,validation,strong_pi_negative
12363,0.3715824410989951,-0.6014594585498294,0.3918139446514227,1.637490350885022,0.0,0.414691550737801,0.21185005989412276,0.0,0.07498194237865,0.29847644698942627,284.16734393908155,285.76460033589257,287.2005344986468,288.3352473510702,290.3897430316238,0.9378661829216265,0.819532270192841,0.7518726447930413,1.0003835537415835,1.096528404856557,train,strong_pi_negative
12364,0.31831068969159815,-1.4214989169860726,0.46150431817625587,1.5147685871228895,0.0,0.4886860416985645,0.054769021539953326,0.1481376672561472,0.11429881469007767,0.19410845481525718,283.4571651444727,284.5886614380718,286.3540695163383,287.4778908366209,289.7305609807393,1.2139849925622033,1.1366903792392657,1.149525964395882,1.2047166994866405,1.1643761900815428,test,strong_pi_negative
12365,0.7406964248156666,-0.708452118603395,0.7527959087899998,1.2553188684211958,0.0,0.0694100008320568,0.41856420750955514,0.22720303728925423,0.03851433199559518,0.24630842237353878,283.9604980295903,285.5108960981264,286.90807512423663,288.51492441981173,290.2204076452823,1.4431260166117492,1.453079453979936,1.2715850068056707,1.5850932828945965,1.4112520689328532,train,strong_pi_negative
12366,0.3614889286399407,-0.8556026927904368,0.7024624510233086,1.5400050765563758,0.0,0.30982525171858855,0.05316502254614588,0.13594185289342253,0.24167778779187007,0.25939008504997285,284.07323489236643,285.47485117459473,286.88194194177066,288.01402955372873,289.84914689292873,1.759170920163367,1.5775774285171826,1.3581804963124546,1.3379368766536426,1.4216888352810721,train,strong_pi_negative
12367,0.5305812437058275,-1.337827799299204,0.31183154659217527,1.385110780078661,0.0,0.5278922547359081,0.0764178128280723,0.0621608715388902,0.07162643111260637,0.26190262978452294,283.40498337625917,284.803684042237,286.1390977635913,287.74111658800166,290.12846453918104,1.4388685097548874,1.507308084868129,1.3735152155305435,1.4619013188490748,1.661832246851175,test,strong_pi_negative
12368,0.2648968177154512,-1.4701312507871496,0.549051212627547,1.1857119241348788,0.0,0.4291429964719415,0.14833715168868272,0.12260838572128971,0.12405283760878726,0.1758586285092987,283.3416934938373,284.74116340397734,286.27176981954995,287.30403428571054,289.58861704248363,1.3812426512372369,1.5009566409326296,1.5204324894713614,1.2797376410328059,1.3944410641795422,train,strong_pi_negative
12369,0.19283222686830503,-1.4955516864354932,0.33606903250456294,1.190932981125004,0.0,0.42479074496722063,0.1978150270417475,0.09718292170514004,0.005535541878837707,0.27467576440705405,283.2889334440281,284.7258196447197,286.09032735853486,287.58159611973105,289.81885878871014,1.5745269469856737,1.513874924908309,1.5742930368395087,1.600931360210239,1.4767549642081947,train,strong_pi_negative
12370,0.6297754394724772,-1.4992061645852996,1.0109069899768595,1.2398013365236733,0.0,0.06287008957381003,0.0,0.05794160972520459,0.46148269012582743,0.417705610575158,283.3349111151412,284.93512239409955,286.6348443560151,287.59600759385813,289.54287606823846,1.0022822533852829,1.3817718448687024,1.3565764351576741,1.3799014202030355,1.306822015853849,train,strong_pi_negative
12371,0.4297136468403952,-0.9350473653704432,1.0157762279755822,1.529976043438231,0.0,0.20601551786944303,0.19924332859002317,0.004032606150144105,0.39125014661770746,0.19945840077268212,283.91474556810556,285.34232407622926,286.6619853454657,288.257856550381,290.33181563923574,1.127202779145601,1.4739471617343338,1.323421178035996,1.2361886387136778,1.2209610328555576,train,strong_pi_negative
12372,0.0446119870611352,-1.0675601405930055,0.036758563754740146,1.5050463364813165,0.0,0.7587115605388685,0.0018746610321615593,0.0,0.002441951361289296,0.23697182706768083,283.7477272996346,285.1702681665007,286.5413245847865,287.72968762134474,290.01174854257806,1.102853557177419,1.0903304284137099,0.9390096247551948,1.2743683917530813,1.2633380545471917,train,strong_pi_negative
12373,0.20179636539817494,-1.1829356325760219,0.4146010752749524,1.4494529480816656,0.0,0.1953524869973709,0.0,0.2646218632936978,0.0599896059906273,0.4800360437183041,283.49183277169976,285.197717563784,286.38793974090487,287.8480794374382,289.62348620640563,1.1928775982804856,1.1958747428847472,1.2123457798078086,0.9404381971053815,1.2697614470148193,train,strong_pi_negative
12374,0.6221480892832494,-0.8526911113819762,1.1075761106567477,1.5354407607960567,0.0,0.012769812427864334,0.51298808056616,0.04028834074813229,0.2621498446712277,0.17180392158661573,283.9074946834249,285.2897483079489,286.664327528063,288.0243364850776,290.59953912467495,1.3618751812177508,1.723406967883358,1.2686800022677576,1.329206898496601,1.4397052601851463,validation,strong_pi_negative
12375,0.10946447114331943,-1.409570382820307,0.5843635903195479,1.294197319665586,0.0,0.32567415261626503,0.20725231534105695,0.03258251516520393,0.15726437990664346,0.2772266369708308,283.34885231294714,285.05614203485953,286.3448045494766,287.47389426293637,289.8729206744948,1.50141879399154,1.4823117948646956,1.6313729004550221,1.3884432280238619,1.523279724017223,train,strong_pi_negative
12376,0.410681690824706,-0.8529586668016131,0.6440555298002182,1.6990051303580351,0.0,0.23285889730282314,0.02946914059161745,0.4555592554140842,0.0645135668972583,0.2175991397942169,283.9472882443425,285.5682035320411,286.62118696511413,288.3201132613499,290.3771852218887,1.2079512977547666,1.1679152727898756,1.2480409463577269,0.9865854625429729,0.9092492355389676,test,strong_pi_negative
12377,0.3428267081504142,-1.2419904805954487,0.8080769764637921,1.2570159775291063,0.0,0.2432976182063957,0.2239297021812079,0.1445687810156512,0.20478924663346645,0.18341465196327872,283.5464562110331,285.1120385733892,286.5797403323944,287.5187696419154,289.92130085197897,1.2253537309335043,1.114702740934756,0.933563614517456,0.8966442879485438,0.9508999110531599,train,strong_pi_negative
12378,0.289871966784383,-0.7625095311300352,0.34284194277934704,1.2622211231558234,0.0,0.4754390560628083,0.06271161856725004,0.2182567354291097,0.015936794391493647,0.22765579554933832,284.03585166043604,285.5444693822855,286.9316907121307,288.22691261948825,290.5872437011206,1.4120705510255196,1.24690567531979,1.1784559745780872,1.179537350877485,1.3469171429723314,train,strong_pi_negative
12379,0.21058118632252165,-0.5136483592766954,0.17355701613180302,1.590779846343447,0.0,0.5674017044929774,0.05457982059580185,0.03198436981068642,0.02849641286265737,0.317537692237877,284.3639399309042,285.947001884929,287.24243516841307,288.5504036704971,290.57994667534825,1.2817456492223545,1.2816513536553107,1.2247223250627555,1.3935687253321887,1.5007628082790117,train,strong_pi_negative
12380,0.4232205823986988,-1.3758959454022222,0.3428111074336041,1.1752870028524771,0.0,0.581733203566019,0.0,0.09347228610176397,0.10966941066592005,0.21512509966629692,283.3644477178578,284.98053403128114,286.61895636032136,287.6628110241326,290.1687600266339,1.6198801110640881,1.668811914155788,1.544002258875457,1.7727863604263006,1.5986961283967853,train,strong_pi_negative
12381,0.7338342936378038,-1.3560169912073223,0.7596463635103168,1.4588915299341367,0.0,0.1839461948670486,0.41002469803531527,0.06703234933836467,0.1262946580683184,0.2127020996909531,283.18106211111166,284.9611748965758,286.4392034791505,287.7530224350424,289.8302671212161,1.0465997819817712,0.904488116579626,0.9030554405871681,0.9619075048172137,0.8805293747012242,train,strong_pi_negative
12382,0.47732012918308137,-0.7118585086793034,0.4505175455536723,1.2505146672084193,0.0,0.3978814911445593,0.06637105463344697,0.05226608760905205,0.15094020165558664,0.33254116495735503,284.1240161504577,285.68926329532763,286.90040275318887,287.84336001563037,290.4945261965197,0.9974012835881326,0.8602820744705446,0.8695589096325598,0.8241415567973159,0.8565377345313957,train,strong_pi_negative
12383,0.2349248532388276,-1.230135287156814,0.4635689936436404,1.2185766553269834,0.0,0.21426058426324462,0.03058033874836061,0.4029886548952798,0.0,0.35217042209311505,283.40383809300744,285.14543728542236,286.4864424696832,287.98108375875273,289.7785055669046,0.9847776665718064,1.0343964795081564,1.10298587795575,0.9018843672380429,0.8705265075566762,train,strong_pi_negative
12384,0.71845363853795,-1.1050258560661077,0.7500638880081831,1.3845312124112328,0.0,0.2558752944165064,0.21164033199846738,0.04661435827729758,0.23090459886620912,0.25496541644151943,283.81418607039603,284.93375852529107,286.79567328810367,287.8384203242517,290.35720187686513,1.3161045226914054,1.2398324498821356,1.221935727932344,1.3568375914667121,1.2074086615922623,train,strong_pi_negative
12385,0.5991552855439968,-0.5237988345813815,1.0601122095964939,1.5425612011552696,0.0,0.03256673596456398,0.23193103809829763,0.36566446186262436,0.21625835481778596,0.15357940925672803,284.47154286393936,286.08254039278154,287.3078919826274,288.4754979542581,290.96511479374107,1.2760979049292618,1.378803736929633,1.137213625217911,1.115395733074937,1.02691601568716,train,strong_pi_negative
12386,0.34197588289903763,-1.457580954927915,0.27313579451002185,1.1131780040321655,0.0,0.2935262493062157,0.06396864847273756,0.0,0.08958357301864214,0.5529215292024047,283.323548684505,285.09476857565693,286.14760636205665,287.57399936449696,290.1459081352186,0.9047006917105969,1.1958483930247472,1.0089678238914088,1.051997729045506,1.1650872286627314,validation,strong_pi_negative
12387,0.3434463671668528,-0.9395004807918235,0.5514749801982547,1.4589776250391273,0.0,0.3965341327871468,0.20381697598363585,0.10556241642462931,0.10604779389499479,0.18803868090959344,283.89742547931075,285.21631896137296,286.93390952608723,288.03651895040724,290.5083237879404,0.9059731972412738,0.9926376684258198,0.9743359426104174,1.06159335494285,1.0120526062284252,train,strong_pi_negative
12388,0.2741663386585607,-1.0922392750790855,0.536036457842248,1.141906898095904,0.0,0.5383218530593679,0.01695119372699169,0.07296695973128436,0.20805915219198595,0.16370084129037002,283.66912828385085,284.97775242130825,286.8392031365971,288.04220902768185,290.203309505277,1.0248506031207767,0.8432827098919857,0.8998610971828721,1.0527147817265265,1.1080256225130398,train,strong_pi_negative
12389,0.2018959650589185,-1.4527000855595715,0.5967101455303512,1.659447742188833,0.0,0.4272515657965122,0.07410591713887778,0.008703012997007355,0.241950607697233,0.24798889637036978,283.23991136447364,284.88747354983474,286.21298993878463,287.58346151779614,289.11486913431077,1.3148671863017773,1.2631680614833125,1.0981500781505416,1.3002400286957811,1.114589195667602,train,strong_pi_negative
12390,0.48007643087394336,-0.9094423954576012,0.27932764257867204,1.4755073425755885,0.0,0.33127971559537805,0.09925375051455189,0.15007389206412017,0.0,0.4193926418259499,283.97691418745046,285.42664985026823,287.0564132125556,287.9023485264231,290.36843884012893,1.2522101577693106,0.9709409899151631,1.3905185014978854,1.287147973249011,1.2901792956934326,train,strong_pi_negative
12391,0.0704593187757344,-0.9869745343698058,0.10012476736774441,1.2547693320405502,0.0,0.7351559832538742,0.02980794548958828,0.0001280080330414592,0.020094406922557338,0.2148136563009387,283.632783236635,285.3494619018484,286.92103248452014,287.9472530885688,290.2573622765682,1.3961379259629145,1.2921456220806398,1.2199989710451102,1.2221696286284742,1.5994381841723122,train,strong_pi_negative
12392,0.4838083398000666,-0.730877594782612,1.159294698913796,1.3031652007591106,0.0,0.1235040112435866,0.16650276969120506,0.1213125026219314,0.4207397133003298,0.16794100314294721,284.15839458069837,285.3184160769233,287.21475285057954,288.3661079822763,290.5824734683873,1.6422959912732134,1.527066792014819,1.637231733081902,1.5053498158726168,1.6185502944432202,validation,strong_pi_negative
12393,0.2599171092529612,-1.3408856377083689,0.20271014949335336,1.1959131136461123,0.0,0.6030329216918718,0.07805074853687499,0.09465940095647836,0.0,0.22425692881477483,283.4793608136075,284.96190197939774,286.47537551103204,287.5040438091197,289.74885126434594,1.0531930855837575,0.9231959011876694,1.2218779056435456,1.1445426299240404,1.264641270267006,test,strong_pi_negative
12394,0.420101995591856,-1.138989315480817,0.29838986870507067,1.5438788103406311,0.0,0.28831045782724896,0.04203966639796379,0.22635020230710687,0.0,0.44329967346768057,283.6625527443782,284.8580573348076,286.5042487834681,287.5211746876467,290.1793707409441,1.0814222599747414,1.0588622422945764,1.1220047020470176,1.0578489618873688,1.1395499403456422,test,strong_pi_negative
12395,0.18086897408577504,-0.5424884683192395,0.40291170691577455,1.3384906313634164,0.0,0.10935779596082769,0.0,0.32423101910557706,0.024340343905098726,0.5420708410284963,284.1846240626009,285.6536517357518,287.25798032625886,288.54259046405315,290.3180736569423,1.5924363923976599,1.426947715875593,1.4623308222327331,1.7868759006078307,1.473819863026182,train,strong_pi_negative
12396,0.5118348219795095,-1.1335958586257617,0.34597141306752444,1.6519830796730264,0.0,0.1382450683722977,0.239892793333091,0.03756226255138995,0.019258178591521725,0.5650416971516997,283.6693376760749,284.8444755573222,286.86742465635587,287.7650442864937,289.9209000565814,0.9368058614742715,0.9708090014107054,0.7307461064643198,1.0980930569797587,0.7790256474113716,test,strong_pi_negative
12397,0.2021299565960348,-1.3227216193444744,0.0880456469435073,1.5596969851457934,0.0,0.6447602237877578,0.03444848291834843,0.01123346234991771,0.006181850837620588,0.3033759801063556,283.45938131897606,284.92802837937415,286.4729329261408,287.7379899662164,289.7367521660796,1.4374194646833023,1.30359182386379,1.0962104878949626,1.5129483582534662,1.3314228967206823,train,strong_pi_negative
12398,0.5210634352531367,-1.2851782420738016,0.7834646147920401,1.2833553231090804,0.0,0.0724973919522813,0.08522188994337504,0.09076151249754727,0.2887406061755589,0.4627785994312374,283.3198882491462,285.0201900672578,286.3443543634712,287.6813184731913,290.3611332068895,1.6314498274641107,1.6085958221699763,1.5701743082691042,1.6738640256405728,1.2612589669102074,train,strong_pi_negative
12399,0.48587843075909004,-1.479812350996406,0.48986718401469254,1.606537637187927,0.0,0.3098280476493761,0.34168132899892234,0.11818585501577016,0.0,0.23030476833593144,283.39162917706227,284.7390653376507,286.16825470941626,287.6166857444983,290.0538193853894,1.3125122125074413,1.2860118120990056,1.1819355870899213,1.3638576979956978,1.16829584527929,train,strong_pi_negative
12400,0.34667341749976854,0.4415632645049756,0.6069976086377754,1.59924471588579,0.0,0.24501678135695495,0.5313107000798315,0.03575395858304805,0.004966474987447876,0.1829520849927177,285.35942289243417,286.16491786548,288.2037001410692,289.48921435157774,291.8270395508301,1.3253612011187441,1.510812722334118,1.6601441154852958,1.3364810811839474,1.538931960920888,train,strong_pi_central
12401,0.3285859981868306,1.3929163365349555,0.3259204785786058,1.4377348513201016,0.0,0.5018458892951883,0.24213969774255958,0.0,0.026890390418023095,0.22912402254422903,286.04052653515697,287.5286728563503,289.35841447045004,290.4891215069924,292.6837607993067,1.2879001740495968,1.0857631882035672,1.1409370532551426,1.04684097624974,1.2512787688766958,test,strong_pi_central
12402,0.2205610739323903,-0.18954110270864177,0.388937316603991,1.5596146750591657,0.0,0.6065597158751279,0.0,0.11500027284095746,0.12196852188151677,0.15647148940239788,284.6308884881437,285.95953400216194,287.58789979497425,288.9271351433293,290.8262585690143,1.0181334978227186,0.78917570016814,0.8991309068003629,1.0554210097286922,0.7357241445891601,test,strong_pi_central
12403,0.3032019340849931,-0.038646469270436246,0.3745403754450335,1.6576685013203627,0.0,0.5543113067977277,0.16887600369861097,0.0,0.08783218587321125,0.18898050363045008,284.86720718737297,286.2692964514882,287.3542220652009,289.03111875969466,291.52818276634224,0.8966259292218445,0.8713999881051423,1.010258811622078,1.0036962411613872,1.0095615506603275,train,strong_pi_central
12404,0.29475570081792124,-0.004656347808274397,0.4109548610374758,1.4794270537238712,0.0,0.4452235478253867,0.23597845238380888,0.07476277825270271,0.03510681520048209,0.2089284063376196,284.95714311850696,286.23706152466053,287.6186325577826,288.8614231414491,291.4767063049799,1.1765208841360124,1.2856128009974006,1.3475521851743881,1.2615550089334577,1.2263451409232131,validation,strong_pi_central
12405,0.6626840676487102,0.3963738353093822,0.6963772832108174,1.3081901734945005,0.0,0.07921524938700975,0.18261168473563114,0.46473492786103887,0.009515335307073677,0.2639228027092465,285.17161539247473,286.5552238747524,288.28851527371046,289.445258015021,291.52006362922685,1.4278522423895357,1.439286178531305,1.5441124355781286,1.0521020571754323,1.4995640741675498,train,strong_pi_central
12406,0.6031512424549307,0.42292272217946625,0.39263042640414,1.2912441610403658,0.0,0.5089895945066891,0.0,0.0891621873854636,0.1367341195093382,0.265114098598509,285.2558941132529,286.69762400231036,288.05070985277575,289.50422365386447,291.76340521401073,1.6392965967684248,1.6284634084613707,1.5060683650657185,1.4768443258724415,1.6275170492905113,train,strong_pi_central
12407,0.3512746215292296,0.7181153148341646,0.41095818996228284,1.6026323499826538,0.0,0.5255823714875981,0.054513974637542977,0.1970196030410349,0.06471230614185247,0.15817174469197157,285.56901005821135,287.13469885659794,288.3044592995739,289.7352437822951,292.0848700432975,0.8938715875100692,1.0106747466976425,0.9284081695973158,0.8785563906674501,0.9504138877372265,train,strong_pi_central
12408,0.23236547901404972,0.7616708232389011,0.6218329202424184,1.6410973882762023,0.0,0.2618874721369067,0.19036507911898043,0.037287857435832295,0.1820899918438029,0.32836959946447747,285.5091604504421,286.8902029274816,288.36021892502237,289.7104323341436,292.0109836765624,1.2329670760224412,1.2374144896092096,1.0196028635735657,1.139702692048096,1.2621543700207603,train,strong_pi_central
12409,0.15827841463890868,0.10912430960173136,0.46243323800788705,1.3653874207653987,0.0,0.372609068927037,0.3816421195140175,0.05036496656950454,0.00021307596218249588,0.19517076902725847,284.94221401854634,286.6144495138495,287.8248788599897,289.1523734840577,291.27256923805345,1.0208779015491152,1.020152364708048,0.7751598633379553,1.085928719307945,0.9194537776836886,train,strong_pi_central
12410,0.47366726071317156,-0.2075828592940283,0.6639495809239916,1.431956156041488,0.0,0.11622698308455495,0.5007437555310547,0.041998773205575816,0.045603526093680555,0.29542696208513397,284.60800631947063,285.917945648309,287.5763995542296,288.97592340375877,290.9503673644851,1.3737379276979245,1.7571724275433025,1.4534077741002684,1.605628636359798,1.2479668831913802,train,strong_pi_central
12411,0.22149600775105374,-0.41994177062730387,0.32071989943692064,1.5214296861195864,0.0,0.4944008533676146,0.2757939906563443,0.011036365593170516,0.0019447715937029235,0.21682401878916766,284.40196651940795,285.7544352839258,287.3488404984698,288.76793858301534,290.4034565094938,0.8798512594762934,0.9265960080922958,0.949623052274651,0.8896383259807612,0.9103966393455374,train,strong_pi_central
12412,0.23777841333204358,0.23806079128597224,0.42106528943622,1.2459697935701042,0.0,0.49630537434494065,0.1462066086470312,0.1525039976973913,0.04617734154589876,0.15880667776473806,285.13631690114806,286.2014591015485,288.2012432413033,289.1606321576315,291.25368599697305,0.9837699671918165,0.8987854762167925,1.0432124616600404,0.9650416421645723,1.0467046925058887,train,strong_pi_central
12413,0.6662573725803628,-0.32416029321173667,0.6429773338104765,1.2811142465306566,0.0,0.14482121466196124,0.06475650438223454,0.1833717791340503,0.18242452514709587,0.424625976674658,284.5222843547826,285.80841923305644,287.3677341745074,288.5601279653468,290.8618150316877,1.5818421012498107,1.388669594618069,1.3510260897821327,1.3721192714994177,1.5532120699148164,train,strong_pi_central
12414,0.5179314430262819,0.4783445358620164,0.2631862640468474,1.3718275135397664,0.0,0.10134633393728178,0.0,0.20908277852338897,0.012051742761729234,0.6775191447776,285.2268071292326,286.7601288689515,288.1902964095828,289.75992391223497,291.56352560280396,1.2276995184978556,1.3433077877089266,1.3303832168249115,1.1166180464995945,1.1491547117875551,train,strong_pi_central
12415,0.4764286141571988,0.273963003138328,0.5983932413083521,1.6105028173214184,0.0,0.20700563813538547,0.14144567578412187,0.15866988105637697,0.1341388422339266,0.35873996279018916,285.0082210785619,286.42155384643013,288.18780244883425,289.1934638613583,291.2051972211696,1.2571978747523025,1.0988270404851384,1.081455637522768,1.050843736774853,1.2230141155190313,test,strong_pi_central
12416,0.4167801788298869,0.9629458228228964,0.41421860937579996,1.7299989103001803,0.0,0.6188286264211915,0.0,0.008234965805784134,0.18799182178500792,0.18494458598801658,285.90869121281816,287.2261499884951,288.6824777271129,289.7911350459158,292.29164312492634,1.205042160083757,1.1419827552028534,1.0218101622956148,1.2039932670457867,1.0349435930495923,train,strong_pi_central
12417,0.6012276781824668,0.12900544850723294,0.7102817938765127,1.5290249406650207,0.0,0.13005867473465182,0.14722179887660167,0.5330599949999111,0.0,0.18965953138883532,285.0280572840912,286.2723526994173,288.0082148229059,289.07560342954923,291.47864164872794,1.6841369499484402,1.6955150353253068,1.4970032658156698,1.475126246862113,1.3510643994458902,train,strong_pi_central
12418,0.15530051617145094,0.9193359030829531,0.13326941827091365,1.1120580846522272,0.0,0.6462354150313943,0.03733846549317728,0.06168083182549205,0.0021250604761221615,0.2526202271738141,285.7869376969844,286.8513667953777,288.4665893234234,289.77516808374537,292.27994722361024,1.2854093234984785,1.3402212829553386,1.131900796664136,1.4822124905987657,1.3191869909334504,train,strong_pi_central
12419,0.20728027761616494,0.6107466727096229,0.5294124289190472,1.484102238047965,0.0,0.4308016446105461,0.15617871708680836,0.18012332083979973,0.0815551954962195,0.15134112196662627,285.39673055288716,287.04613982477844,288.2649484934023,289.73093036387553,292.32161494089183,1.2036752957714922,1.3493196864636166,1.0828949555859217,1.2332115719184071,1.2539250551063332,train,strong_pi_central
12420,0.24329651889032156,-0.14740793807475105,0.33576234120372056,1.2180150609480949,0.0,0.4269703259217393,0.3008194706523989,0.0,0.0024714352756608203,0.2697387681502009,284.7847915198794,286.1378753492759,287.5895141309578,289.132565014779,291.08564419827866,1.1830229810607797,1.0039770343633603,1.0190397261331086,0.9647212458773555,0.9662066050200349,train,strong_pi_central
12421,0.3836727304548191,0.9874976813537044,0.43742703793072546,1.1158652818233723,0.0,0.4216273576180135,0.12144602586732467,0.06730074260675295,0.10934013472832392,0.28028573917958505,285.6820858307823,287.2829769208328,288.3665301436066,289.95710578567827,292.2089560306071,1.1176927768495002,1.1973083361282906,0.9475407370435647,1.1958758990445642,1.0275476495388205,validation,strong_pi_central
12422,0.3523848540340227,0.007016396284005744,0.47778321967304166,1.3259081999382156,0.0,0.39181212677157284,0.0,0.024538665016070393,0.21162227732848563,0.372026930883871,284.8798113312047,286.0434027649757,287.5558669140195,289.02310638986273,290.9108278090789,1.743004651906992,1.643100411179175,1.4445316941089867,1.754074799463661,1.7346520238227594,train,strong_pi_central
12423,0.48613602436683384,-0.03978138149071109,0.5961939298721473,1.3815624799248316,0.0,0.34990025801990443,0.2506839298063528,0.11191610243894375,0.10179694881342538,0.18570276092137367,284.9396895273417,286.06228552586225,287.49340287309957,289.01557162456675,291.3908417848136,1.2721989220253722,1.4702608356378843,1.2707851449061822,1.366840220214426,1.4171495350654206,train,strong_pi_central
12424,0.5870643541971834,0.5109601153969865,0.3454342470068271,1.2441405975412867,0.0,0.4675342142091774,0.22048009329687962,0.0,0.047477076854973765,0.26450861563896916,285.4105394279217,286.83536171844815,288.2066762147584,290.084971069415,291.50728261409586,1.3610873763966336,1.1900923065565592,1.29311447505613,1.4731172940881565,1.2277346195100765,validation,strong_pi_central
12425,0.5057428578182205,0.7654330534463365,0.6245929810903104,1.644314959594555,0.0,0.15780420144305252,0.13299918107671277,0.019197096739859597,0.221198351636869,0.4688011691035062,285.56415791224526,287.00470605473174,288.7299943608794,289.75545677047944,291.6212370975187,0.9382677049370236,0.8226923111804627,1.0454911543315528,1.0053144932259244,0.8585252421598463,test,strong_pi_central
12426,0.16524089384395496,0.7272352817798695,0.08379883659109423,1.716693243899702,0.0,0.5811595743009321,0.051681880088698506,0.0007341771618989934,0.0006913896702483651,0.365732978778222,285.5528958569364,286.9737633260317,288.3218646149289,289.8993735477516,291.77380989643535,1.1536714976154896,1.3223459191640583,1.330369072924935,1.5361177162322672,1.4664504771894151,validation,strong_pi_central
12427,0.16400059994960645,0.9872160610028278,0.2330749852075774,1.549977756081549,0.0,0.46775455535499744,0.04050494018092044,0.009812303035197834,0.07637887099572957,0.4055493304331547,285.788271552875,287.1174834910323,288.58058636139293,289.9218324105371,292.4766192190716,1.4403437280323426,1.269078091098833,1.1185057446234383,1.2068113268635867,1.2626063558364553,validation,strong_pi_central
12428,0.059781495724474415,1.0321817871218109,0.18775528978971584,1.4291798225119263,0.0,0.6733936558507385,0.0,0.0825226349497302,0.03761632741999283,0.20646738177953847,285.7934440607069,287.12019462209315,288.4201599300653,290.3074926538777,292.042538667219,1.1867185250140344,1.274882976310574,1.2637036093358998,1.367154710075218,1.2859770250307339,train,strong_pi_central
12429,0.7796241938172148,0.7018493952357558,1.2,1.2427607022343639,0.0,0.11104847266185859,0.0,0.03442458477217255,0.6682191413898277,0.18630780117614118,285.526585146105,286.9653357072378,288.46205585994437,289.53819574718824,291.8516396416214,1.2771816457444092,0.9853861827038078,1.2851005001278357,0.9368275936301723,1.5082110146685028,train,strong_pi_central
12430,0.6330041090979168,0.699643128866545,0.7158253018486962,1.5166723008597187,0.0,0.1092372780004862,0.15933647243287682,0.29820790299509725,0.11414046321036109,0.3190778833611784,285.47282427228595,286.8718620717208,288.33479037978395,289.52782588345633,291.48587787227837,1.059856504472331,0.8774501116645583,1.0420928843330746,0.9284058140164039,0.9910542255978654,train,strong_pi_central
12431,0.3889342522100246,1.394854219277733,0.21887811958136594,1.4028842158535215,0.0,0.6356916404940077,0.09805879114915089,0.0,0.045409664216107516,0.2208399041407339,286.2757461765074,287.6648505712375,289.3490942124649,290.4484976835697,292.8549196019546,1.8791813198123728,1.49400204242024,1.518809850986098,1.436098215508113,1.5147980530050313,test,strong_pi_central
12432,0.675505920571655,1.0303321490924935,0.5683380462381442,1.59151544892552,0.0,0.2944956986833281,0.0,0.09101485308146226,0.22366159657834095,0.3908278516568687,285.99396581620846,287.18135437257473,288.9334126508389,289.86971716087027,292.2671388066223,1.5242519485544193,1.387217824795779,1.7055252048512484,1.3976710157206678,1.9428531265993916,validation,strong_pi_central
12433,0.63501606822356,1.2763812542822834,0.6192016657761628,1.63772049792258,0.0,0.17734599831283876,0.41514653177184146,0.09469846735410313,0.039678333325109054,0.27313066923610774,286.20570241231286,287.32889290205685,288.96922858493895,290.09905764610915,292.84016286309844,1.3806260494291591,1.2903647722325426,1.4898863222065148,1.3899823646883749,1.5455924107083348,train,strong_pi_central
12434,0.5278733979217682,0.09117178672553283,0.6924307769981389,1.2024476640064519,0.0,0.2554355095367189,0.40623995974075655,0.03148252986174669,0.11235414369781781,0.19448785716295997,284.91356763360534,285.97460552584556,287.9482745860765,289.16914214594357,290.99199201995634,1.2593062062395122,1.0892574898676484,1.436631083493883,1.0890006523413496,1.0652376021106968,test,strong_pi_central
12435,0.09100130394923496,1.313375473328477,0.5463352393792661,1.2642829400825906,0.0,0.27781868788474395,0.5162222573599301,0.0,5.649100966800649e-05,0.20590256374565793,285.92075525322343,287.69368966333445,289.0958498822642,290.0854036679957,292.6610596661364,1.3271737771821799,1.3946720394903869,1.5978410635284548,1.5148101312132205,1.3861640297174218,train,strong_pi_central
12436,0.47385912689816434,1.0676206733075482,0.6512212618135195,1.5221761922008243,0.0,0.2940987778888923,0.24854288687996043,0.19068250823245753,0.09099793335055077,0.1756778936481389,285.9119265488279,287.30008631034843,288.6554957847268,290.09372971305584,292.34529397637465,1.301462206859428,1.6078858386732517,1.461011656008215,1.5071856463236686,1.5008571123973355,train,strong_pi_central
12437,0.6706747679887505,0.8344939172983596,0.9485094815789334,1.4277082206161358,0.0,0.12865972056902408,0.13802847125417536,0.26350142689758405,0.258489791713587,0.21132058956562957,285.60209239378355,287.1910770380509,288.49655770768777,289.78994931417225,292.44927218374875,0.909960788874774,0.813545289450179,1.114573488536112,0.9463037276663301,1.068349793705876,train,strong_pi_central
12438,0.08779094873526384,1.0732078741136917,0.4438773804776798,1.2120198315302813,0.0,0.3513913472566628,0.049246742058331516,0.2662356860391973,0.04919747619007547,0.28392874845573285,285.70769008719594,287.38166669963886,288.8468013499043,290.0411492617849,292.4201938554053,1.0785427215308878,1.3719078819308554,1.3636663246335343,1.0173631815187387,1.0012096521971574,train,strong_pi_central
12439,0.14810204822023798,0.8100801542020499,0.41838929611449593,1.7243188800574158,0.0,0.4915547909552977,0.1433665987161648,0.08917948765026504,0.07792160487403306,0.19797751780423944,285.72585008564096,287.18701299825943,288.44743274911593,289.9509539154638,291.84980111978916,1.0201709061734285,1.017482974139908,1.0984565579493692,0.9511411000953612,1.1585845780731125,validation,strong_pi_central
12440,0.5407997745968889,0.15566078196179767,0.5796495240264858,1.5130130374187538,0.0,0.3534147266410965,0.39247650887759966,0.0,0.0785865075744431,0.17552225690686063,284.9043608030798,286.42543370099526,287.7943372973402,289.24968342126385,291.3635202684822,1.1429911451558,1.4189983760915765,1.360370150222482,1.2657400905916516,1.1722075932409124,train,strong_pi_central
12441,0.44601400988856044,0.4517212882646642,0.6435648765237126,1.2878597515625536,0.0,0.18445652888376535,0.0,0.07703418887280772,0.2682653438254525,0.4702439384179744,285.2709339499525,286.8748408659949,288.2898203007248,289.8713194058313,291.42526541002564,0.9624565987751814,0.8376762819042842,0.7859914440620009,0.9583945586660553,0.907799577321643,test,strong_pi_central
12442,0.04670567839505271,1.373290592166398,0.2439263372123941,1.3388166756628122,0.0,0.3976962183981607,0.018165532710463773,0.18370809098505667,0.006026356758436827,0.39440380114788215,286.3062466210167,287.58457913898235,288.9174815152144,290.3411045627613,292.0721234024817,1.147547718169691,1.0709630962087902,1.4001439970113223,1.3393648094249864,1.234611890890281,train,strong_pi_central
12443,0.1590153710320231,1.196890609215865,0.0357092687507893,1.243240245215853,0.0,0.8288736350314004,0.0,0.00011561357133488265,0.0027968275897272085,0.16821392380753736,285.80174658424505,287.5685003321623,289.0491899352985,290.2776610805499,292.171529348935,1.3468347141253474,1.509163676867274,1.159389319067427,1.4484099416747278,1.284699261066303,train,strong_pi_central
12444,0.5472464897363917,-0.4145377791335796,0.8116924347658901,1.498631792285042,0.0,0.09559524842486575,0.6413521234850871,0.05806664269631074,0.04113683429224614,0.1638491511014903,284.1704806286094,285.7442097572136,287.34772129831856,288.6492655037756,290.40498199256496,1.1292622358191857,1.1957872340421014,1.446573431239465,1.1150965460301399,1.1052093687843807,validation,strong_pi_central
12445,0.6019122515719795,1.1980793602881574,0.6105078180510458,1.2718807454625947,0.0,0.12278625168444225,0.0,0.07230151178317348,0.25410315313393617,0.5508090833984481,286.07559328167906,287.31925023214393,288.7174380063132,290.2836046229398,292.38590815452153,1.4597954660214976,1.7192834833708073,1.609054928450042,1.5816919431929117,1.528842071554975,validation,strong_pi_central
12446,0.27956605177334093,0.7358676379327185,0.3256501380435876,1.2455079954585002,0.0,0.46230727668113236,0.08456072588656507,0.005251938287858456,0.10291873693458205,0.34496132220986214,285.48968222032653,287.1632882002571,288.5943349122895,289.7541628512534,291.53971582396014,1.202438265266607,1.3624102913899583,1.3573390027726575,1.3476781699415206,1.1126486273460754,train,strong_pi_central
12447,0.27318165930668936,1.1536579706622465,0.7787155515964477,1.6019880406157028,0.0,0.11248827437333353,0.4265471280312129,0.0910312624565519,0.11556858055434144,0.2543647545845602,286.0822804186726,287.61622394154915,288.90247425617395,289.90486914072795,292.0669537932982,1.4828271037749075,1.1099475550445388,1.1057525888972082,1.1009020429058325,1.186906328516634,train,strong_pi_central
12448,0.10815660698900441,0.9346998928526151,0.6241847578273088,1.419865401200022,0.0,0.305978377971556,0.27419763631952765,0.11739579480486532,0.10129566335145788,0.2011325275525932,285.94518071980923,287.016991836538,288.35795625644107,290.157048260569,292.32426403244176,0.9219168485507006,0.9633406700592636,0.9868737516129829,0.843098394902744,0.760651005631851,train,strong_pi_central
12449,0.5066669507461413,1.2281901616402657,1.2,1.5658366270053643,0.0,0.029781293206023407,0.1304442579613948,0.0,0.5749474526047167,0.26482699622786515,286.0622999720373,287.5620589323987,288.9311594000276,290.2819937226718,292.24842007320126,1.5892433807746837,1.7905176795292228,1.4970808140439793,1.5285126048938718,1.6150857741547342,train,strong_pi_central
12450,0.15402926806267392,1.165286511622773,0.3918243985015589,1.4884586640702469,0.0,0.4542240218534458,0.3238674520568476,0.03517737051247296,0.0013897879661192044,0.18534136761111464,286.04162460730356,287.11428259466317,288.80474063196095,290.3564829883114,292.6233616608659,1.4369213141037487,1.6678852910822088,1.5860250875504542,1.4866047441314825,1.5490676871226652,train,strong_pi_central
12451,0.13900959897402124,-0.4996731980290008,0.04913187555771676,1.492669918164248,0.0,0.7735706325189908,0.019120919808109333,1.0955749607434985e-05,0.0,0.20729749192329222,284.23481073632115,285.74193250275795,286.92924344387336,288.67810856313804,289.960227584708,1.4577333755212825,1.624818123488558,1.2679595352214688,1.2090536121697921,1.4595157841665927,train,strong_pi_central
12452,0.20660599667581253,0.14272286475959017,0.28681828531611064,1.2376071784524088,0.0,0.5336171449766307,0.05175693075914963,0.08766619978912238,0.05869757738391932,0.26826214709117785,285.1503455093218,286.27842287913705,287.8261900627139,289.0178653030727,291.09016237658903,1.4708107329853615,1.3904456812781805,1.4354755782549224,1.5941774692803068,1.3428996335766143,test,strong_pi_central
12453,0.48720891593879884,0.4622462956033577,0.7322506633077897,1.2540600879065487,0.0,0.19177773048337868,0.034437665773971664,0.5521342880372312,0.057839354748293395,0.16381096095712502,285.1383814600607,286.7667094202565,287.79300188684016,289.24486542774713,291.27814346592135,1.3721249596535652,1.3680148545383055,1.4711317572262785,1.6964839667401856,1.2166378942201401,train,strong_pi_central
12454,0.35996446887264244,0.27253531894480565,0.5184119761522397,1.5596541823788073,0.0,0.5384085271421954,0.060033690828203014,0.0,0.21418914266201836,0.18736863936758333,285.0794392971276,286.60754181420765,288.0378010114816,289.40836554370736,291.5184755022296,0.7174445613855697,0.8753672605303034,0.743271832905637,1.0791649128223941,0.8765932647623759,train,strong_pi_central
12455,0.44226603549566984,0.25464229144682493,0.5943789441622267,1.6765839018384088,0.0,0.2124875741260857,0.4147956835207727,0.0,0.07479163032072703,0.2979251120324147,285.09348767179023,286.3719911624261,288.0224677308095,289.1534299340452,291.95807867722175,1.403219240788799,1.32163507693677,1.318374336496213,1.5854614490400716,1.4311097507407928,train,strong_pi_central
12456,0.08168884934449488,0.20889907044901612,0.19493995633889155,1.2371062309611136,0.0,0.5567095823586186,0.0,0.009262370888303697,0.07783879272529393,0.3561892540277837,285.0149461124578,286.64642937852557,287.99359558275444,289.4848993264122,291.7900018381922,1.7917184429222521,1.4309569271422846,1.4939912844419,1.6510456706867749,1.7055887345598164,train,strong_pi_central
12457,0.43414386873266075,0.9536870018262751,0.44391885128556424,1.598202230151051,0.0,0.26175345085258683,0.21944508306214452,0.16323231766785085,0.015620725277784442,0.33994842313963336,285.7984217487209,287.3774393678627,288.6790482031716,290.3593956392463,291.9416029400167,1.241304063113838,1.3082224542303853,1.2426635392557908,1.4197128384618904,1.3604921758117068,train,strong_pi_central
12458,0.11940213035239736,1.3981910712764658,0.38484920718896387,1.3162850576987193,0.0,0.4603195202441273,0.09313551444269837,0.04026740592992408,0.11072314340817072,0.2955544159750795,286.24275921173984,287.6918290042882,289.0094696187971,290.3791830917925,292.4196728421119,1.4175136565961644,1.1073388607682244,1.1065451768383634,1.3339268159843278,1.4095826293106835,validation,strong_pi_central
12459,0.8029333320773675,1.1720293779195279,0.511179892701894,1.4347962738888878,0.0,0.4094354609776624,0.24083427974488458,0.027365518964916305,0.10649004699604654,0.21587469331649015,285.98667678789405,287.5492354603296,288.6827547809216,290.1853665170931,292.36110455784484,1.480605924936041,1.530094593532268,1.3258003037446084,1.5463423907925178,1.376563740613677,validation,strong_pi_central
12460,0.5077434251725196,1.4364736797034277,0.9156513390835386,1.2931895286255968,0.0,0.03470505221556595,0.13274494779622953,0.10163869607755868,0.3256338476048752,0.4052774563057706,286.3788494500138,287.66369672463344,289.2325148811016,289.9095859680978,292.2719603583413,1.1511511230740423,1.0460859446867274,1.0026302496967037,1.1437540951904186,1.0399211345016848,test,strong_pi_central
12461,0.6738862994969973,0.06420479008741298,0.5009395403008075,1.1330314886043067,0.0,0.3334200506279577,0.28009408781060985,0.19084545249019758,0.0,0.19564040907123487,284.6940708214807,286.44341904513215,288.0054157977665,289.1848321223226,290.93284448848436,1.092183869216535,1.3311236323389959,1.6031505562569783,1.1489357639942082,1.1019131110155795,test,strong_pi_central
12462,0.8200875242735467,1.1797848267710886,1.2,1.46405782501418,0.0,0.07121457476067988,0.20025499558630452,0.11363212702207771,0.44748928813040995,0.16740901450052798,285.97922894355315,287.4009726040414,288.91777066641527,290.40732969847835,293.0171366087039,0.9454832475105923,0.9406266654068921,0.8605519952539574,0.7423368487616682,0.8572657350984544,train,strong_pi_central
12463,0.1933723665519183,1.432603371188911,0.7125788342553878,1.6357601122852,0.0,0.14401937085664368,0.6010463381024763,0.04700010685951853,0.01726619464669649,0.19066798953466502,286.31367369082784,287.36496566061464,289.34100640925,290.63472839807656,292.2310541641523,1.267120537062536,1.362828038279802,1.1646918552440626,1.2780202535917378,1.2942371611586938,train,strong_pi_central
12464,0.544541154333922,0.28436719856036063,0.831234009658635,1.4386132135761467,0.0,0.1816101657228761,0.07667324565388273,0.3315115098796526,0.1965246270625499,0.2136804516810386,285.07947485657877,286.36251377021165,287.9775157875471,288.82918138996143,291.6267652131273,1.084196104776354,1.0679465482865886,0.8471650167132707,0.9498886853480107,0.8905462540073348,validation,strong_pi_central
12465,0.5061734046463863,1.3959976187944867,0.8675251722719828,1.6105752685352006,0.0,0.13403280439600315,0.436984752648197,0.11920275658601942,0.14066883151888324,0.16911085485089736,286.3395309727943,287.83090935066815,289.3963744332168,290.34180665272277,292.82947453155776,1.3395576534778668,1.499504727034706,1.456872422564305,1.4296668835713475,1.6304892777684203,train,strong_pi_central
12466,0.08611116172775836,0.07890827457477867,0.1814922634815897,1.6138123757136047,0.0,0.35291578929132644,0.011353725977789832,0.025951897758007405,0.05709331987289623,0.5526852670999801,284.8456415878605,286.4899990806256,287.8501633851234,288.95956543338235,291.2542096817367,1.6856967504081237,1.445181767775843,1.5729181885492935,1.3067589529138584,1.4610463204153752,train,strong_pi_central
12467,0.7686251038508205,1.298896355635589,0.6290976345476418,1.1246924187822733,0.0,0.17441912488683747,0.0,0.5206954860939568,0.039201074226842464,0.2656843147923633,286.17466523002093,287.6898923139718,288.76994516822054,290.1785050614096,292.31843854309926,1.3751921450133806,1.2474015660757514,1.1807474559660995,1.3486229254275264,1.1920990664107418,validation,strong_pi_central
12468,0.7507777050791479,1.3427665234659778,1.0302653107764783,1.7304176925915347,0.0,0.07982807495085488,0.1876251881682044,0.3086377159084293,0.2520012033499223,0.17190781762258908,286.22730942658615,287.63964609723064,289.2359617475492,290.5764602241145,292.4318447804491,1.1913009749950259,1.2025172402373112,1.0039104488243773,1.394542916905586,1.1821833429393664,test,strong_pi_central
12469,0.1861484012190211,1.4558500668326189,0.41122925893716566,1.4417759049234633,0.0,0.5048040723129502,0.21491266527960073,0.07061209441272301,0.047852249622420955,0.16181891837230514,286.31586602232227,287.37074259729303,289.45754402127665,290.7131215562143,292.4489887963102,1.3368579744427105,1.2951635313569316,1.0790740409650112,1.26032404922828,1.3337122977874138,train,strong_pi_central
12470,0.22230808352922998,0.12668432613655956,0.3930313111414796,1.1527883891943482,0.0,0.5140356062119242,0.20378597687848563,0.0016901466925408686,0.07877759378522657,0.2017106764318227,285.0308901583997,286.4254699178507,287.55568265576096,289.44980105038,291.4164374046941,1.0698139581702892,1.171736628867309,1.2001417115936528,1.08973878978505,1.2092703660620012,validation,strong_pi_central
12471,0.8048307750828188,-0.04922797855694805,0.8561057148321436,1.4615790043017496,0.0,0.07168205757397766,0.16443819675530977,0.350390692749464,0.15563841266368492,0.25785064025756377,284.83074692256565,286.1458666255944,287.81204635423717,289.07794713776383,291.0458341809104,1.4500490692811245,1.4006410141956798,1.4406150481216387,1.646494378853206,1.6928697151315484,validation,strong_pi_central
12472,0.3306638793551919,0.8760674975362481,0.9763984345640395,1.2155500334712044,0.0,0.12604165491545838,0.17735386234936915,0.16710305277028473,0.30097075972219284,0.22853067024269488,285.66069026144896,287.0953729465941,288.5386777636324,289.8354308030588,292.0416615618402,1.1905032865545726,0.9832216805188694,1.085566548431772,1.149978291871704,1.0168320262342776,train,strong_pi_central
12473,0.6334687406240501,0.5394193158287841,0.7131852705965847,1.3355991148879893,0.0,0.16435682159906173,0.5579034699387324,0.10395367486859719,0.010664062894627518,0.16312197069898107,285.28641524834967,286.55143242990135,288.4799499557507,289.3494708977463,291.6961836122746,1.653009009924739,1.400864082618537,1.432449558825717,1.4504078252691501,1.6606387289384792,train,strong_pi_central
12474,0.6335978335268425,0.33429579293043776,0.5594705402681777,1.29009067007704,0.0,0.368194468161921,0.09907881629879901,0.183815975743005,0.12328787411318681,0.22562286568308806,285.15761359983605,286.50872509248455,288.1171488613781,289.3879156191996,291.561583013315,0.739240832602132,0.9787253247746238,0.9084526155108639,0.805700499558665,0.8121691627640923,train,strong_pi_central
12475,0.44657046991992533,0.3885158500487358,0.3193338976986048,1.415995987708308,0.0,0.09865208526751443,0.23369138866282807,0.0,0.02782125451788839,0.639835271551769,285.07291296837604,286.47845569249125,287.9079893666561,289.61550930352934,291.42133111350677,1.593479799027561,1.525904021861874,1.6171936460642558,1.5595303802034925,1.523264759638048,test,strong_pi_central
12476,0.530763010312831,1.466466698202518,0.24185911145826294,1.7001737974321314,0.0,0.622358177515964,0.0,0.11286101024370433,0.049499050607279306,0.21528176163305232,286.2651560222674,287.81956892499153,289.4034284617243,290.55406749862624,292.41242336712145,1.2695628845746554,1.321494238705941,1.1748147033401124,1.2666387615675032,1.55834211664065,train,strong_pi_central
12477,0.6080244907884835,1.0872085060532344,0.5319960290140298,1.3978409793592523,0.0,0.4908157724182478,0.13218922229633442,0.0,0.1849034033588477,0.19209160192657015,285.887925810195,287.18154232729586,289.07517741099315,290.3692176161192,292.2435430194826,1.1946847536180243,1.4417298811022397,1.4147081878613332,1.484005178246791,1.4543775649977722,train,strong_pi_central
12478,0.5007906593199721,-0.029650298027129818,0.6244185049293284,1.1941351965302553,0.0,0.40801743036235616,0.16115790251310058,0.07115576347168853,0.18105241947226963,0.178616484180585,284.6739463028628,286.2636055799365,287.715600346068,289.0613359329854,291.17027795159623,1.3260403525146864,1.5735872177330437,1.6435764159231907,1.4239124062260358,1.737945091388566,train,strong_pi_central
12479,0.949573665438429,1.316446297233087,0.5600599091763734,1.6713937110406345,0.0,0.34885462497998504,0.2560170362189183,0.16366039408028216,0.0551912394385865,0.17627670528222805,286.1660540941938,287.8276674267593,289.11025873579655,290.5657199467658,292.432189149228,1.2455126757053632,1.2617658002942986,1.1054778001428525,1.2840425861818525,1.195032751046036,train,strong_pi_central
12480,0.23641075821974583,-0.08115081516620704,0.3874418453482956,1.5320316368515101,0.0,0.42222293392122584,0.1462142404735347,0.006605055284115009,0.10231127479532297,0.32264649552580144,284.63346804893484,285.9629509498763,287.77826043067057,288.85614066480065,290.73903033343754,1.125506171439227,0.8733791377097565,1.061939393156333,1.2113014556961015,1.0855892954473765,train,strong_pi_central
12481,0.5539471133354699,0.7335145129764684,0.9558928125776824,1.2959407215149625,0.0,0.2925233631916686,0.0,0.18405611634494765,0.3709183481163674,0.15250217234701632,285.49173837318585,286.8297452642253,288.4204882271725,289.67020744482477,291.62922465983996,0.9927387626153695,0.8056019856983277,1.0174318823382191,1.0859664847136865,0.9361281457537323,train,strong_pi_central
12482,0.5250451027824533,-0.18662811425823422,0.6322873466947363,1.3745127679053701,0.0,0.24308482603141607,0.44293846578377627,0.023305036060780313,0.06802192242508985,0.22264974969893753,284.7294205648117,285.7270422950873,287.65045861894663,288.8147232127621,291.43967904234285,1.0977749916799928,1.3401636254815035,1.286122738159709,1.4746041279549278,1.1363849918374302,train,strong_pi_central
12483,0.3193592344392192,-0.1762371377030032,0.5875438774914267,1.340152452119816,0.0,0.23368265811308833,0.31032231800202476,0.16377368720737515,0.04172393614101337,0.2504974005364984,284.62567718153014,286.2742325685302,287.3727951582754,288.664678472931,290.73149865864843,1.2124302014689923,0.9709320500969244,1.0677310807528795,1.1223443938233453,1.1110389505913787,validation,strong_pi_central
12484,0.15435697650719854,-0.06921588532882605,0.48539951899098815,1.1731848605122799,0.0,0.3733781151379838,0.2746603736503352,0.16869102520841023,0.006024060066121389,0.17724642593714932,284.78668504579827,286.3910671630204,288.03111792015,289.0471135166996,290.6636477482295,1.577838959247982,1.4922027185206461,1.2938824200766075,1.368679247838284,1.441515336275489,train,strong_pi_central
12485,0.0809464193299039,1.3978174663867171,0.3926988286893368,1.2360312233365645,0.0,0.3905436891208517,0.354600919534592,0.0016229594574095397,0.0032374748486676476,0.24999495703847927,286.12738447932855,287.608527977918,289.08588970020224,290.15750656755927,292.7935729253406,1.124111171080268,1.3564768712313717,1.1982865883210707,1.1061003723428693,1.2095120216696051,validation,strong_pi_central
12486,0.3992504675527842,0.6788222690443924,0.44629173766608976,1.6299112221501817,0.0,0.37535545317320435,0.28154397547505244,0.03496901842434325,0.049889371883347064,0.2582421810440529,285.4808200582584,287.0867356634287,288.72791159471467,289.64696891735554,291.9378516747945,0.9493039288750947,1.338184409842761,0.9757690549787249,1.1125120655356096,1.0489002772456244,train,strong_pi_central
12487,0.4911436487330694,0.7202230356204882,0.42949660462308686,1.5623869558562369,0.0,0.35148321346976913,0.33607006402637424,0.017998002176402277,0.022714269210155184,0.27173445111729916,285.5368072286989,286.796737720344,288.37780295811876,289.67370197221584,291.70029872184244,1.3601311763481283,1.8386536279907186,1.5288075419813258,1.4604984287222644,1.5146791857764395,validation,strong_pi_central
12488,0.4889055307865008,1.3069739327922587,0.6300681323462267,1.7001208033290767,0.0,0.3125149631249365,0.35953839170764634,0.0,0.12026487031929019,0.207681774848127,285.9745007616882,287.72521244399843,289.17975973249247,290.3499271439822,292.5984586233934,1.2910363737060564,1.3544166207549202,1.2881905934167959,1.141196169864517,1.5302887303451764,train,strong_pi_central
12489,0.46309555387691204,0.6409772342119169,0.5766705664218326,1.5172401698955729,0.0,0.2613031205555316,0.4536592813240469,0.032902871878816846,0.03005420660948443,0.22208051963212033,285.47179405749506,287.2319239113688,288.41467483890546,289.22235373814823,292.2269680676971,1.039660202402714,1.0421115389665798,0.9505621608113726,1.3326259129053244,1.1194641007362576,train,strong_pi_central
12490,0.7892882118265516,0.6098897094833875,0.7624588477243777,1.6157904291342926,0.0,0.11594229698267695,0.295664445767993,0.4367944019563847,0.0,0.15159885529294545,285.53297011643645,286.83309743119094,288.22148401617983,289.64482997659115,291.97772344429023,1.483275550969835,1.1714717120028137,1.2389427716445849,1.3356741039470688,1.538544288357828,train,strong_pi_central
12491,0.3469101852699649,1.1548859639661537,0.39903715062523315,1.4789336070644286,0.0,0.5308587048334874,0.06388265733472061,0.04249512000701465,0.13132968664174896,0.2314338311830284,286.00110281225295,287.35666324270187,289.04790615797793,290.1701350293802,292.2172501324482,1.8130809698167385,1.7030119402204673,1.676828420881352,1.4222986569994667,1.7941899853160848,train,strong_pi_central
12492,0.5321153005516268,0.23239962253395063,0.8432989108000006,1.219309161309368,0.0,0.17644062517237238,0.34043890301886076,0.1671266166297694,0.1528666955756852,0.16312715960331226,285.1149476481271,286.3485048187797,288.10585986236435,289.25718807374733,291.23184401033416,1.6282414491159756,1.0832874532151895,1.3747210510345258,1.5983935207422515,1.4791732802389188,test,strong_pi_central
12493,0.38626863799399375,-0.046838858321738286,0.45890834983944034,1.3345469675037083,0.0,0.30179388126157675,0.04950470312764961,0.3527530337977655,0.013325306457012605,0.28262307535599557,284.8492687092844,286.28044585924505,287.7912724913925,289.0076274484694,291.2398055358911,0.9988325576366948,1.011706785417806,0.9334267138177619,0.9780924675107007,0.941300419002979,train,strong_pi_central
12494,0.3141706100055024,0.178606617453128,0.6939961613089113,1.6793159653542782,0.0,0.25167108959500994,0.23346598385595074,0.2503778239383669,0.09007617675729679,0.17440892585337556,284.9096714962016,286.44376228036094,287.9845948333175,289.0769102986166,291.365801648739,1.1074350264721984,1.350852034229079,1.2906782254895262,1.3594511700742105,1.3240946648186094,train,strong_pi_central
12495,0.8066266309686521,1.248439315359236,0.858864428177347,1.610046657910015,0.0,0.20432333254387433,0.0,0.28602847349638777,0.2714179773404796,0.23823021661925817,285.83349544496184,287.41084427187775,289.4596351136219,290.32408586344536,292.6294618218598,1.1550085134382269,1.3481905409011088,0.9646202032569787,1.0294132290246847,1.0564073222967874,train,strong_pi_central
12496,0.5855717202890527,1.2830580804323528,0.6669446462340214,1.2111890642388434,0.0,0.26064716427235674,0.2630678146313066,0.18440210746330338,0.0947373620697057,0.19714555156332758,285.9885706120911,287.2631719748129,288.9571223386375,290.2621384714933,292.6508577411013,1.3605884197708817,1.2150056595191638,1.2626996352465067,1.0353006632528103,1.1334723551316634,train,strong_pi_central
12497,0.1546245825906764,0.07623689717370752,0.4486303547442321,1.1651643625260404,0.0,0.4049083223619841,0.2825643246650867,0.009838887233229992,0.0631135714229577,0.23957489431674153,285.0363373163298,286.47632283959996,287.5368248036026,289.35491326675964,291.2948852940657,1.407494034778633,1.7888496914837437,1.2700450730235835,1.4060477844405395,1.4919030848443051,train,strong_pi_central
12498,0.5478882748523466,1.1869486076513573,0.6138979174225705,1.4333832397092385,0.0,0.09129391096135038,0.4454275108142265,0.138470406608344,0.0,0.32480817161607906,286.0175280427672,287.2218464818942,288.6980622841189,290.21708784916876,291.9559728567314,1.2704896098250136,1.0585937893361177,1.1376844414680214,1.2611155854328417,1.1936438845997723,test,strong_pi_central
12499,0.3489681005308994,1.4575304996668037,0.3257344462427771,1.336819818903735,0.0,0.5391086971184135,0.11927412697987713,0.15668057392493226,0.009889872668983859,0.17504672930779333,286.3773298581741,287.5146224265687,289.07456499501524,290.6225997449891,292.93180010182624,0.9862238805669502,0.9405915680650305,1.053886350669991,0.8779482770872884,1.0112221480447394,train,strong_pi_central
12500,0.25316639550488745,0.9733559083202055,0.6882712464296104,1.212086234594777,0.0,0.20552823289931146,0.449065494178604,0.17355738299451087,0.017824184628247735,0.1540247052993261,285.64832532835095,287.2325186654625,288.9950898084301,289.8794994011079,292.18834199344315,1.3151929382537324,1.1852364106734063,1.4550645246949392,1.2569146919195318,1.2943610224591964,test,strong_pi_central
12501,0.8398020033283106,-0.10909122781450309,0.9605561817656751,1.4400572468468138,0.0,0.06551105107364678,0.41107072799668537,0.09706157736451847,0.2112119382022357,0.21514470536291377,284.8197558914128,285.9984319993552,287.67312942396836,289.0345684264042,291.0151523312406,1.293080933509301,1.2278870716256394,1.2734670762295064,1.423144853780636,1.1097347369649848,train,strong_pi_central
12502,0.33084790420478016,-0.1597569792139777,0.6661120653874428,1.4906260938255733,0.0,0.41796173293338257,0.10490137011528014,0.08235693851146962,0.2244268783803465,0.17035308005952104,284.6405585372052,286.1614816975508,287.5770405108853,288.77480205698583,291.40231516348285,1.151759987694898,1.3428821942237723,1.2702848303966545,1.1819474335072935,1.2129888546423568,train,strong_pi_central
12503,0.3798257018613029,1.0466134528487605,0.7592011432896243,1.295527530024608,0.0,0.22395504360798246,0.19166274180157006,0.08589339293772111,0.22582250427516656,0.27266631737755975,285.7192255967316,287.2745998305232,288.76962546055626,289.9588350232279,292.34002193558155,0.9077595699743827,1.016383097766015,0.8726458134743623,0.9711763945584062,0.9110047746837863,train,strong_pi_central
12504,0.43482036334613405,0.237113827934615,0.6377996110106112,1.2287368882469891,0.0,0.3783130527019997,0.2953637821954469,0.0,0.15621791440758218,0.1701052506949712,284.931493182107,286.7111761256127,288.01206160038174,289.3051700375891,291.8059899011087,1.3752685599199514,1.4475458973938147,1.5363280888812205,1.3794582353914036,1.1542499423140784,validation,strong_pi_central
12505,0.7592518679320183,0.7541946771213377,0.3362758571287595,1.401897222403151,0.0,0.15838795144135284,0.10990599398876999,0.1296058119376049,0.03338202560119229,0.56871821703108,285.5175962165825,287.0289560080515,288.85652886488907,289.88469250624627,292.2196729947743,1.39172606508553,1.2823510058462515,1.483738482544922,1.313478269710741,1.3450758289905669,validation,strong_pi_central
12506,0.24744953008505344,1.0120919241378257,0.5133077859792383,1.6225477929161927,0.0,0.2645576751936173,0.17193870118231355,0.1023165909466086,0.10452624692515806,0.35666078575230253,285.93029708961785,287.3195567274144,288.9653171952753,289.90074834677546,291.9282037616857,1.487530732166406,1.267657724956312,1.430275946946425,1.4701965833089836,1.4449266835739996,train,strong_pi_central
12507,0.2101173888848153,-0.10503513356093341,0.1416973209908881,1.5867601774943785,0.0,0.6280400152705793,0.012014955647626687,0.04184508802172361,0.0289186386607689,0.28918130239930157,284.6530822315717,286.0693312840985,287.62361270235505,288.9178837567841,290.56347484073274,1.0577535218558596,1.0473838309237453,1.0927295339613736,0.991809956425299,1.1560976503257892,train,strong_pi_central
12508,0.6340956580204578,0.7115833830263294,0.6307741430083553,1.353724410030599,0.0,0.13556955067859622,0.12023334774500617,0.4805407952633491,0.0,0.2636563063130486,285.5514138142889,286.91705110147217,288.40396214045046,289.77097014428244,291.90481972010423,1.3263599217072273,1.333978949790974,1.4358607456166683,1.0715103502644874,1.2773783445203453,validation,strong_pi_central
12509,0.40965086147571256,1.489150001536272,0.36584285856575915,1.2468555924634939,0.0,0.4837743147973791,0.2473126359753843,0.08853022259037482,0.0,0.18038282663686162,286.27821134129323,287.7828414582005,288.86540179867404,290.72538810375244,292.572831205665,1.395297146462834,1.4115604526646477,1.2943876740402824,0.9875883714677518,1.0105661907883174,train,strong_pi_central
12510,0.28391173621599947,0.18826362708114797,0.9367842366430158,1.2306718026237353,0.0,0.12145623534122629,0.48304040080522087,0.0,0.21187191791889748,0.18363144593465527,284.9355638631794,286.53173309706733,287.89879035001684,289.217854741501,291.58766606687595,1.0682219005597176,1.2265293595641167,1.1589552276204709,0.9558180930702991,1.0597504715220534,train,strong_pi_central
12511,0.19258779600079312,1.2716883804584675,0.41993454417509823,1.3985370360452414,0.0,0.3908759046875525,0.251865874684901,0.07752348817674631,0.030272590656725464,0.2494621417940747,286.21371498327863,287.6472602810689,289.2283431383126,290.07814678376894,292.3891932566992,1.033083028764116,1.1273550127187288,0.9419008604931248,0.904396437319721,1.106893485420807,train,strong_pi_central
12512,0.24726843593065792,0.6585665245379801,0.6944687666247195,1.5371409330888042,0.0,0.19259987539216677,0.0,0.5767937815307651,0.04383749254697715,0.18676885053009082,285.3566808828627,286.848154212897,288.36077894476205,289.70341493363446,291.65477382741136,1.5260436349062552,1.3018460402911816,1.2493470135155123,1.5922569995854292,1.4534805505649346,train,strong_pi_central
12513,0.42656260204364527,-0.04847440376259904,0.45967619742876564,1.4766373349710669,0.0,0.3387946172661975,0.3161847283246526,0.0,0.05674573455205651,0.2882749198570934,284.91394760159204,286.33081030825673,287.7447450868522,289.320864990652,291.2187239140254,0.7896851371208886,0.9551001378342728,0.8568106313864176,0.9913953003828554,0.8608682451289791,train,strong_pi_central
12514,0.3117828711779552,1.3153047071611286,0.9078618149586855,1.3022236550840616,0.0,0.1967089058794698,0.23038376836205804,0.17108403574522454,0.2381970054257014,0.16362628458754638,286.27338508065924,287.5655712889969,288.8615035817343,290.3287700710762,292.3755305714159,0.9787681641084044,1.0453450647091411,1.0606306534550611,1.1452896738491911,1.1036689709843743,test,strong_pi_central
12515,0.14384344493661047,0.13964793923589403,0.2189008794926604,1.133029137133538,0.0,0.6567180621518166,0.042849020341669965,0.10979164780034009,0.018130105675325175,0.17251116403084826,285.0697646129277,286.5245701273358,288.10736194232686,289.2725707108489,291.3502626468478,1.4191118488721954,1.1756201874196,1.0017686450616818,1.3041699818107266,1.1251522829571194,train,strong_pi_central
12516,0.5886870957016966,0.42795536840749104,0.5928730064198486,1.3275321981932258,0.0,0.25388219797564604,0.1783297722723129,0.3845432341475357,0.0,0.18324479560450543,285.31784884620356,286.8490757769363,288.0289280085921,289.59766598641824,291.5754921917812,1.4506852170304942,1.3871940947367867,1.659519432736597,1.3829679395771242,1.4841895990639362,validation,strong_pi_central
12517,0.268162523560121,0.2338428391995011,0.4790000729838223,1.5182462847187184,0.0,0.39905161063330546,0.19421000754959272,0.05829415488559187,0.09824795527431884,0.25019627165719116,285.06822677627014,286.53084532084046,287.9880531162395,289.2210381726533,291.0384891477873,1.3225166137733813,1.3074398620806549,1.0936640916560978,1.2086584469365445,1.2889291949007657,train,strong_pi_central
12518,0.6606784153876191,0.7037329283230309,1.2,1.5995221363913859,0.0,0.11164008475470856,0.01189027226213995,0.15706253289992836,0.5296544525811224,0.18975265750210057,285.33611322833656,287.1718503194126,288.64943602664846,289.7185674629468,291.80621980084925,1.435596919601314,1.704313265148958,1.610059614637521,1.6163208050393372,1.639439834951447,train,strong_pi_central
12519,0.4026450537651793,0.17332665523252366,0.8011120102570659,1.4219237234637663,0.0,0.054462134701031936,0.49455433764126033,0.23461142381350597,0.02097312440114978,0.19539897944305196,284.81789630971195,286.3939430160788,287.7355584787166,289.28249915047263,291.82861408146397,1.1690175680256034,1.1798750680514654,1.2328829645712225,1.2276443651792195,1.1755809888015911,train,strong_pi_central
12520,0.3637989525389411,1.1375661932738916,1.1558972266426617,1.1502741238788268,0.0,0.10101091196144274,0.12365393065578748,0.06665478248238374,0.4677942567522453,0.24088611814814082,285.9212423723598,287.303332247547,288.84527388368855,290.3307090358217,292.09028882557294,1.097611898388878,1.0654991746354394,1.2052124920538412,1.073340080936592,1.0453486073965432,train,strong_pi_central
12521,0.4316386664665948,0.060059732318614056,0.4329600408168606,1.6623295525372404,0.0,0.4848676870591603,0.1414195869186526,0.06325841845423875,0.09914101772198464,0.21131328984596376,284.8485657912274,286.14968222435874,287.79292642792154,288.9432276586491,290.9858255981733,1.1353485379573103,1.2713047987409123,1.116517898213939,1.0887131456959853,1.006397071579487,train,strong_pi_central
12522,0.6361595795687403,0.13971920688501083,0.6678578394977361,1.3742307661892394,0.0,0.084616467849037,0.079268553337885,0.48177161928377904,0.038408833438036,0.315934526091263,284.94636232477814,286.3581216131983,288.0894157604782,289.21310419154236,291.2986368386473,1.5024575187553615,1.4616117878804171,1.2457495411411754,1.4670925311899368,1.3589298409797446,train,strong_pi_central
12523,0.514407641988518,-0.16827810310629898,0.7258281621142799,1.2093740957943409,0.0,0.16385168667583755,0.3453640279285542,0.22695347377995867,0.06175533020288356,0.20207548141276593,284.7734628501512,285.9883728948768,287.32329550162876,288.7335652572131,290.9460389927339,1.2009306978060372,1.2995661840831307,1.1117765406121294,1.2788301546058656,1.4024529965700285,train,strong_pi_central
12524,0.6835232698524695,0.5005898637843123,0.9056875173003744,1.2285297399182267,0.0,0.20932715517379263,0.09560430558711595,0.0,0.3900416058566293,0.3050269333824621,285.3074423780006,286.6602910262398,288.1310924289806,289.5850032596854,291.70030673009205,0.9328379457571611,1.003379970785921,1.0645801650554838,1.0311048721897362,1.1038904172792658,train,strong_pi_central
12525,0.5270218155966573,0.19012201789987904,0.5880371073856691,1.459526310469728,0.0,0.229529980384192,0.2357219024484579,0.18182561879760673,0.07024479306980223,0.28267770529994124,285.0326385020584,286.34651755455945,287.8547751442721,289.22287256752173,291.81372412682276,1.341618016036628,0.9309913652863248,1.2587126596380804,1.3016445578300258,1.4899712848862101,train,strong_pi_central
12526,0.4927707348917321,1.03598005397444,0.6560919687115448,1.4186069320073829,0.0,0.2729454217477433,0.2783722339459643,0.03948146481825586,0.15411913497366236,0.25508174451437426,285.8155327043178,287.2973212366297,288.75529276758675,290.02609039913995,292.1359100192822,1.2347360666015779,1.2207745033319988,1.0072108150444086,1.1525814896441489,0.9273680460399716,train,strong_pi_central
12527,0.43129563395615245,1.2797340930837557,0.3450240717906192,1.614606221504439,0.0,0.25748107681339233,0.21000919808261076,0.0,0.05250743685400423,0.4800022882499926,285.92368937057574,287.8341217217352,288.9748389149269,290.5985041734705,292.66474110691223,1.6426081568516846,1.5945040019691754,1.4396171350770604,1.3329492978819373,1.5207154034771686,train,strong_pi_central
12528,0.34488504815743176,0.5927508042404068,0.3655164973593156,1.538369201510219,0.0,0.40037145594943657,0.11192092815244356,0.04226376974132514,0.09066589973277342,0.35477794642402133,285.488309191027,286.9851827297002,288.3351150220134,289.63312249514445,291.67809831012835,1.4744287060464132,1.5956364194897221,1.36903995150405,1.3562902704059876,1.4630383554456465,validation,strong_pi_central
12529,0.7121418294394293,0.9986012675367886,0.7691740905959139,1.602705732818173,0.0,0.02740749584361624,0.2980925768026039,0.28097477700817697,0.08005336839256649,0.3134717819530364,285.8324164419162,287.0162359354752,288.7837556397072,289.7650760875921,292.2859358632418,0.9948162934633111,1.1491329290031371,1.1083694443868601,1.0616309861822275,1.0145239365865641,test,strong_pi_central
12530,0.5479497410204217,1.4447624610818721,0.6766100161206992,1.307218615662757,0.0,0.2465624952499126,0.29148662837470496,0.1972539282711093,0.07893472973744244,0.1857622183668308,286.13448056548185,287.7893182983724,288.9474357535944,290.6485042573562,292.5747002629487,1.2410289701228872,1.2932132719365699,1.2478963776213365,1.371113540624943,1.282076102221298,validation,strong_pi_central
12531,0.20105855158983577,-0.036115908761045645,0.22192956513361817,1.6599147307939384,0.0,0.3911630661922265,0.0,0.17364796064370197,0.0091408022449581,0.4260481709191136,284.8450943322419,286.0411383521129,287.8193552451987,289.10631843987846,291.23853109749757,1.2325121667988055,0.8805541045744469,0.9828248752198024,1.0954291155491518,1.0643676039840795,train,strong_pi_central
12532,0.07493599720112366,0.7413671466196616,0.2980557111794584,1.2818623039198676,0.0,0.5175111810050429,0.022500826850121166,0.07156443101166039,0.08699522665883842,0.30142833447433715,285.6097485123818,286.7014707482468,288.77935999735206,289.41981203932056,291.81495955215314,1.5362589173254722,1.5764407759270638,1.512338726351021,1.1769952863457946,1.8681082189210145,train,strong_pi_central
12533,0.5265865301579544,-0.4921776501257922,0.5550546228049752,1.4779957840800613,0.0,0.35964513586754976,0.26644565311003815,0.15673025574582053,0.050939356974558266,0.16623959830203333,284.435083797014,285.3421921961001,287.4483001220537,288.41437534044417,290.40769921264035,1.0528556496862056,1.1791152643254463,1.0218973178745445,0.8325251777537955,0.9243501836327809,train,strong_pi_central
12534,0.5079857428637979,0.3848129330940617,1.1129315501232717,1.1979079835412871,0.0,0.16257480707342647,0.17416617869816797,0.07290032137595587,0.41793252502457395,0.17242616782787568,285.2769883516113,286.7190882967959,288.1025755921504,289.5716008646596,291.439474432033,1.53615024145949,1.1084840103818532,1.0683075677109652,1.2108826067621306,1.485722397209247,train,strong_pi_central
12535,0.12366907255233753,-0.02760404249691506,0.359613576228345,1.2888808650525505,0.0,0.5130625934785956,0.09358318380856837,0.225394885730717,0.005317753344529828,0.16264158363758896,284.8778437387925,286.061455697941,287.68659352219714,289.17885279923075,290.6359621049421,1.0936016781741729,1.3329036912702652,1.3086088216692604,1.0155052373050113,1.2566437203639105,train,strong_pi_central
12536,0.15278450966928492,0.9065455654264833,0.21680980709731146,1.449853929230931,0.0,0.41266210172754686,0.0844558248170803,0.09760780660004975,0.0023730878400907035,0.4029011790152323,285.73608174716514,287.1895179940569,288.5727604702787,289.9115860666435,292.2466716039061,1.3019992023855986,1.023421776970197,0.9195175548227327,1.1022626536161346,1.1248465354028754,train,strong_pi_central
12537,0.5590238526441468,1.486943615521505,0.8261379487729208,1.7123662788006313,0.0,0.12247441605936091,0.10669724696922034,0.5359634248834079,0.07673863846014627,0.15812627362786458,286.2952466831084,287.60569597336803,289.0521012347584,290.84133349147925,292.6364737063631,1.4363226058559166,1.6211075794747136,1.615124951463896,1.6195577724468417,1.522379363585613,train,strong_pi_central
12538,0.4408331358133753,1.4307611966520262,0.5914724633505828,1.4324226059441623,0.0,0.3020221050319167,0.09934955591519856,0.13110855068285454,0.16550717837626483,0.3020126099937654,286.2832927236937,287.55314812746593,288.79600775913275,290.38865628024394,293.1575869980075,1.0762023465008788,1.0925408019884544,1.0027394715658586,1.2176245707475954,1.1464425499530582,train,strong_pi_central
12539,0.5638732797703775,0.37626596939361434,0.6915220340363145,1.1456505466624671,0.0,0.015391728577994264,0.36905539686096706,0.2272803103846665,0.03259316339534054,0.3556794007810317,285.04199107269187,286.66979813790186,288.2685077761237,289.537847288903,291.5309152287172,1.0116814640941698,1.1817676228146103,1.1371897459525526,1.1902904434045103,1.0983501928544444,validation,strong_pi_central
12540,0.12813340212056124,-0.41943892201779276,0.37261260197515633,1.2574223318459203,0.0,0.4461424215172569,0.08842892505779323,0.0006132126937965148,0.1267852321117833,0.33803020861937,284.2082431238502,285.85857419616934,287.31233553775627,289.0083746457572,290.7714871003267,1.416603809293482,1.4754033444244572,1.6514709881098446,1.4722745664363417,1.5565960565310462,train,strong_pi_central
12541,0.5942922292829818,-0.1349327174110262,0.571211520523563,1.1394187499725148,0.0,0.3295285318517549,0.20736872398366862,0.06394763607613167,0.13494758023188141,0.26420752785656354,284.7250799388425,286.2006737566439,287.57818466855576,289.14599054888265,290.96776353465293,1.1064404109582449,1.1790992466138241,1.3724106047957156,1.096537266559168,1.3225084636613669,validation,strong_pi_central
12542,0.18743367955505427,0.9143344527511186,0.24800779138668455,1.5314156620313533,0.0,0.6222294381680733,0.16020406880846977,1.1334888468224823e-05,0.028896193844873283,0.1886589642901156,285.76418947261436,286.9953720253791,288.59023389953717,289.67722175241096,292.20479623576455,1.2234845927696052,1.0034534014380576,1.0568663806059726,0.8050027878938876,1.0662904801025315,train,strong_pi_central
12543,0.17046749845150605,1.3857787165448343,0.23447380232883153,1.5331369881549728,0.0,0.5107235143121045,0.17635513080762086,0.0,0.014059335760605333,0.29886201911966936,286.202146380145,287.6918549239233,289.2061090054684,290.3660277272632,293.02684026758493,1.0947745076395838,1.3300186464567074,1.0572832761200823,1.028549024521092,1.1591464313537445,train,strong_pi_central
12544,0.3672601248050722,-0.2602003187467634,0.32658826016708353,1.6792291816283722,0.0,0.4582369997770697,0.12308335422405316,0.018631031071535343,0.07743693743574752,0.32261167749159425,284.49133183699877,286.2067958159023,287.6391959951715,288.5405766977751,290.81523408846374,1.1170895754531542,1.0366392777746725,0.8110589584384695,0.9559105292531677,1.0329328496191463,train,strong_pi_central
12545,0.22255059377196673,0.7457559765962967,0.11193343027074329,1.406980176383431,0.0,0.7524974847091059,0.025005622779937554,0.05692780749080573,0.0,0.1655690850201508,285.45363482849814,286.8835774275518,288.48898982370326,289.5790125192559,291.93912564699986,1.2662338033640215,1.267022719048232,1.5912454548571768,1.7079364826743122,1.5566909515132672,train,strong_pi_central
12546,0.41221298471935175,0.9324392823427261,0.7964488581925304,1.5190446752216404,0.0,0.2586304808804023,0.004244323579018107,0.2137185434923883,0.27424299556056203,0.2491636564876293,285.66432717506683,287.26780062843153,289.04493843961563,290.2409796977451,292.3774358090343,1.053411407286517,1.0511798424827452,1.358195234014707,1.2181989793475467,1.13363269777208,test,strong_pi_central
12547,0.16089770526359853,0.23499520373499605,0.6262186430918169,1.5112259949705265,0.0,0.34542708703142483,0.2184416350620711,0.023089316629620205,0.17734384570006279,0.2356981155768212,284.91928549709513,286.46443092933964,287.9966108360586,288.9371408061677,291.39040584632835,1.2553663882482204,1.1507477965311073,0.9267956888130272,1.05498706025843,0.8942607053401743,train,strong_pi_central
12548,0.58122960720407,0.2529334349869745,0.6240156564136883,1.3424352510625392,0.0,0.2400866594850719,0.0,0.4970128054466243,0.04850142548353197,0.21439910958477182,284.9735904613534,286.52102461530313,287.97192459201693,289.74179379836306,291.67344012089956,1.5830440897423679,1.9281460318400134,1.4184652480088473,1.5138082082359834,1.5069460448936196,validation,strong_pi_central
12549,0.9458067271225765,1.0951537686336748,0.4976543230976397,1.1568936156120349,0.0,0.4060437788052518,0.25419753464071976,0.07169206085334218,0.07088236380178888,0.19718426189889723,286.0831066786129,287.3458061974121,288.9116460872063,290.21797192207856,292.0763981754875,1.4432221557443072,1.628942622709049,1.49252057101658,1.5382451109919513,1.7385781325282605,train,strong_pi_central
12550,0.4883641942893053,0.011010526171281398,0.7237048292763921,1.7241203251359944,0.0,0.25908811707553725,0.16586811396789836,0.21593968287141166,0.15594851621854108,0.2031555698666116,284.8972621513763,286.33018419577195,287.97735896946585,288.9705370682505,290.7725791961086,0.9935272664944591,1.2238912598843292,1.0404104098473281,1.0588564754360645,1.4766543982509346,train,strong_pi_central
12551,0.3828143263005071,1.3772020099787525,0.6854664696211582,1.109094653038973,0.0,0.20809709745072694,0.0,0.6157062318967272,0.019880118862215447,0.15631655179033038,286.2071787049283,287.49737351977257,288.81135469949413,290.6088125683839,292.75245118016926,0.9374549955809711,1.0552367169426133,0.9472027326346936,1.0341685514009564,1.0390788279466634,validation,strong_pi_central
12552,0.8202270583888028,-0.19331682812653606,0.592452083611569,1.1616372539856759,0.0,0.06304381445123526,0.28523080074642754,0.27722128286514147,0.0,0.37450410193719574,284.39729274977606,286.2940356161069,287.72893627717684,288.5954319654927,291.00153553827266,1.4757896868718376,1.3131024293575575,1.2956080188619195,1.211246876515168,1.3948187816883502,train,strong_pi_central
12553,0.47675000874252205,0.21031985638910555,0.19021092362302863,1.1957508854359977,0.0,0.6942186618303119,0.04275598549238014,0.0,0.05872746906532425,0.20429788361198364,285.01597977099385,286.79583673766837,287.9690422205338,289.11100322549197,291.10313193750835,1.7456388242225402,1.4162999454979084,1.6478609184108648,1.6309712732697104,1.275774900727765,validation,strong_pi_central
12554,0.4058241437095598,0.6301414930647016,1.147010030526582,1.340199596347327,0.0,0.03676201815631962,0.18816353788487036,0.0,0.46442324632085585,0.3106511976379541,285.61816142564305,286.9403434061537,288.7365421372149,289.5872847435941,292.38018587066887,1.3184480509076242,1.1972709586567463,1.295804623194933,1.0078117979604961,0.9652009833915371,train,strong_pi_central
12555,0.1583044132556305,-0.35915211220883414,0.3871881891696982,1.645911002363388,0.0,0.6031533452029734,0.0,0.015460529682533855,0.1708638297435822,0.21052229537091055,284.4294056807027,286.0871838238542,287.1503868620465,288.53572255302805,290.911017263076,1.1517198917594655,1.2105749515831243,1.1134022555061132,1.477083534586542,1.2862926891582933,test,strong_pi_central
12556,0.3171719324487567,1.099913227799191,0.7465361716481165,1.6613113905330483,0.0,0.23395721868788882,0.21544740855044292,0.07334666115335782,0.21387105097215783,0.26337766063615253,285.811506966381,287.1345728264923,288.7182122406129,290.1104521493858,292.47456823688464,1.4912415707803117,1.3175885780671737,1.4810070660274046,1.3985791540539168,1.4009798861022489,train,strong_pi_central
12557,0.6174162929989466,0.3053196303727095,0.7908938915742645,1.3245150209205765,0.0,0.0781596926297926,0.30823439168268624,0.45265949989157833,0.0,0.16094641579594288,285.07624030650095,286.3285392736623,288.1288962960872,289.3547263745454,291.44697027703256,1.056605492241042,1.0840552384711784,1.0679863034527735,0.9415595869984648,0.9826726162273138,validation,strong_pi_central
12558,0.7497211988894215,0.49758445190817113,0.8084812858541819,1.4252278017193596,0.0,0.046587233181891646,0.14631314547706262,0.22326157363004345,0.20445328337353788,0.37938476433746443,285.35879378091727,286.9568411727384,288.0722897973678,289.5067451028691,291.747521144327,1.1719527290825271,1.1525638156846274,1.1224626517067104,1.3689921930528355,1.0691770930619977,validation,strong_pi_central
12559,0.44573883960350513,0.04902826635408131,0.6098097846614281,1.6643112442021404,0.0,0.44575321296797515,0.0910731797898345,0.0,0.24436830243579682,0.21880530480639349,284.8328906655127,286.06018020330134,287.72426932140854,288.9477401935479,291.1522798091244,1.118531403945787,1.1025786629970529,1.280061065517221,1.1739873998315853,1.0336081849810288,train,strong_pi_central
12560,0.23014869705295077,-0.0761711375900389,0.27147066026894506,1.7139905749858926,0.0,0.5440049349820336,0.19029722864198245,0.017228888000254395,0.016972271813354107,0.2314966765623754,284.74899545747604,285.9534400444149,287.4971359238474,289.122016590888,290.9554145283572,1.2532706808888883,1.2460767112284912,1.2864251075369517,1.372956586767895,1.4241370138993443,train,strong_pi_central
12561,0.1305856399921395,0.7996675560034716,0.30749234114901214,1.2635510043561455,0.0,0.619291947291791,0.05273314385621999,0.11628096907621736,0.05423911410828738,0.15745482566748428,285.57783159974844,286.89732642944927,288.44495538895956,289.73093683767496,291.8928707098967,1.5154741359295125,1.3248084923542374,1.3546636659321363,1.1729153684998868,1.2126876090942245,train,strong_pi_central
12562,0.13278718099330297,0.37258411744897213,0.5415457637134536,1.2134863247090215,0.0,0.5404179902506285,0.09226924202142067,0.0,0.20963826084601647,0.1576745068819343,285.1005004215531,286.48042525841794,288.1014768007045,289.37707503577604,291.6268462495199,1.3662245116881557,1.3871039756362329,1.43389422822261,1.431910502930802,1.6131500450467153,test,strong_pi_central
12563,0.1676753830249784,0.33261532934606564,0.15767465220740737,1.3953316100286757,0.0,0.5138658671002662,0.02967668625322003,0.09151702083256706,0.0032404725608101395,0.36169995325313653,285.22791630923007,286.8068413788173,288.05713357299476,289.52116276479734,291.4166485067154,1.4763631844489578,1.289453533699917,1.2260573547017268,1.273428804326153,1.0910806646319922,train,strong_pi_central
12564,0.33624186721395627,0.19081868213334996,0.41444984250665556,1.6697062564157377,0.0,0.4896131080492097,0.07308594967653594,0.11825283756076947,0.09655552763467508,0.22249257707880996,284.88740162879424,286.2678216015381,287.7002044955345,289.09908738344643,291.53427345677665,1.082971654777452,1.1034161492085972,1.3369237937613505,1.1944083033020019,1.0860426796161418,validation,strong_pi_central
12565,0.4614723687767554,1.2276323581604656,0.30421400900968665,1.5495317611961015,0.0,0.5563903812407006,0.2267989742368074,0.0,0.023707517386439607,0.19310312713605224,286.09683338943347,287.4310838436964,289.00958939357713,290.4623932320656,292.49725032195937,1.0543467038048826,0.9675664249071563,1.0490563969014728,1.051138379498325,0.9963278634582035,train,strong_pi_central
12566,0.2278805050409725,0.614112410483274,0.41813460455272156,1.3446121319801592,0.0,0.43453017864295057,0.03619833424281188,0.022279071094077518,0.16482859960791607,0.3421638164122439,285.34871005132374,286.3437943691425,288.105188147878,289.5407674766968,292.1567624624087,1.1640815609615986,1.04188967272035,0.9196292467286805,1.187932553942305,1.1713042474750492,train,strong_pi_central
12567,0.33792094667328054,1.2958238597518528,0.42693585401248857,1.4204723951198823,0.0,0.4182220525630383,0.20757064917173354,0.18936520484075506,0.0,0.18484209342447308,286.1361187606634,287.4198494106637,288.9484711460398,290.28360591072584,293.0563865510385,1.0111665633159856,0.8515417017096453,0.9772427826520075,0.9803290449490186,1.1621680456066117,train,strong_pi_central
12568,0.34899443411468856,0.22540816149805032,0.5435462106878202,1.2714690253870176,0.0,0.17424372427849444,0.2691282768178228,0.109662099130003,0.06737791736999715,0.3795879824036825,285.108687532991,286.4835495556005,287.801358348129,288.97453532286335,291.864670215132,1.2070027326465556,1.084815584767164,1.0318920212270524,1.3031008720060087,1.071856429741757,train,strong_pi_central
12569,0.42703061193634106,0.06792732576714178,0.44585481201099597,1.4654162041636158,0.0,0.28830060403805546,0.35063777631524645,0.03471437503395287,0.015251330330898353,0.31109591428184674,285.0240641671435,286.55491410789625,287.7322884782432,288.8683078661854,290.8872611205514,1.1354058978708508,1.1811060183866897,1.0260690526751193,1.3014794413707547,1.1414205865518008,train,strong_pi_central
12570,0.19779086630381415,-0.357658748450008,0.2056802073750676,1.1794747057601829,0.0,0.40679497368218714,0.048388120170271984,0.028766111312265533,0.04926298794626505,0.4667878068890101,284.32714060280347,286.07663575462755,287.52328116706207,288.69244305381727,290.8477336961798,1.0944561982005359,1.1467318063317582,1.0046084525714136,1.1485264703928875,1.2045693053211355,train,strong_pi_central
12571,0.43456923933759983,0.8775768895210829,1.035781132882483,1.7346541807612033,0.0,0.1927693079838876,0.08754981542056574,0.20212269835068247,0.3580543095556174,0.1595038686892469,285.7053322014617,287.2761207926163,288.61195625658837,289.79213552943406,292.2033046440195,1.241936659209262,1.24592555459082,1.1893075178787922,1.4982794625099978,1.4571668400678892,train,strong_pi_central
12572,0.549343763611035,0.8436293212656252,0.8642132977826835,1.7348734429125718,0.0,0.1658479654117216,0.40084298463768225,0.0,0.21668515657250062,0.21662389337809562,285.7439994632683,286.8886013520798,288.4962134081002,289.83866375797015,292.14428647446357,0.992599760408713,0.9180518505016968,0.9776375321430808,1.1605675666218047,1.0913936510215754,train,strong_pi_central
12573,0.3930073057298841,0.5017667961356098,0.7750652139027866,1.254504948203237,0.0,0.40368577655327026,0.0,0.10541348237533037,0.3198258657637281,0.17107487530767124,285.23741197914745,286.77671901876096,288.2874004136916,289.3528479908224,291.5872627054641,1.2712115840789173,1.2706936757320944,1.330708953719031,1.1270211697056056,1.3128227654600209,validation,strong_pi_central
12574,0.4140972452314277,0.42413991270555185,0.47748611800454077,1.7276571170443829,0.0,0.36833097027651707,0.11636280154616523,0.19594474255638578,0.06758928695099488,0.2517721986699369,285.25912603059993,286.9425325673313,288.3475271579702,289.3679244993517,291.89999895106666,1.4095628323904585,1.1226099528533646,1.1825071848907103,1.4291143715312373,1.2873596252846937,train,strong_pi_central
12575,0.224936711053771,-0.18110624974736522,0.3044284718928611,1.47558685101562,0.0,0.44496458724072163,0.15751563408329322,0.023562674020200965,0.04667508189468346,0.3272820227611007,284.6133284469218,285.77061107533035,287.4681733859934,288.73657384847377,291.13142355680316,1.481209746216,1.644306354006005,1.0865228327347354,1.4168025230889283,1.395780757947066,validation,strong_pi_central
12576,0.5643565827614873,0.5705621092171018,0.32985978667587706,1.3050085476786317,0.0,0.2727643657984785,0.15953741303348776,0.12056462624321139,0.00987887369958894,0.43725472122523334,285.4168325252276,286.8371950206878,287.77588115874494,289.8871106982366,291.50750090203064,1.8679687192445515,1.7001170905452607,1.375409780726589,1.5255907445323231,1.6366592354936198,test,strong_pi_central
12577,0.27200904620793215,0.8808519178168144,0.605343981188562,1.7459512461122184,0.0,0.26389392168543574,0.3798908651058543,0.1579503084508651,0.018751403815921334,0.17951350094192342,285.5543143616563,287.0599799182553,288.4427459834319,289.6865532614725,292.2405457297906,1.6190075268651327,1.913137844787278,1.638906698453923,1.350092109946801,1.5997571580659922,validation,strong_pi_central
12578,0.139413796409386,0.06927876429317248,0.8843290497346722,1.589452936634276,0.0,0.3865040252224934,0.0,0.05307949288046545,0.40062477842710337,0.15979170346993782,284.9767518913935,286.3970632792635,287.538479811994,289.16736357552287,291.52172526062236,1.2933454863431864,1.2214483360774417,1.2358148033344483,0.9960057470544875,1.0856203269664595,train,strong_pi_central
12579,0.2159137591828746,1.4572978506562615,0.24257214460891233,1.6348705041940654,0.0,0.6076427522472738,0.20866351845205852,0.0021029485557208316,0.0009028388005664932,0.18068794194438043,286.124618209333,287.65616863103384,289.26503358745975,290.26671953905867,292.6997998973358,1.5172040054660787,1.323028567162949,1.5496141356378152,1.1790972280882233,1.1501129872536158,train,strong_pi_central
12580,0.21777299092829844,0.8716711486981552,0.17105490688480163,1.1571084288682627,0.0,0.2550728770406083,0.08501672853279962,0.01651136880163781,0.019763404775182097,0.6236356208497722,285.37277045321815,286.838025153747,288.5606016219955,289.76748783658184,291.86756589192674,0.914723658378447,1.0448048169280582,1.0237285228868758,0.9758092989927337,0.830740594343194,train,strong_pi_central
12581,0.3973277642112629,0.9210703939051936,0.5227949133999559,1.587009496311886,0.0,0.360943395039144,0.32729983463860024,0.1090565244480373,0.028219277156659155,0.17448096871755936,285.76773858288556,286.91047309417627,288.92379727676405,290.00211228461194,291.9590892533972,1.325939485745903,1.0971575146177068,1.4178707491812181,1.3497305325462432,1.5627774919971584,train,strong_pi_central
12582,0.6747380590468333,1.304329911898002,0.38170947492025575,1.4787715185398724,0.0,0.38654147871910727,0.11953330167211686,0.23217617324813888,0.0,0.26174904636063717,286.1070616164847,287.5562460377803,289.02117987736636,290.2103664370524,292.1970827651186,1.0224249149022964,1.149598832931659,1.2845574989037523,1.2410977853648937,1.234213966031314,train,strong_pi_central
12583,0.09198099656294707,0.7303227658472431,0.3005488730378214,1.6307437449718685,0.0,0.355917493584453,0.23309117903748203,0.0,0.018728847000169704,0.39226248037789513,285.759262354844,286.85561685399057,288.53634119641094,289.96712078224715,292.2492969793409,0.9491840874150417,0.8969186305613597,1.0686605744451194,1.0571523240063225,0.9967253187207011,train,strong_pi_central
12584,0.7547185277307519,-0.39675838209871817,0.5013376862295853,1.113631262600062,0.0,0.27102151890140713,0.37617166391526047,0.09516602231432485,0.0,0.2576407948690076,284.4991320151441,285.55738059560247,287.704811437342,288.43974709552174,291.1972397674357,1.2677397449563363,1.2167933409453058,1.2814462902552237,1.1732369829012919,1.0859476552132001,train,strong_pi_central
12585,0.5760157858905834,0.4385057358457418,0.5359143161531661,1.7226557306119097,0.0,0.45746783102257776,0.08867444498948414,0.1700348349132077,0.12360251812523713,0.16022037094949318,285.1485993565283,286.7041313286292,288.20936564908266,289.4303866133456,291.7129538066547,0.7507288992090897,0.8203195696737684,0.9533755976983751,1.0052043902952605,0.9490770193325649,test,strong_pi_central
12586,0.644595158127283,0.5807691516852693,0.9646439923043972,1.742122865651858,0.0,0.04342411850198098,0.3151364120111864,0.31326602476470217,0.15312077776425437,0.17505266695787614,285.4386118068497,286.6878623875974,288.4138084626939,289.49112847332304,291.8326785631412,1.4436297409401335,1.5206117254222156,1.3871759089905298,1.3177129652108184,1.4491802723574407,validation,strong_pi_central
12587,0.6082108761820562,1.0677337687262143,1.2,1.2688003427253567,0.0,0.10007418025136942,0.13355637630220266,0.12649140084161736,0.4607654815209115,0.17911256108389897,285.9477119025927,287.4670502447469,288.7509432004257,290.0663609417081,292.4102919219175,0.9478700966538669,1.0309489326470047,0.9448391270515059,0.8235180793576772,1.0551659610572623,train,strong_pi_central
12588,0.1217639246186772,1.2477352687077343,0.3277427119090697,1.5266852346241175,0.0,0.15864273019792682,0.15790910812694936,0.13983360378212034,0.0,0.5436145578930035,286.02072580516005,287.32608033040395,288.80639226958755,290.3404276981823,292.7662256137232,0.9606937716883504,1.1579458997550436,1.1540164271348532,1.0218399634320132,0.899435593922802,train,strong_pi_central
12589,0.3517345425143304,1.034923849819362,0.44441830653630665,1.3830674525246147,0.0,0.3412847324663144,0.1658520927318502,0.20949591513792,0.01953514933326821,0.2638321103306472,285.7340372004164,287.54753499653947,288.79945083976355,290.1283617829811,292.2091823282918,1.178334502217244,1.1397932647889752,1.0567128184662729,1.1487506742780393,1.0810991146002942,test,strong_pi_central
12590,0.6117279730220109,1.3593579754951213,0.6719424956324938,1.2839408627473254,0.0,0.24078319491750516,0.4350250534337279,0.02614709603532587,0.09038517308171998,0.2076594825317211,286.1274732294142,287.41304986229653,289.02525984226907,290.2313896769962,292.4791509790758,1.1492657046956023,1.4807556416942051,1.2275408076310175,1.3046434728472858,1.2013389508004086,train,strong_pi_central
12591,0.11787128107539747,0.017337273915525753,0.37846238818601086,1.403791683914792,0.0,0.6371453394627448,0.03492391108601659,0.0,0.15676923854999714,0.1711615109012414,284.87548309566324,286.29011116444383,287.42951532269416,289.03114219520785,291.3710751590589,1.5421428118488447,1.7268319382096202,1.8007377285602781,1.6978005430113494,1.559159596409558,test,strong_pi_central
12592,0.19990605041542986,0.026097997014896457,0.2455065609542181,1.2894718514955468,0.0,0.6217958271861063,0.0,0.007365173811768107,0.104070693571225,0.26676830543090063,284.87621784917036,286.14948642039536,287.8891157436088,289.3726146261708,291.2776024584068,1.6624942116118904,1.497843842200595,1.2355434808815782,1.6367257196322866,1.451214834959234,train,strong_pi_central
12593,0.49699185265984236,-0.09594058592219135,0.59111399235357,1.4993362171632008,0.0,0.34351954482786706,0.02031431469001296,0.25298692804787193,0.14390637480784255,0.2392728376264056,284.7029703128479,286.3777395412966,287.3857409983795,289.05197373431884,291.1881816910766,1.159452530551425,0.9779563498319737,1.101681074831511,1.1482684987480507,1.2252707967962129,train,strong_pi_central
12594,0.28614633662231415,1.481223250720772,0.13314268893342215,1.6856013832934973,0.0,0.4624736965607368,0.09888992967431387,0.0,0.0021263796295541465,0.43650999413539526,286.4722776901613,287.64728893712356,289.20251402888834,290.11710101999745,292.33012342654115,1.051421021456265,1.211867882063772,1.0436529378911237,1.3747967503117227,1.1837958124830508,train,strong_pi_central
12595,0.2865942449123627,-0.34665110311313363,0.5685467670092339,1.5601977569488568,0.0,0.28038300086208556,0.13198905128321473,0.0,0.2032788578630096,0.3843490899916902,284.55847996640784,285.61996271705635,287.3883718294092,288.8813346638814,290.9931099153983,1.3807570575730856,1.5168905404495705,1.3647178510514424,1.4115594216763387,1.494606931626984,train,strong_pi_central
12596,0.2761707596454766,0.36767686227659313,0.8073425867259488,1.3232652486567686,0.0,0.3023053645803957,0.023655984278296287,0.23376455955033265,0.25996102144865996,0.18031307014231537,285.32479939592184,286.6403590654193,287.8693713386829,289.3081902608598,291.15057739226296,1.8075070131878206,1.7583275103032312,1.6957316315218598,1.6860040830640834,1.6300031358669111,test,strong_pi_central
12597,0.6452107731424063,-0.09767426567404991,0.8045064363784408,1.1475889203445855,0.0,0.1334541173204547,0.3169016453650636,0.32529836472275525,0.06615321314531092,0.15819265944641536,284.7968683900288,286.5139518794971,287.65154301581157,288.88277560044577,291.0002784413356,1.5211854739173907,1.5072286487653017,1.7752511198561904,1.82898362423021,1.6337096110402556,train,strong_pi_central
12598,0.2391063388393536,0.6526560706807243,0.13802891666948022,1.5154297790825355,0.0,0.7260268911769241,0.09783486178816572,0.0064736816733832435,0.0018601866039656331,0.16780437875756132,285.62649245925166,286.67285259459436,288.35568444259263,289.4924284071455,291.8832210397157,1.4997310214558481,1.0594050525866905,1.1638435895576715,1.3491183448476038,1.0721694640775796,train,strong_pi_central
12599,0.1401845734787113,0.9262597176069169,0.20786464957411765,1.4147327234404274,0.0,0.44192445153015625,0.0,0.009416855839582915,0.08422389686726738,0.4644347957629933,285.7824424183349,287.4179419663406,288.68691793760325,289.95410269871326,291.88079687837956,1.609376126033371,1.5547984039096792,1.3972754139821895,1.3769986230212612,1.5173634559509193,test,strong_pi_central
12600,0.46650500747831025,0.004873763659170027,0.7329637342752325,1.405892297778966,0.0,0.22061103860173667,0.26694300604886756,0.16658552310515104,0.13471760256060694,0.2111428296836377,284.7144299783282,286.1681857862844,287.6828682090108,289.552745985512,290.92620072599476,1.1725274714880487,1.4173236396442195,1.4907320596387978,1.489524742409669,1.2144643492859868,train,strong_pi_central
12601,0.02953858948531313,0.6822309766519719,0.23296274479329585,1.1970353801450495,0.0,0.6032612437845314,0.1551201435403309,0.04771834570161961,6.212777567266246e-05,0.19383813919784537,285.4185085045508,286.89558176512196,288.29901507654483,289.5233860487898,291.73669519841934,0.9760046322340982,1.0431799193600886,0.9517884679669706,0.9325340299131936,1.093664980689092,test,strong_pi_central
12602,0.30793012107474893,0.7973006872857487,0.4794959353263037,1.651278048390322,0.0,0.25999349021729895,0.25214387482163164,0.0721136617694258,0.06261919936762314,0.35312977382402055,285.6809088555793,287.13457383259293,288.550296443861,290.02131835374587,291.7873257847535,1.3154655415778442,1.082469933636681,1.1556470598448871,1.2185505703193993,1.300097298269565,test,strong_pi_central
12603,0.2627518876505145,0.16350247695665665,0.35431531409205086,1.5444042701260416,0.0,0.5115738265369253,0.09959559555289084,0.2116188812767653,0.0065504186311973415,0.17066127800222125,285.05541037212464,286.1961395831012,287.8289140622679,289.2738916706302,291.6484696281709,1.201616803054931,1.2492407501481981,1.0818841987533208,1.1736778421563745,1.1613214977921849,test,strong_pi_central
12604,0.18639796729374083,0.7243726117213636,0.554187364532431,1.63635661555045,0.0,0.292694332306215,0.0,0.2747606750932738,0.12471334471957864,0.30783164788093254,285.4730375596322,286.9727127459824,288.7194866773539,289.89965069625816,292.08318882243213,1.1594372750412911,1.046881413481469,1.1329348340767453,0.8728402812921764,1.114091720595941,train,strong_pi_central
12605,0.5800718008936315,0.7303271151520017,0.33780953940335356,1.2897769641811951,0.0,0.3364011502015977,0.0,0.1227663947825804,0.09252157231038657,0.4483108827054351,285.3010954005488,286.8657087714179,288.33882829128214,289.7313340377549,291.9937392655821,1.3298734056626496,1.1658095331783844,1.4108848545799177,1.4367080075362948,1.3674551950273137,train,strong_pi_central
12606,0.21136535552231486,0.14686021363755675,0.22915041229962677,1.4358312647043205,0.0,0.36417666965038253,0.0,0.06333314146056032,0.06790863541953322,0.504581553469524,285.08829098774606,286.4610943800404,287.65693056063446,289.0548213312916,291.542158344693,1.4327181714314854,1.4316401368337779,1.44097737881686,1.493151181942166,1.4162666747709165,train,strong_pi_central
12607,0.6909842849112056,1.24305071531461,0.8333649646728332,1.1416776833578566,0.0,0.222088845552416,0.348794919533073,0.06000718498132217,0.19728143007921897,0.17182761985396977,286.11107051931765,287.86053539643507,288.79253241859186,289.9951694818053,292.0957351736612,1.6708957357481518,1.5696892517979737,1.3891707221664715,1.4214411655073749,1.349219627243045,train,strong_pi_central
12608,0.19846970579764042,0.5155429191807537,0.46204896606302837,1.3035321916629075,0.0,0.42051740977824364,0.28572230110429536,0.050682162903318846,0.047822251027707104,0.19525587518643506,285.35966781513986,286.8139708520263,288.1984906464641,289.4818357970243,291.68219851782465,1.0724337871203604,1.0800660388584,0.8821894599162695,1.2309941980680263,1.1057762921744068,train,strong_pi_central
12609,0.1874972098539182,-0.019982295603063527,0.5542048509601787,1.299126368544723,0.0,0.23094720241111566,0.15784050712914038,0.30350701243867706,0.03142866569618062,0.27627661232488626,284.7417770984494,285.9306972992881,287.819034127888,288.9778051725693,290.868447761271,1.2427070003386962,1.0665518080010017,1.3244523108359947,1.1004951340868618,1.1767118893082718,train,strong_pi_central
12610,0.34985589666193906,-0.2918984734214143,0.13814726275896336,1.3564740488574674,0.0,0.5798814126839591,0.08715391595919499,0.02099334679976838,0.0,0.3119713245570776,284.6487485684289,286.01824767854134,287.3307950469047,288.62715819598304,290.92449183373566,0.9982155131960271,1.0769588313945686,1.058313791143836,0.9151293588050314,1.0543147043430874,train,strong_pi_central
12611,0.4194463108607512,-0.4676759683364118,0.7851280789159217,1.6693351117369257,0.0,0.2037623658101125,0.4816438664176926,0.0,0.1367421062491146,0.17785166152308035,284.3043263372439,285.9786448698519,287.3370491828228,288.1230987009778,290.2862118036096,0.9876536630720512,0.8906070361429891,0.8666827935747393,1.0225254061634061,1.2171564536785342,validation,strong_pi_central
12612,0.6529817735759154,1.2542307309853995,0.8113349866599668,1.262364154982547,0.0,0.34529331958401277,0.21339138234365218,0.0,0.2839718021581573,0.15734349591417773,285.928669220302,287.550736450287,288.56119877099485,290.6234744895688,292.3641898136165,1.1653609092598904,0.9504423048159869,1.1211547563869055,0.8819329588947616,1.0433566921551085,train,strong_pi_central
12613,0.5490689745120513,1.060559284330615,0.8115625408119451,1.3372095809484001,0.0,0.18685121756642015,0.2505558641928271,0.2504941631700088,0.14025625672455463,0.1718424983461894,285.81824702458033,287.1404392261399,288.841157869478,289.967580117343,292.0289030593729,0.9334038293753272,1.0674693452537296,0.9815474502270353,0.9022415466657842,1.0076954237395408,train,strong_pi_central
12614,0.8115912937003893,0.8668049239742461,1.0555554872466195,1.5836549536642326,0.0,0.025284185784520963,0.22204025110982867,0.13093885286213913,0.3362881916373259,0.28544851860618536,285.5471621607271,287.38659298480565,288.64154653535235,290.10272275435864,291.88158468200976,1.7578117913217197,1.4473803620700902,1.4298232594192841,1.6182739257243484,1.5456650328213044,train,strong_pi_central
12615,0.9405628106770766,-0.44920818145560304,1.045212155910074,1.4283265139111694,0.0,0.01375896738730261,0.23285779316739874,0.3767616560516759,0.2027963533454996,0.17382523004812322,284.2427593976868,285.95058627309027,287.3898989656731,288.46525980443306,291.23792475016296,0.8654890734571287,1.0449217641806114,0.8890346096938336,0.8882612186397965,0.9992534287136325,train,strong_pi_central
12616,0.4084959078909672,0.004050948528094622,0.691643498166715,1.3605340094459004,0.0,0.20287111409359793,0.09534324861138621,0.31738861812650815,0.12445581571441033,0.2599412034540975,284.9676402463,286.08821734162103,287.6963476068398,289.06775511562984,291.39905558138565,1.0272682927902181,0.93543368117297,0.8495369374345979,0.8727057088100763,0.9283681025220153,train,strong_pi_central
12617,0.3256459450144689,0.5481397047813923,0.7356988617008846,1.6473905157979125,0.0,0.3837449265221374,0.0,0.1862762116352542,0.2597113250328152,0.1702675368097932,285.2938899722105,287.1157483480767,288.09076275539627,289.8751526323079,291.4952694736859,1.2166271321276552,1.0596981178598204,1.2349634416274111,1.2167207984403332,1.033895865054089,train,strong_pi_central
12618,0.28459253572373056,0.0349018400190495,0.12482275891411349,1.5513779880136238,0.0,0.5634266058282084,0.08227976661408365,0.0014549598076792887,0.005544016246175276,0.3472946515038535,284.9908075186402,286.38116214553963,287.7917054862827,289.1565051708984,291.37825974158613,1.3860627164106707,1.5692205042391278,1.521545063242421,1.6140356374070337,1.3988398610035322,train,strong_pi_central
12619,0.5362108591464047,0.675987429273524,0.8952154869693885,1.3275045230475755,0.0,0.04210695492294855,0.5109968625629824,0.08796888641645179,0.13312486899497708,0.2258024271026401,285.4536795522592,286.50549382689525,288.4942237257709,289.80424502345744,292.0293226536924,1.1376273851167862,0.8144030858249542,1.0881578894539559,0.7337332433625454,0.8578921851331813,train,strong_pi_central
12620,0.3313124946496591,0.26156131240089664,0.6464140636447696,1.6756040236324272,0.0,0.2370958110911889,0.48802689563883095,0.08871170857702153,0.019837729714458567,0.16632785497849997,285.0233617214297,286.41992340415766,288.0219473414036,289.620037816112,291.73858011928326,1.1608518135562989,1.1763998346016562,1.2826658636439365,1.311561914516774,1.3293824147649538,train,strong_pi_central
12621,0.6569781785840934,-0.2377582939800731,0.6430229407337975,1.1480105057283472,0.0,0.3168921053734742,0.0,0.23972868283549725,0.18664712894915012,0.25673208284187826,284.4286240574591,285.9598381014251,287.52117391361986,288.5298207380582,291.28518385537734,0.875366132691716,0.9164835317212513,0.8610732623977586,0.8794106499081495,0.8598070830493303,train,strong_pi_central
12622,0.31788591505936936,0.2970299331740578,0.39476223927510246,1.5421879252876693,0.0,0.3231700049865643,0.23696149619770243,0.12780074307740005,0.0,0.3120677557383332,285.00519897593097,286.6157116170698,287.93494874673246,289.61457542689647,291.6380687940492,0.9380987331090047,0.8199027044063414,0.7728128310139681,1.0280917783427042,0.8701028714995906,test,strong_pi_central
12623,0.5435580779919928,0.4302265888937975,0.969194732222453,1.3803430994357306,0.0,0.043230439636136736,0.34823589544120864,0.18323941314598371,0.20385971181763032,0.22143453995904064,285.17234052230356,286.62458997036,288.23382621324134,289.57467999545895,291.7484565602371,1.0826385700507428,1.56845393711064,1.2158954307438332,1.2867274869345227,1.2903469243666408,train,strong_pi_central
12624,0.4372674938710051,0.23602189479963576,0.7404288068982288,1.3487719065012564,0.0,0.1127226612352706,0.5389178942197919,0.13048603697429675,0.020512437852070083,0.19736096971857067,285.1420462264359,286.4176057341655,288.037179767291,289.1514193152933,291.3847924316377,1.6576598224598713,1.6257004143325577,1.400302862388136,1.4508631192792327,1.5575720224235243,train,strong_pi_central
12625,0.4319662034154647,1.322910153062372,0.27015551901746176,1.410605250146597,0.0,0.47731520705983604,0.0,0.09303340363065925,0.07356105769340125,0.3560903316161033,285.9592401854049,287.8476018434359,289.2540009012205,290.3917800125864,292.57413172205474,1.052183900371471,1.2908205812176345,1.0285198075562367,1.2105170051540814,1.3613963513365426,validation,strong_pi_central
12626,0.45246681858352944,-0.26559136125922045,0.5554327781609025,1.1244107963214771,0.0,0.14376466762548895,0.3292627562568349,0.1635118624394701,0.016329079732298718,0.34713163394590735,284.4996077219875,285.8207781505043,287.4272156601752,288.78808983769727,290.8574912635102,0.9991077131599225,1.104718160401457,1.2540888788636262,1.3776016763306913,1.150119964585233,train,strong_pi_central
12627,0.13470580446901548,-0.1364336108335995,0.1496317331385038,1.5297224080353073,0.0,0.6932157983627161,0.09914192839710056,0.0,0.010244902370701624,0.19739737086948175,284.7437684663648,286.03641611674186,287.4837898844158,288.8361654095268,290.8198849856328,1.0692447052934533,1.2302943096369294,1.2971336788749666,0.7511142945629179,1.084337736024089,validation,strong_pi_central
12628,0.4063449604378723,0.24282707818452298,0.73584230897266,1.6069571783010013,0.0,0.19919848137916882,0.0,0.3371689770626711,0.1843366659549944,0.2792958756031656,285.02518135580146,286.62147669383774,288.28934954229334,289.3521131359688,291.6208298201514,0.927058137012974,1.0192405722714175,0.7623677398884255,0.8503189212498706,0.8795731549721857,train,strong_pi_central
12629,0.3328182716687873,1.2102183607422474,0.6547144796950356,1.5744272644345343,0.0,0.27019122137578516,0.10284588430330925,0.428897875169101,0.04648536011131273,0.15157965904049184,286.0703115725929,287.62351484993263,288.78368026137645,290.2627402845562,292.26358579700326,0.9321519150222431,1.0579474414518721,0.8089854844445105,0.8296323341257845,0.8876399047166447,train,strong_pi_central
12630,0.30769238914709884,0.15803316800550604,0.7134799198288245,1.5254710675627412,0.0,0.1294042278800558,0.32630856641763845,0.2828930356784625,0.03713915886636181,0.22425501115748156,285.0829615402858,286.2205238792026,288.15287850427694,289.49005367933756,291.316582077464,0.9643038326002347,1.2237218360550823,1.1331997789979384,1.2524715141430296,1.1453423219865406,train,strong_pi_central
12631,0.6784028739073186,-0.20995933197384797,0.5813923581986996,1.5069372202723141,0.0,0.3085865637241182,0.40440827712368455,0.0771091274564324,0.034937476809291344,0.17495855488647358,284.7651003274976,286.14486149094444,287.6553850450205,288.87992845190837,290.93324426179373,1.316575941674182,1.6170116195091446,1.4920815764897717,1.320672882782288,1.6750770131699073,validation,strong_pi_central
12632,0.20214056618545934,-0.2938876963606929,0.132292463079391,1.1872231084405143,0.0,0.7472411041900299,0.09881793466658476,0.0034745284128062355,0.0,0.15046643273057897,284.36860306615586,285.9260488516267,287.45648074956995,288.9928563582385,290.8032798189708,0.955781666022259,0.9054618891683738,0.9584118583255319,0.9773623018013107,0.7745828761594084,train,strong_pi_central
12633,0.5970608865967435,1.0896729221764687,0.4901043474683938,1.672005943222317,0.0,0.416364968871761,0.0,0.22655893317226428,0.11677270714806477,0.2403033908079099,285.94488445122795,287.087090151468,288.7876717695179,290.1900538549042,292.1916751569605,1.3203790214404982,1.5087391171441975,1.4025097744631658,1.3974390237112395,1.1713746747588505,test,strong_pi_central
12634,0.4927885804493289,0.006384898504200098,0.3928884669179582,1.2508066115551342,0.0,0.45857683131971433,0.2056109186281122,0.0,0.07863877414492298,0.2571734759072503,284.8457930276501,286.2237407958837,287.45863793174215,288.95426657334013,291.1965290047951,1.3032774659576283,1.6745400199483538,1.517127711563137,1.44154269404518,1.5790899873644155,train,strong_pi_central
12635,0.3682128521380029,-0.18396766042852208,0.8704302571663238,1.634557841881116,0.0,0.11264228035676342,0.1395209402603767,0.4289223823582384,0.1359934672738544,0.18292092975076713,284.63376992305547,286.2393750054529,287.7638758281262,288.74831903601444,290.7627700336102,1.0504657802860748,1.0202918356175064,0.9859620986583385,0.8342143938400896,1.0457863157074492,train,strong_pi_central
12636,0.531054229612284,0.4962346603050136,0.7661625273579654,1.7090549135206803,0.0,0.32850970062444484,0.03928393182744237,0.19411703709183975,0.25138077921934165,0.18670855123693142,285.34266357842705,286.8502172009227,288.3807469631219,289.53661276838704,291.74296561948677,0.9094102740519241,0.9310823176760781,1.0427760932172496,1.0018807123512667,0.8344655615832677,train,strong_pi_central
12637,0.40350599479465715,0.08967653469729031,0.725479397106694,1.2608809389325302,0.0,0.09613888750784834,0.5998017590260247,0.01014926953814604,0.04276418427126158,0.25114589965671935,284.7814402122434,286.145831157019,287.87254349363656,289.35782748828143,291.0591443934098,1.1142709126738957,1.2257637840023663,1.2694120311677901,1.0053540033136876,1.2186216224284927,train,strong_pi_central
12638,0.18172560162631865,-0.09783571600100682,0.2671134077028662,1.526842812733177,0.0,0.3936687177304123,0.0,0.23676491382846448,0.0001742469372008739,0.36939212150392237,284.61722123716953,286.14354905595536,287.5390986638022,288.71018628480084,291.12989881814036,0.835280172186834,1.1551985137932381,1.315269082100986,0.9654643234664472,1.2483584312968212,test,strong_pi_central
12639,0.7289263218476745,0.3580433234696021,0.9166328197446749,1.349456095390024,0.0,0.2337654935938529,0.0,0.1617501412956191,0.3624413392245279,0.24204302588600007,285.06563286723383,286.8300736386592,287.8718076238011,289.45188616471563,291.847548775645,1.255293699366605,1.394420330513625,1.2004099859899422,1.133917451430526,1.1283679122279573,test,strong_pi_central
12640,0.5351497821045487,0.6754417584709502,0.8884985784965331,1.2582522084626784,0.0,0.21675241451126126,0.3354497132431056,0.044902139527408014,0.23907336286300976,0.16382236985521553,285.4875025706543,286.8962685244221,288.32789536396893,289.7688057329456,291.8892388826687,1.168354976482659,1.1513041384891114,1.323625035284021,1.2074238842319172,1.15545947956153,test,strong_pi_central
12641,0.28377510908057246,1.3200731087812048,0.245236986214575,1.4372355143806241,0.0,0.4440684809738628,0.17271189828134473,0.03828327621748466,0.0021209058578727873,0.3428154386694349,286.1113149021436,287.65947433140377,289.2397720247826,290.2638122934926,292.9306671602153,1.319861744549258,1.0214812992684443,1.1486528005350194,1.1219772566850899,1.0985894102713933,test,strong_pi_central
12642,0.6612448681099236,1.2773086280567307,0.503960303132395,1.3288278323940637,0.0,0.22539559598618286,0.27923042235371504,0.09699612668434976,0.04886687704716516,0.34951097792858726,286.2222149369983,287.73876858529894,289.2254931982634,290.5274954387432,292.5581145566798,1.046577137070322,1.0961796959530516,0.9863706995775018,1.054651744885301,1.1943451263380904,train,strong_pi_central
12643,0.4388990437765094,0.5743619370056106,0.6579091135098364,1.3380640512500257,0.0,0.24225449986661682,0.23776051607403845,0.3008442974694706,0.044652149983163615,0.17448853660671038,285.3291235162644,286.86736708446057,288.5112057879908,289.511853606152,292.07565968862974,1.0745385439021098,0.918496045784496,0.8542851965700359,0.841769399569634,0.91965052051253,train,strong_pi_central
12644,0.16311528839388145,0.3835214966929099,0.28386504069767793,1.3641129909295564,0.0,0.6258348848379225,0.00046974746536815245,0.04732641131897941,0.1030344409566652,0.22333451542106472,285.21941151522816,286.3237063182369,288.1412035541485,289.6859355593068,291.8619328740769,1.539906356867538,1.4566983911237448,1.621294412241065,1.6008410498513288,1.2879784844835773,test,strong_pi_central
12645,0.14156108349215552,0.1186826957401057,0.22431905920281786,1.272465632946163,0.0,0.5096111686096477,0.0,0.15388285157021545,0.020218103816301212,0.3162878760038355,284.92018871164566,286.5368886497483,287.72914824938755,289.4749000440594,291.56216730899484,1.1384741334715025,1.0634417251717623,1.067911384737947,1.1406703807256249,1.2462967895849502,train,strong_pi_central
12646,0.4460838545789008,0.7883901529770148,0.2717843521334925,1.4846415492106864,0.0,0.4942029728436056,0.1623664651805582,0.0794178869529343,0.0,0.26401267502290193,285.76932152965423,286.7761480421396,288.6824212291593,289.813652322543,292.197502957411,1.4540780370194826,1.3343954222712266,1.6427092092092481,1.4648998846045256,1.5021502911585103,train,strong_pi_central
12647,0.5683752206161468,0.9419286057267438,0.9956300007941101,1.595997966229656,0.0,0.28237805434417285,0.0,0.09314770897893662,0.4362411459075867,0.18823309076930383,285.8221125905162,287.1941923765234,288.61478705716155,289.96662401971827,292.1407493835112,1.1681371240878062,1.154344367601852,1.0657186223666373,1.3338386755263936,1.4021063925144628,test,strong_pi_central
12648,0.3755479874400778,-0.28425839151321597,0.49820071268327226,1.3416522226237972,0.0,0.2648438657661457,0.3512448091160162,0.06148594077433219,0.02773498139646195,0.2946904029470439,284.50972428841675,286.1510332481394,287.4807028551425,288.976699147423,291.0395636130545,1.5807478289424717,1.3632354778889477,1.327249561466967,1.6290945302202042,1.2596879885338617,train,strong_pi_central
12649,0.2461996813687094,1.0604159994408233,0.4781695608105637,1.6196820800660934,0.0,0.5809873725411473,0.0,0.008966926461510823,0.21960131717452644,0.19044438382281556,285.83354989957024,287.53204189543635,288.772650624706,289.9680673133575,291.8831216424392,1.4401400399238222,1.3510392465317262,1.4838915793000325,1.4003618446366208,1.3397544826338774,test,strong_pi_central
12650,0.47136483858007083,0.9455659382727992,0.5326247453815285,1.6698559737382217,0.0,0.24622970272905997,0.2786747425876992,0.12898400036761307,0.047483001213108125,0.2986285531025197,285.8121160837626,287.3997049340502,288.91253139829826,290.03942181038695,292.4208727982669,1.0916795045342154,1.571827383448558,1.2454462963271806,1.0361803236921838,1.3330457997637932,test,strong_pi_central
12651,0.18919162580286011,0.5901912462190477,0.5061529370074266,1.5741196358554679,0.0,0.5464102178100475,0.0,0.11433383784940689,0.18090954957900984,0.15834639476153578,285.2286434054576,286.6068754552722,288.2500369818285,289.89928298509994,291.8347464459773,0.9951385199950735,0.9447803911773718,0.9702254058092242,0.9080591682145003,0.9677392206375262,train,strong_pi_central
12652,0.28609087072354045,0.3990599925289673,0.7789893382576099,1.5104955702315066,0.0,0.11257439024443366,0.33772276040663757,0.3856763965235319,0.012795090663720216,0.1512313621616767,285.28351318053797,286.7351262521175,288.02840444647916,289.064552693837,291.38068510345926,0.8627192871901869,1.1463669981457385,0.9504069323717853,0.9356806071381389,0.8805879963607741,train,strong_pi_central
12653,0.4887559125064855,-0.3434297074768211,0.6735703697934088,1.3575084537418978,0.0,0.09906047158699421,0.0,0.6288762931034855,0.00734703834496164,0.2647161969645587,284.340723630898,285.98232392867453,287.21304758396644,288.4327855001795,290.54327331449963,1.1750250448309518,1.21129878401444,1.3602588065113488,1.1766771606648163,0.9353918737478544,validation,strong_pi_central
12654,0.7055524244395545,0.5927153104067,0.5713535470721783,1.452004475169206,0.0,0.5299700221577677,0.052862741262642114,0.0,0.24424540290476812,0.1729218336748222,285.5279362104585,286.99185693665993,288.3888881244557,289.51676402040295,291.64941405992806,1.2186631368349512,1.322567827960644,1.251763348383714,1.4943249433538839,1.3716066426557922,train,strong_pi_central
12655,0.7940066302818979,1.1892252448284535,1.1565137888032804,1.6271854697921193,0.0,0.06426364174183405,0.16109677795203212,0.26491037546118174,0.35025331769503326,0.1594758871499189,286.07669552500516,287.36683429997566,288.87060196790264,290.2020931925277,292.31789111689784,1.647853945846565,1.3256639100709724,1.6054116436291161,1.567551135382879,1.6444607086100338,train,strong_pi_central
12656,0.6052809601900595,0.818381804176032,0.4273164382814644,1.418249763064989,0.0,0.5872857958297928,0.0,0.041152393651533274,0.17808202231496556,0.19347978820370826,285.488102438584,286.850247538037,288.5537185126553,289.76964513593015,291.6759702872688,1.0330028937733828,1.1886778520081043,0.9873421330128257,1.165188631147514,1.0636123523108387,train,strong_pi_central
12657,0.1849445866298957,0.26459570053560055,0.45271550224175094,1.6382095085830133,0.0,0.3343390547242758,0.01627426063862857,0.04216144499718924,0.18213989830296656,0.42508534133693976,285.13743955147476,286.2099113315321,288.0113265558071,289.2708591467951,291.880509994983,1.0050436668405045,0.9140594843121477,1.0167908317283714,0.8868011384100918,0.9736886217722682,train,strong_pi_central
12658,0.6118052541037133,1.130373532817055,0.5993224782470014,1.2994265104198548,0.0,0.22932964908442757,0.17297485155021822,0.12109569880497562,0.13762596394590376,0.33897383661447494,285.9694314549019,287.2914735926051,288.7781928696867,289.8994841951698,291.48384345953804,1.2613807118505052,1.1298278642572206,1.1621445522410758,1.1651574367326596,1.2331346163937673,train,strong_pi_central
12659,0.07402214306435739,-0.4709874536998191,0.2675132935101485,1.644015905563248,0.0,0.6170887902183033,0.0,0.0021429995519976802,0.11768514697907542,0.2630830632506235,284.0865445105061,285.74146288057057,287.00735219071845,288.8762779324017,290.4009276586116,1.0507893861177673,0.9988938804611767,0.7803945644238511,0.8142824661760871,0.966510050976058,train,strong_pi_central
12660,0.21416814415974256,0.590499377506589,0.28869728224455926,1.1893929133927708,0.0,0.6137857757429671,0.12870253951777763,0.0339542182776622,0.048020262224559726,0.17553720423703337,285.20482858585166,286.84551161495585,288.32093620383625,289.50522144038644,291.72694196526203,1.319881780798504,1.3116446298341822,1.3431878183584192,1.1742814174416243,1.136121420265797,train,strong_pi_central
12661,0.35125050054252827,0.7145594026852113,0.6666683050035238,1.1182134534965273,0.0,0.3565249873313385,0.06831908863624131,0.2325463550665687,0.16790143065035693,0.17470813831549467,285.5352246596219,286.7989838220687,288.5501842217711,289.66399578347125,291.8843359588792,0.8783627430301907,0.9227851698877777,1.020251184042354,0.9968178880264521,0.873868007907297,train,strong_pi_central
12662,0.20100670921114672,0.434758661636347,0.31839040563156995,1.3989307092859276,0.0,0.5113220217004008,0.22486340348777795,0.0,0.031763501071896,0.23205107373992542,285.2881542759561,286.37726481867327,288.00168477763356,289.4500369342601,291.48406586754857,0.9784209317020345,0.7650436686137435,0.9818943426494684,0.8974269274864226,1.130769754444132,test,strong_pi_central
12663,0.43296355117179314,-0.317854973423469,0.5316170038385233,1.3813972982756888,0.0,0.5241717021094575,0.07190997236459276,0.03240553381645246,0.19865074882873907,0.1728620428807583,284.4026025788992,286.04263428231366,287.3302621919231,288.6648495663728,290.73547508142207,1.5839314009593837,1.3292124771537643,1.6094905926017626,1.3780339143823621,1.3221701241102457,train,strong_pi_central
12664,0.5317634277773762,-0.21247270391285156,0.9541203803608658,1.3452631109375586,0.0,0.20142465998846779,0.2380371703275531,0.09193458697081835,0.29707431153124714,0.1715292711819136,284.40870970769777,285.89473201770085,287.56734618499706,288.6528506029942,291.32755070623887,1.1749701671327328,1.4766400586162953,1.217017558509397,1.197527414104468,1.58409442990199,test,strong_pi_central
12665,0.5626634595078667,-0.20396124978858365,0.6343109936840529,1.3717825897082854,0.0,0.3501912028388449,0.05980879104548614,0.08006750743096508,0.23221734760380083,0.277715151080903,284.6400220347409,286.0900417579127,287.55038902412736,289.04971897505493,290.9458638196334,1.257167898614532,1.0086123082706915,1.2801528598296703,1.0980662946334419,1.2795641611418846,test,strong_pi_central
12666,0.1814151358619796,0.09669481792056978,0.38861294122942985,1.7467373324986648,0.0,0.4554062165377707,0.001835539237574307,0.3541184508071751,0.0013294755923402401,0.1873103178251398,284.8295851683291,286.1918051334835,287.8033305967147,289.1396460888283,291.5293164886775,1.8876195034494505,1.4056827969503554,1.8582551573132207,1.5853102238664811,1.5088686659500177,train,strong_pi_central
12667,0.7851683315155229,-0.4932512789327008,0.8708654158314645,1.5762032663249874,0.0,0.0428839226398586,0.599505920419523,0.0,0.12067974770597072,0.23693040923464762,284.18778188376683,286.00719562922455,287.4593228539457,288.4243541696557,290.55203184142005,0.8875962396455512,1.0244902493082344,0.9698455143140398,1.1858574590624558,0.9359137232874244,train,strong_pi_central
12668,0.354999265588236,1.4612714163371634,0.7794742173140428,1.7489658619369002,0.0,0.24751960650565144,0.0,0.1607461511416348,0.29436403308620396,0.29737020926650964,286.28419786337275,287.5825804434297,289.27963488816255,290.6672874476826,292.64519868679594,1.4587666149116871,1.2340360402672201,1.3835251985771257,1.4007280618124391,1.33921698316109,train,strong_pi_central
12669,0.3052804013307884,1.0681675561670048,0.5960174111775838,1.3963750332897227,0.0,0.3286931393464639,0.2972590699791729,0.12968763393464558,0.06953535363188268,0.1748248031078348,285.95550915150096,287.4500782326729,288.30277308895717,290.05133776545875,292.21920085803356,1.5050226210642201,1.2396343477327847,1.4935912441306942,1.313135508188967,1.2521371541349768,train,strong_pi_central
12670,0.210241781889637,0.8015839280138897,0.20476622893482457,1.3654249657211508,0.0,0.41266037959527385,0.1529264329858776,0.0,0.01091989797447349,0.4234932894443752,285.61332352427235,286.90043712911535,288.47035165890094,289.79701217327687,291.9905229721134,1.601351986131141,1.469908353845729,1.4924878118985547,1.3896341395479277,1.5327336095457957,train,strong_pi_central
12671,0.3204471397817361,0.6938623473351382,0.4855064461861422,1.5715469985604653,0.0,0.32762270879442745,0.1858277621642908,0.2490771225623072,0.010300780729772082,0.22717162574920266,285.4073785208124,286.99494846481866,288.37025602992105,290.1462672088785,292.1057475003811,1.3789974227455808,1.2893092335969085,1.145551800018219,1.4506446386900442,1.3307189852038894,train,strong_pi_central
12672,0.19685466903220541,1.4180361731063549,0.5548905415060961,1.5805078468038993,0.0,0.339604039727862,0.4707124202114929,0.014588715137318357,0.019794703078642374,0.15530012184468436,286.24551842793295,287.46325386674073,288.8161232082061,290.3766687776351,293.0584334384498,1.2683225390158814,1.1115699948491338,0.8749564730989273,1.2078793579038163,1.0927006667181471,train,strong_pi_central
12673,0.8303873312168415,0.6737650906847952,0.20427762550048145,1.6367525081904168,0.0,0.30654390311293456,0.13397514418199183,0.04030248131848964,0.0,0.519178471386584,285.51271017849785,286.99579113557064,288.99307644501334,289.47121511209036,291.9765681865163,0.8924240892190441,1.0535980253721362,1.012693066186863,0.9844738740970501,0.985721014576785,validation,strong_pi_central
12674,0.48326295868608166,0.867158743468956,0.697698991062124,1.2436711664460032,0.0,0.29559534258238923,0.0,0.28270566153180315,0.19249666476516042,0.22920233112064714,285.63920546492193,286.8698997302138,288.3414718859515,289.6425779091375,292.0861206871823,1.3631018813775513,1.2745654981964742,1.3264793252954337,1.3351482591087174,1.13253888023832,train,strong_pi_central
12675,0.507436633676109,1.0314221830795636,0.7226011159340852,1.5294011304783137,0.0,0.09530611032904124,0.6904696606359466,0.0021314552981384995,0.0,0.21209277373687357,285.97794220903995,287.1746623565271,288.48279946983234,289.96938023673073,292.19600451932735,1.1979706849872769,1.1829100785858948,1.0849039131038765,1.0274195263135273,1.0389820987238216,train,strong_pi_central
12676,0.3953060476026356,-0.2283871697945834,0.8384521508893089,1.5420385679840123,0.0,0.08462050263580793,0.10241741209082726,0.4619822498532827,0.12202624447259953,0.22895359094748255,284.5661521445874,285.82526334752407,287.57358065347444,288.9118705301346,291.0449629600923,1.5982037438303,1.5678270805388732,1.5211797952635633,1.420251472396248,1.4979015004067,train,strong_pi_central
12677,0.3848682324467191,-0.4773347623570863,0.5001268800519731,1.6200330725584235,0.0,0.479906389622735,0.12450292662711665,0.04365790444722516,0.15098302448881565,0.20094975481410757,284.3642149548098,285.61352589015496,287.34379453038093,288.5973980490093,290.4596715064288,1.1114364279160598,1.3049024169688643,1.1054207021182492,1.0749194039285606,0.9891383162768065,train,strong_pi_central
12678,0.6267044841051341,0.40352596994171686,0.6874949737182344,1.2125221368775407,0.0,0.26828329161411185,0.266199594671196,0.13059643520119293,0.13034947192292273,0.2045712065905764,285.20860896893726,286.5075540505787,288.3001708082346,289.242084402488,291.8651062213515,0.932853859031782,1.1522670960423451,1.0710756987069643,1.0824059603607754,0.9934619306277505,train,strong_pi_central
12679,0.20656284706320566,1.335798119980422,0.4729743819250914,1.2305923401651129,0.0,0.3752903270041389,0.07578107543528731,0.36719207906113227,6.137143359115796e-07,0.18173590478510548,286.1454317230301,287.5360939512769,289.30636225058123,290.29270253838035,292.4313926728965,1.6506739528213052,1.6897551211332522,1.6019876786839173,1.244895611774484,1.3993242685633667,test,strong_pi_central
12680,0.3501915203825614,0.596837252093338,0.7908375327100654,1.2107557695292068,0.0,0.2913411022067033,0.05854315916111104,0.2702862018171872,0.21600408586588354,0.16382545094911496,285.3908668212061,286.5078174152689,288.3141754528185,289.6376695562018,291.6757903596706,1.3457688921487123,1.4560648940044219,1.4876652556860808,1.2619593432101772,1.364706374148949,train,strong_pi_central
12681,0.2314282783408831,0.8535098184929537,0.485340324657362,1.6253870070024081,0.0,0.4264477603307973,0.1352785918092882,0.07835381351408709,0.12085395966699335,0.23906587467883403,285.56179015977006,286.9974563706582,288.4419727533201,289.74525390369604,291.9053648006005,1.4462101053612844,1.4620973553024241,1.6285755478140307,1.4169421961717434,1.3238891101923949,train,strong_pi_central
12682,0.34926060675651277,1.373179702883308,0.25282496376561026,1.7139024857620337,0.0,0.5593438391622528,0.16977851599819518,0.053046447767415066,0.0,0.21783119707213697,286.2304594099572,287.8165915462423,289.40151610959754,290.63232508168835,292.70204785983145,1.2187369543459077,1.3599787838615462,1.2687220599061713,1.116564070380142,1.0519606609616934,train,strong_pi_central
12683,0.45078811326447565,-0.07706870446841307,0.657152295735063,1.6920322409232793,0.0,0.1578691368982871,0.4652811727854278,0.10634048278426719,0.02776532008268397,0.24274388744933392,284.6685319734604,286.2114073632328,287.74512159581286,289.0115971769207,291.2506894747483,0.8269641810587833,1.050211619168087,0.8508138302110415,0.917012047966904,1.0168761226531455,train,strong_pi_central
12684,0.20338615330789453,-0.18992446666322316,0.3516556221958934,1.3024030345275395,0.0,0.5550078903946233,0.22158103268473522,0.03541468540208367,0.03232995205453725,0.1556664394640205,284.5626677538123,286.0242334292677,287.6874501059825,289.1245427797296,291.0097004516985,1.549592764921049,1.6580976494289765,1.6053421329754205,1.3288748758118705,1.5833294084769038,train,strong_pi_central
12685,0.38393671436860377,0.39928917506477557,0.8752858857448085,1.4355917035208565,0.0,0.17923750151119533,0.1580141943394289,0.03779712324603128,0.32473728407967417,0.3002138968236704,285.066393972559,286.60987558325434,288.5721412104761,289.3755531775016,291.6253286257657,0.9170753111133605,0.9520731216959364,0.8535652965611358,0.8099615884585828,0.7769901751718032,test,strong_pi_central
12686,0.44771898762896783,0.7796425570604497,0.7016810135768585,1.5413541523953236,0.0,0.2907564237889057,0.08760747418715825,0.07977216863167684,0.2521506853790117,0.28971324801324727,285.50052030268733,287.14576553317255,288.306295150187,290.1443009709041,292.3897811378523,1.3570729514908297,1.5451532227348936,1.722970072825633,1.6401571814415192,1.6110318835373347,test,strong_pi_central
12687,0.32459847999001173,1.3280979303954905,0.36691239245945145,1.375138127195353,0.0,0.4366871887404356,0.04339916261506452,0.24370325803531312,0.02490498590453692,0.25130540470464996,286.09493448773424,287.6370533682064,289.12877851013775,290.3736323359098,292.61047664043656,1.0554638664553517,0.9691212948249533,1.1834689072927411,1.1745443906907365,1.242591615761444,train,strong_pi_central
12688,0.21211956838964005,0.29791395102891594,0.6961861561861555,1.488708050054195,0.0,0.3906634910451264,0.1983579847953441,0.00018160608178036507,0.23382328265451555,0.17697363542323372,285.1220720684242,286.399196125941,288.37710328602253,289.3203573873,291.41046127968946,1.1906192595019236,1.2067963945583564,1.1184112362647733,0.9295797864662018,0.9654382290122455,train,strong_pi_central
12689,0.1886639338890934,-0.02631418113069861,0.2669439938282591,1.357026254729472,0.0,0.3975277996400739,0.1118553424103488,0.12025270297466253,0.002417974221623902,0.36794618075329105,284.760444505368,286.28311304202623,287.5051915880599,288.77381584220325,291.1291773508954,1.6392035081712288,1.437604010715725,1.3185568694135412,1.3872131026117622,1.2927091080269435,train,strong_pi_central
12690,0.08555985877587027,-0.06363046211139256,0.06342593576839083,1.5803589722650129,0.0,0.7342521266371507,0.026352671263607266,0.0070732645047835545,0.0,0.23232193759445866,284.6437099108694,286.3477029402183,287.6532130337442,289.28800046943644,291.35668372719573,1.0800961783012737,1.4277968336630886,1.313918423591428,1.3374187913601936,1.3395828385504311,train,strong_pi_central
12691,0.22670389637198887,0.26740469246372145,0.34056462054489145,1.1844598252871257,0.0,0.5106783106980534,0.04350654064984889,0.0677775074565185,0.09964028621926202,0.2783973549763171,285.22271991554743,286.64065357528824,288.1033862353213,289.24560516477106,291.22487989769604,1.3309437828061987,1.6044846410888702,1.4382172898901706,1.4721096969386973,1.4335290144382424,test,strong_pi_central
12692,0.587666830842974,0.3879936917637572,0.5695490940331003,1.5917907462870424,0.0,0.04490788638791106,0.08380212920319806,0.45574696482990223,0.0,0.4155430195789886,285.30777650189845,286.6186183054243,288.0035579701292,289.3124145557351,291.83109347363654,1.0611183908151465,0.787438498502165,0.9160870671551724,0.9032431349229221,0.8021297136325891,train,strong_pi_central
12693,0.3020210101340906,0.5131383859022343,0.25956726883618614,1.6102821393449838,0.0,0.5355953873805342,0.15277139635395628,0.0,0.038397936241114934,0.27323528002439457,285.3301313742125,286.73919307677494,288.344928260758,289.5925037162524,292.0595852761099,1.096033284767936,1.0228738559632191,0.8181168099053079,0.8475693582186493,0.9165111844669487,train,strong_pi_central
12694,0.5066358753892554,0.9756458297302548,0.776110860789587,1.1055203963689932,0.0,0.17558053932925602,0.3564113813653077,0.2269402162800862,0.08137963157209652,0.15968823145325353,285.83250300450044,287.1899371561306,288.67859974754674,289.82211862534365,292.1006903667742,0.9595826430353205,0.8257274464631023,0.9077276747603903,1.1209274052705853,0.8682929296127525,train,strong_pi_central
12695,0.3927106615673874,0.7913399728657748,0.6309244580575295,1.1413079270126074,0.0,0.21062805815667626,0.25033248548773906,0.3160337453462365,0.017279113611776968,0.2057265973975712,285.50532753011294,287.14755710177576,288.5511929023394,289.7288705734832,291.8588388012292,0.7095427991174837,0.8654363853994258,0.9911121107395006,0.9759467998534144,0.8815392763280279,train,strong_pi_central
12696,0.5350563135459301,-0.4184820758881229,0.4522821357296512,1.2636780226912157,0.0,0.3722280409792384,0.3406955441353854,0.0815865915942658,0.0,0.20548982329111046,284.42704993157685,286.1800578926694,287.0664278982217,288.8553754087787,290.68268247286005,1.3944635484033714,1.1567348886763127,1.086938354655337,1.2043019530792018,1.3575445328453777,test,strong_pi_central
12697,0.1476157956182932,0.8778138393697152,0.3740409039370298,1.572489877301067,0.0,0.5278740126739563,0.01632703624369806,0.23151836020356376,0.048097753744884016,0.17618283713389793,285.54434396760786,287.4250423226365,288.3778683153621,290.19941089559956,292.18015814450087,1.291156744220815,1.3875777196078913,1.3559027398152868,1.0469421640675747,1.1348389231435063,validation,strong_pi_central
12698,0.18302239078129054,1.1168379790510605,0.3344739477883678,1.336532650341777,0.0,0.5386859726837062,0.05253449975522698,0.14267498561778635,0.05463223120767723,0.21147231073560316,285.8813328265934,287.373132208349,288.57959269915756,290.3470389634071,292.4764489025843,0.9748591615422612,1.0679882532546785,0.8803617722952081,0.961288237078526,0.8348176541024925,train,strong_pi_central
12699,0.6700160713744231,1.3000516208968036,0.6447611790435359,1.3699497156264864,0.0,0.35046595816554044,0.2437388852797753,0.028801398863238976,0.17111044745026083,0.20588331024118445,286.2818294557864,287.20058773681757,289.0172452547631,290.3404699218269,292.9654358689385,1.3471539817386327,1.3014830195164513,1.2308879254508256,1.3368886008415297,1.2913150446669672,train,strong_pi_central
12700,0.2765943609906708,1.3958616255617655,0.42682223236963834,1.4205558620575354,0.0,0.3816742736457851,0.18791887600734447,0.2089033563622939,0.0,0.22150349398457642,286.2935164151572,287.7101107807436,289.09099404154824,290.31365347437975,292.71676021266245,1.1990538805770177,1.2517798760753567,1.122548010848901,1.2648851325681825,1.2754990645653463,train,strong_pi_central
12701,0.5177832645038346,1.2396871657161719,0.7892348821169761,1.7335954998168903,0.0,0.36209430630443373,0.04415627955260192,0.0005833402915825486,0.35724763113639585,0.23591844271498597,286.1132124658673,287.6605804666725,288.7050873527435,290.37532106892724,292.5294056657329,1.1503954033477486,1.4008328031276267,1.1684911175745456,1.3487099003399077,1.2186283817134056,test,strong_pi_central
12702,0.34547338765161856,1.409003514865987,0.6792658242320679,1.2371419986943275,0.0,0.28917165329916833,0.25889014326222165,0.14811115018174292,0.12113226539405171,0.1826947878628154,286.2431748912938,287.5490038396405,288.89811726686446,290.5323577775253,292.531593528976,1.5812290139050156,0.9950710676829286,1.3675203780606602,1.6463547066470225,1.4129137057119971,train,strong_pi_central
12703,0.2726108897010146,0.8036851766921109,0.24433799394708652,1.5644193386293574,0.0,0.6782032408976645,0.06183021062703723,0.0032701747624203077,0.0746188042788145,0.18207756943406345,285.5636151664487,287.21314757614533,288.5366619900385,289.8776789376432,291.9900791820928,1.5694607629551427,1.711963190954357,1.5039168205071196,1.4864437404154667,1.5741297510316197,train,strong_pi_central
12704,0.5592412468798652,-0.2804339197729866,0.5444433583032141,1.2446715125771284,0.0,0.2750707749235829,0.17298884599130568,0.34145451231190843,0.0,0.21048586677320308,284.5679177865615,286.1690033477818,287.7997839420506,288.9932730483013,290.9470270966734,1.5597989375351229,1.6483237529525718,1.2337402633379497,1.4903695464940814,1.410192578304452,train,strong_pi_central
12705,0.8038251968330402,0.5985042393363762,1.0424036013491187,1.3784752681778145,0.0,0.16130317829553634,0.13726996814964718,0.12106712722494081,0.37703325298726537,0.2033264733426104,285.2436262502644,286.66910021070674,288.3245310666129,289.6749766681953,291.55781803423025,1.2553449711977849,1.168722766356793,1.0665636265478657,1.1418336713924435,1.022866827859356,train,strong_pi_central
12706,0.3717916360442869,-0.0013875831331788824,0.5675853843681187,1.7358266924643138,0.0,0.46204960872048,0.02700717797715587,0.20001160664162485,0.155283299874669,0.1556483067860703,284.764911271117,286.0244734986626,287.6497783020892,289.0396309792165,291.6487790681575,1.269580084249781,1.5314627042827793,1.4754962806113483,1.260835641500647,1.1496103654470273,test,strong_pi_central
12707,0.47538029421635636,1.3114776829680954,0.6194269961987274,1.420340029377365,0.0,0.31829729566158904,0.3198684196812281,0.09147125345636281,0.08904366153056827,0.18131936967025164,286.3105158778122,287.4646429855177,288.79333617316655,289.90731576350345,292.24087376130984,1.031769682795579,1.017285903851716,1.1041619086406154,1.021380949816885,1.0514409841617745,validation,strong_pi_central
12708,0.31904450648135474,0.5345130093927586,0.38290736662800123,1.4059906510703322,0.0,0.23218412106379438,0.0,0.08274424246366173,0.13508156208216976,0.5499900743903741,285.24599868600177,286.8166292334993,288.280413205137,289.71870453330837,291.63846893234455,1.4432338833881595,1.2349587401334554,1.2589279886078781,1.2503741910818509,1.2045285305965059,train,strong_pi_central
12709,0.15911365767968452,0.3900318246411727,0.5357881628478764,1.1867983888491935,0.0,0.4368567196436363,0.09894590205907534,0.0,0.20342113039440057,0.2607762479028878,285.21532806,286.71490604443426,288.22931748905006,289.2613446454753,291.386959488553,1.4634298953288607,1.2688351019833255,1.3356309174143803,1.5357452933977045,1.5475403361429423,train,strong_pi_central
12710,0.19283846381209768,-0.4735615073191566,0.20102547136055948,1.4477310539741426,0.0,0.6613312430586038,0.0,0.0003285897615520847,0.0853484407995037,0.2529917263803405,284.26694703579017,285.71194291627495,287.24895742373275,288.39346899486213,290.67362941107274,1.4451442488503123,1.389767400059376,1.5471184415277948,1.568884594143392,1.2982548601874306,validation,strong_pi_central
12711,0.35699672375914676,0.5651055671144802,0.3737839145897151,1.5614136820826099,0.0,0.49515448886669405,0.15274843718712972,0.07946709167964384,0.05578419286147076,0.2168457894050617,285.59792237992735,286.94421596026825,288.2527032723229,289.70843380899396,291.9029852423322,1.2450083655339754,1.1917979391150655,1.1720958910043235,1.5097032360603027,1.3729048503132177,train,strong_pi_central
12712,0.3040061283059779,-0.48307170515613995,0.8462932409252599,1.6047674179625901,0.0,0.16241537688389773,0.22697795566626294,0.2826345761373264,0.15334035456083528,0.17463173675167765,284.33762523965527,285.93576312154846,287.3443914560571,288.34987075683875,290.4233248024802,1.027420606683516,1.120553718374966,0.9113349261708354,1.3097812617775697,0.9852969645777512,train,strong_pi_central
12713,0.4410423527961993,-0.034079584388618134,0.5524800086604542,1.141417576550571,0.0,0.20819934773094934,0.5013399534418131,0.02114005521864102,0.0,0.2693206436085965,284.83056900632823,286.0915471287122,287.89439065818885,288.7492044022016,291.3685920870232,1.1410864569590053,1.3636688709768947,1.2951816958245868,0.9545763120689243,1.0938609355939721,train,strong_pi_central
12714,0.3941703277045383,1.0923281111556746,0.6929783044727752,1.1175375331216093,0.0,0.19697926719348505,0.6012239145067416,0.0,0.03087719498301677,0.17091962331675664,285.90599536779325,287.26751736604604,288.96533146207094,289.9925979097631,291.92058791624487,1.399386176048583,1.7447340307489296,1.3875073186965434,1.3412323952500076,1.3285234611760361,train,strong_pi_central
12715,0.718700569861138,0.05266897344046395,1.010622409059139,1.2641298401655257,0.0,0.21921326845251835,0.27188536637062777,0.0,0.35436852134425556,0.1545328438325984,284.75801889998,286.2433473481072,287.8126632249905,288.7065669367503,291.28884057180886,1.1440539926389277,1.067922800015509,1.0963863855903393,1.0144296501547552,1.1848257134132396,train,strong_pi_central
12716,0.3200052154650578,0.32176868746259357,0.5801872933717029,1.7261920200639516,0.0,0.30302854307790517,0.24207437518448333,0.027258256364188858,0.1404273309115154,0.28721149446190725,285.1016745283642,286.67552305913944,287.9450993157252,288.89218068468404,291.7945275714195,1.4018341717300247,1.2750262912049013,1.3651478243110844,1.1380167421835792,1.049396733008696,train,strong_pi_central
12717,0.7242858699520438,0.20331531669476188,0.7142675137710462,1.5280313207635083,0.0,0.08233431885784133,0.3886074268426479,0.12415380280934424,0.08575314205952705,0.31915130943063946,285.1125452337525,286.6171514778004,288.0944515481878,289.2239224475935,291.8213216292529,1.4718499023383358,1.5348275916780307,1.4016335598203575,1.467601053522763,1.323330298734051,train,strong_pi_central
12718,0.39997262947440176,0.2534376842238024,0.7577166775035591,1.2257067497891092,0.0,0.14453560895097833,0.45967926286758465,0.15594593896093506,0.05604573783751963,0.18379345138298228,284.9172789698844,286.51959258819176,288.1903932089855,289.19759240138353,291.77489115981814,1.2762117151231107,1.5752765102817687,1.6561125777583179,1.2484350373593927,1.2492597307504048,validation,strong_pi_central
12719,0.28735823421339574,0.5298821006255912,0.9571015899799793,1.7369787100850465,0.0,0.11781181415381586,0.01035902528235898,0.43838762737839726,0.23917746865961154,0.19426406452581618,285.3776218061447,286.65759044871976,288.42114349251443,289.5806572489922,291.33489107058733,0.963550776833866,1.0517103754488042,0.8815287770953327,1.0526808092414863,0.90906905632656,train,strong_pi_central
12720,0.5859271111554575,1.3634919451377274,0.7506434517048679,1.1059739691278347,0.0,0.3144240699525051,0.0,0.31378574269476645,0.20342885450505072,0.16836133284767774,286.1446568807732,287.668387666622,289.3224628046791,290.2809665098594,292.98824842384636,0.9776360398600484,0.8947631804481887,0.8439563398955201,0.9440812222213856,0.8611064301822247,train,strong_pi_central
12721,0.32354138818673567,0.3960671667484923,0.45771590934757,1.3892048835074773,0.0,0.39004187795474593,0.07749188752970028,0.19884850844032428,0.07568775668877274,0.25792996938645696,285.37977258076205,286.82393822370295,288.2471352180174,289.5627231810077,291.9448502949546,1.1481227213615892,1.285714516191122,1.2094009881885037,1.3453228853241506,1.0035558970054819,test,strong_pi_central
12722,0.6133245903826301,1.0494027528595011,0.7657318016970647,1.3383544339011118,0.0,0.1362224509881946,0.5473137331241495,0.13772601342171367,0.025346027575600737,0.1533917748903415,285.83564827099735,287.38600918459935,288.9181906624349,290.1517537222776,292.361402895891,1.262693124617959,1.4890059079210476,1.4714642208571862,1.2724713130179357,1.4877218290836984,test,strong_pi_central
12723,0.3867162619778992,0.8642429987859623,0.1577154002162404,1.1748137701721233,0.0,0.6384138607580829,0.03202098505360431,0.043774617050595196,0.025959899056020447,0.25983063808169715,285.63806354794883,287.1524445118513,288.46749708992104,289.74461763982106,291.9483026564059,0.8166470533171465,0.8285453680636525,0.9387695587011804,0.9893698019896542,1.0066454333093964,test,strong_pi_central
12724,0.5163782867653839,0.623936254471888,0.7857060134096359,1.533615748892129,0.0,0.30520867626448395,0.0,0.21326070343317496,0.27122265498823045,0.2103079653141107,285.4725123531369,286.6796309997408,288.44313032152843,289.55852133280547,291.5783507136521,1.219325410915919,1.2448091463019673,1.1517448617359671,1.1326746352935717,0.9113388631122605,validation,strong_pi_central
12725,0.3012156167125503,0.3460456271478054,0.299100111456051,1.6266713035747822,0.0,0.36161519864624386,0.2375843328380158,0.024866192503187435,0.0033247930574238646,0.37260948295512897,285.20441418734265,286.60059448181704,288.2106418046724,289.4647309889935,291.37522543365804,1.071613162058664,1.004393358249697,0.8880936120201484,0.9115749849090312,0.7557724911483129,train,strong_pi_central
12726,0.3717118151764461,-0.0950581856403625,0.5460036994612081,1.2035692743563642,0.0,0.35065216396140086,0.1553512783049141,0.0,0.18032621057814696,0.31367034715553804,284.71533215001796,286.42441030543176,287.9619549105762,288.90094245039137,290.7877279577417,1.2737984565543354,1.0231322230002753,0.9019432201776614,1.2310038366464486,1.2761922745956145,validation,strong_pi_central
12727,0.6485713814739068,0.8332455014073314,0.8978335505911583,1.1431401777228556,0.0,0.18320318519322681,0.14470658421837077,0.21738246821588036,0.25287224907845357,0.20183551329406846,285.5622026760028,287.15863611385544,288.7133373407188,289.5609026829324,292.05914192533527,1.5989459345680912,1.446346210203209,1.654730747696731,1.6451604118878045,1.4987297799907149,train,strong_pi_central
12728,0.2985635409465195,-0.2862101898461069,0.6561405136262327,1.4295351289653273,0.0,0.15488449918849614,0.1467722327384772,0.4344366035258626,0.022465838680946468,0.2414408258662177,284.4910515271737,286.15191643008006,287.5352183674937,288.85358945824004,290.6347036998392,0.9942528571883417,1.173964324609095,1.126462073243452,1.0114760544407504,1.0558014047786515,train,strong_pi_central
12729,0.6680718268667729,0.2510431617454203,1.0961693776644226,1.5374197488821015,0.0,0.13195232706672844,0.1970521464200414,0.014169618864328812,0.42747380619002623,0.22935210145887513,285.2530865997492,286.3773824899304,287.9663953832594,289.25952513311717,291.6313614815732,0.9728671237078922,0.8176872754948981,0.9640950463458561,0.9778881059122856,0.9921731875347327,train,strong_pi_central
12730,0.21406675373475703,-0.34390284444247143,0.45126058350661474,1.4574487389002067,0.0,0.3845429550771925,0.05596661657136968,0.05393905834002838,0.15567745429760835,0.34987391571380105,284.5152890325012,285.62167963541606,287.2496866233117,288.7318893548565,290.7971621208637,1.1394632876417927,0.9577752171743061,1.023851417802433,1.1292808697028853,0.9475761070636965,train,strong_pi_central
12731,0.3119527591642455,1.0397191659759382,0.18894493158737877,1.6853904969409403,0.0,0.4044949702376537,0.15280916640346656,0.0,0.0030678825919561066,0.4396279807669236,285.81306178779596,287.4303160779458,288.85337953423743,290.2868039228638,292.0573066125133,0.8319706713356672,0.9577242109289623,0.7768249110931296,1.0034715914859307,0.8742822152529912,test,strong_pi_central
12732,0.2582546852067732,1.243318700894569,0.36535343282926236,1.6111521985832367,0.0,0.30858291869930154,0.036806441139264796,0.27705318061201933,0.010746905538989101,0.3668105540104252,285.98970148065735,287.70645009063935,288.79070621265004,290.07973505562506,292.1401857174605,1.7231303102291247,1.583942103799945,1.494531361547457,1.565458220206144,1.581005367798356,validation,strong_pi_central
12733,0.24455968794345267,-0.2614749744018514,0.2755167089449459,1.2114886777145655,0.0,0.4556660248884086,0.07454587005543506,0.13949656714545,0.01573713587203041,0.31455440203867585,284.3633506223807,285.7845688044055,287.2836936451806,288.9966014902754,291.3999673529714,1.2286683094819666,1.1684763476159075,1.1900780729048765,1.4137256056464393,1.1252117112388595,validation,strong_pi_central
12734,0.18037473615685043,-0.2841402089994216,0.32291577057408904,1.1119213928701386,0.0,0.6205448657241605,0.03720038158462407,0.0019366256707158318,0.12688938165937458,0.2134287453611251,284.4866182787159,285.99492411892675,287.5087330227379,289.0945815871112,291.259509876579,1.5255886243372159,1.5160783028160683,1.4885770597223715,1.3543739714124643,1.27610487219455,train,strong_pi_central
12735,0.20120921724666158,0.16075552868632226,0.09158840620798508,1.3936459468340894,0.0,0.6675741803518994,0.04010661102567942,0.02148179518230566,0.0,0.27083741344011547,285.0539300470291,286.2527007269398,288.15129422835895,289.32877312473227,291.46842827530253,1.3538276299071168,1.2927865642467342,1.3017033140810617,1.2284792602414754,1.7499478606910428,train,strong_pi_central
12736,0.33676794663878284,0.38511224077277495,0.5358981275697976,1.6588932510365155,0.0,0.0980139571332891,0.36325964469706795,0.04778094606191208,0.04742876840540875,0.44351668370232206,285.3528156481465,286.60537264945947,287.7927230851226,289.45198063962516,291.7546805138857,1.0482088628282775,1.2766344130690668,1.0170480396063886,0.98520209255393,1.2365018154713554,validation,strong_pi_central
12737,0.23146731601405637,0.898142816589298,0.8239406784177464,1.1763054530010526,0.0,0.24974816289495444,0.10531584512993479,0.08342002551345797,0.30260240388717685,0.258913562574476,285.7621363167788,287.0553098277372,288.49159171921303,289.8111567271044,291.95563030413183,1.44166422245671,1.4819679087838378,1.8454575848628951,1.8775353450794583,1.5039971375918546,train,strong_pi_central
12738,0.8470766028516638,0.6891588492647793,1.07819129196458,1.2288514539737783,0.0,0.008418746489839623,0.6301371893004447,0.0,0.20902705133206767,0.15241701287764792,285.69098475562924,286.97321962795957,288.69855847444376,289.67140893823364,292.1463356951604,1.2682161854098137,1.2951812373360023,1.3094964086340422,1.2961320278259527,1.1413522010544475,train,strong_pi_central
12739,0.11578034289699293,-0.06664116340106574,0.4128115504661877,1.5987618737831737,0.0,0.3580174100661858,0.3560409657075049,0.02644182061215547,0.0001643820732636507,0.2593354215408902,284.75181023538323,286.1516190508766,287.58242178571635,289.1062345716175,290.9259762756175,1.5264472306902526,1.4171825480614157,1.2596287517070732,1.267494238371622,1.5182246154852643,train,strong_pi_central
12740,0.11881178301892224,0.5658230556086701,0.2534365393539243,1.1351263358408068,0.0,0.19127286322311293,0.02648524958691098,0.19647495013620772,0.00023816981540279763,0.5855287672383656,285.4336438447833,286.86854893825137,288.45067908143,289.94335678010475,291.8708955748889,1.5471492677027356,1.5228175731143587,1.3202314632507015,1.6190704856390057,1.3002868719685667,train,strong_pi_central
12741,0.6312431407360577,0.83270961161899,0.6821189879231404,1.2227342343749532,0.0,0.16574660414385603,0.37048307094766736,0.281635916975473,0.0,0.1821344079330035,285.26757967179583,287.1767514203399,288.68958538165737,290.1925889418234,292.0862400101406,1.5318614268016848,1.3539558012532955,1.416082656946856,1.584974945054934,1.6685624884797348,validation,strong_pi_central
12742,0.5202368649959443,1.0430421851939777,0.5521117792691534,1.3521217665374405,0.0,0.2451343369111482,0.2686966759883055,0.0490301300832507,0.10219248659879863,0.3349463704184969,285.86970284523176,287.2408460004643,288.7094914808335,289.7547436458181,291.9512914524264,1.2904937329669484,1.2581825146204177,1.3029950120566591,1.0978396088097302,1.171197175569534,train,strong_pi_central
12743,0.4168869112718331,1.3831731259830562,0.6348610742553117,1.518166384517323,0.0,0.2678118172392312,0.35318644625594475,0.17355377723133086,0.03906042538401806,0.16638753388947514,286.0618759309234,287.66917198425057,289.092657104383,290.4169874811918,292.604390609514,1.0002864516142622,1.0944796149871303,1.070552129262226,1.108902856093263,1.2249457663538914,train,strong_pi_central
12744,0.42266223059402724,0.626106787599519,0.4414313783145686,1.6061089330669671,0.0,0.3605615113703689,0.28221646182101795,0.12921491649355063,0.0,0.22800711031506235,285.39082541723445,286.820012776364,288.2739274217731,289.7925874372017,291.86054216287494,1.1992542910843202,1.2520853173054858,1.439663579082634,1.441085064503646,1.5474243056773627,train,strong_pi_central
12745,0.3614693774248974,0.1513644878648024,0.43738024840266726,1.2399793254198643,0.0,0.5266256087753342,0.12214494547013606,0.04555568017244506,0.11983981138004307,0.18583395420204188,285.11548454410644,286.19468249122593,287.9905450411297,289.63039977204494,291.73752785957146,1.2358001942868067,1.3677486647456145,1.3656017059101968,1.2310296269495846,1.1271127026444465,test,strong_pi_central
12746,0.598933316775808,1.042861771781273,0.7310651816379576,1.5624191468113837,0.0,0.11764137726663473,0.44231566236334174,0.0,0.1293747596373079,0.3106682007327155,285.8490674473071,287.0964955680941,288.5480328723006,290.14006873875707,292.15093214310593,1.4525031414765248,1.4118572538252443,1.5187041477680276,1.5137683662457957,1.4740484664044051,train,strong_pi_central
12747,0.37431433834939676,0.9180929373743036,0.7790466430305453,1.6863570881326644,0.0,0.35630222945093926,0.0,0.042376940397948315,0.3533348513162985,0.24798597883481394,285.73659135632266,287.1807300869731,289.0279614008932,290.36757219309584,291.7447169221644,1.6375167866693159,1.8173447442956419,1.4359763149376705,1.5043942561428492,1.5392259754638142,test,strong_pi_central
12748,0.5765420360067186,0.8316408901740284,0.7825748324032737,1.6261594095810499,0.0,0.06269894057334302,0.5230323699771771,0.1111210114707429,0.05921072547767684,0.2439369525010601,285.4829963781183,286.9834299280023,288.5010403629636,289.62343843069556,291.9136446384127,0.9444112339022042,0.7965491330690035,0.9726799389400493,1.1915989441025037,1.1708594374201509,train,strong_pi_central
12749,0.4532081364318848,1.0516866376055778,0.3819658209680743,1.1610061761627741,0.0,0.2663549064549997,0.03945539688720861,0.18087525743300684,0.06581758332392944,0.44749685590085536,285.8288504707982,287.35647117941284,289.10876356130836,289.9770774320659,292.62366714829045,1.6780049975704932,1.4533598495894862,1.516617149018998,1.8717680921617912,1.5920547815294948,train,strong_pi_central
12750,0.19945636051317012,0.9116828970134829,0.6978264778064935,1.7147430126465788,0.0,0.18386337980324224,0.22341921394422573,0.31528805369722496,0.06455960508252147,0.21286974747278561,285.8232286864739,287.0957388647318,288.6631450290358,290.10172961233997,291.9210543225803,1.3913000529141366,1.656834507461933,1.730287406428461,1.3407255675402991,1.33831367752077,validation,strong_pi_central
12751,0.31486572288251596,0.3972724791835258,0.3491188116926606,1.6326566635625213,0.0,0.44766732827909433,0.2941670775948508,0.0,0.01247586704890493,0.24568972707714995,285.254088441476,286.77312148323625,288.15883903700524,289.28449125085484,291.47109813663917,1.5307437239402033,1.3774850005003447,1.4896602531788223,1.0868099072177362,1.2714032320539614,train,strong_pi_central
12752,0.6615263453789686,-0.33507168016876454,0.7624349997009335,1.6145922768439496,0.0,0.07648351182151514,0.2842658140340674,0.10833738457482804,0.16991590054601904,0.3609973890235704,284.5296495907727,286.06991494011726,287.5211976235397,288.81397338016035,290.59173205793564,1.450728075924453,1.2373956278292482,1.2847168808546625,1.2960913523051552,1.4400210181103463,train,strong_pi_central
12753,0.4889069223919916,0.11081192723265154,0.6336847198284687,1.663777290886736,0.0,0.26637925225927944,0.5084398861015774,0.010957044381712862,0.04214389467258924,0.17207992258484095,284.96850774006964,286.39827655954053,287.5186108208739,288.9932492374462,291.3598065898017,1.616738107820021,1.434232410492297,1.2722090119598997,1.399766979062585,1.4471493383901555,train,strong_pi_central
12754,0.6982714439092141,0.0597734215570207,0.905544620156892,1.631152386160752,0.0,0.054367214163024376,0.24837571876895786,0.0,0.31358445069396707,0.3836726163740507,284.981742777011,286.5267532233199,287.86691048328925,288.92219066938924,290.8639375114522,1.0226730857032096,0.8883060552268424,1.0650095919978195,1.056096191150372,0.9513459001546628,train,strong_pi_central
12755,0.37882246242221107,-0.1509525024260565,0.1916567544498876,1.5949459065555294,0.0,0.6317943781524588,0.15534272712604746,0.006314027323840138,0.0,0.20654886739765377,284.6532016322608,286.0401628981224,287.5247668341422,288.90703674905126,291.30603307639376,1.3429569761350733,1.3917630916464891,1.4128737476603344,1.4424710984585016,1.5000875999211996,train,strong_pi_central
12756,0.620634479154305,0.8666054750801737,1.0131190082655,1.1703707871491777,0.0,0.15244986443537056,0.0,0.3852932266735509,0.29891289079597455,0.16334401809510402,285.6482366440636,287.3496081489917,288.91801500424566,289.6052955057381,292.1876568087202,1.4294510062095265,1.4591363331529514,1.3147686827364198,1.5537848628405861,1.5736745241438959,train,strong_pi_central
12757,0.19481247445028937,0.808011513451893,0.5385508050575758,1.2669645667262939,0.0,0.48133095228574135,0.1434805287927251,0.039192521077086206,0.16293887759388226,0.17305712025056508,285.6474421376305,287.15325867047216,288.5018507936242,289.68439492420305,292.2439270515454,1.1450205531295474,1.0720628274904977,1.2962135535976682,1.1144488968414272,1.2351994981506818,train,strong_pi_central
12758,0.11286436806430614,-0.21434041960915762,0.1853669246714894,1.4171095825220084,0.0,0.5523581093805323,0.12196854211683565,0.0201848686007944,0.006606756976929685,0.2988817229249079,284.5244737017679,286.0564705227118,287.58434665897056,288.7276499347213,290.86508182576284,1.5775213014723977,1.5762168350502488,1.1907077860884963,1.389781910104181,1.0764086005285038,validation,strong_pi_central
12759,0.7299343358954347,1.105492317772681,0.7430529300471153,1.6051797086534227,0.0,0.1032564075311211,0.48245755590613243,0.23059537414098283,0.0,0.1836906624217637,285.7831789707975,287.2097718862829,288.9101460742541,290.0940530446512,292.43797653525564,1.0921371277117546,1.066661480828011,1.066599534619951,0.8844596392180062,1.3423343844281377,train,strong_pi_central
12760,0.49776636593482904,0.6806682248342821,0.5703269382211624,1.6705385637562482,0.0,0.28331895767561144,0.13060102970427787,0.3983464791142161,0.005689714701334202,0.18204381880456033,285.5235189480139,286.9482336234463,288.3321981999133,289.615616854629,292.4439215921604,1.2915145377207575,1.289377412430941,1.6686293324960864,1.5764660577031233,1.3486085061603597,train,strong_pi_central
12761,0.0609448036276254,0.4304273969229149,0.17160164071691575,1.4561678046435906,0.0,0.6250356142414445,0.13127465211747455,0.010326988599441199,0.0,0.23336274504163976,285.2274129211984,286.86245101657886,288.11156269431046,289.4432942265166,291.6899631026259,1.433869920245812,1.4968775913524652,1.6515232570213811,1.3555593634195107,1.2987111954353205,validation,strong_pi_central
12762,0.22198135844248262,0.3910821375850082,0.7884975880235356,1.297341890272055,0.0,0.2638573467142588,0.2658280111353045,0.14393842936123638,0.1743655737634974,0.15201063902570297,285.15245026426214,286.51481692269397,288.0528454879057,289.37875409747005,291.7200659052233,1.1153382629221689,1.2153287268583335,0.9855090514843741,1.2040023868755023,1.175492547028769,train,strong_pi_central
12763,0.5749301096761378,0.08724040503371056,0.34933924721511034,1.5714764141844506,0.0,0.3595533468788991,0.08553492626431701,0.11624383100621968,0.058780244972286816,0.37988765087827736,284.7553150091354,286.50118921369926,287.88436182540295,289.17126473086506,291.1941948939411,1.0951577566390431,1.1053308903340204,1.2343668359882014,1.1175215924649848,1.2138307870254912,train,strong_pi_central
12764,0.46081447545900606,1.1595760318932533,0.7688582323866477,1.5486933665866363,0.0,0.2631156785370825,0.11037885924062449,0.23102830842501593,0.19872553236050364,0.19675162143677338,285.9470692578233,287.5727404050315,288.89607363852656,290.0832315227044,292.2508700723752,1.3048453832237898,1.4372368873850854,1.1778424387070328,1.3582855758125558,1.3490737463368552,test,strong_pi_central
12765,0.4678154291094119,1.187519326079686,0.5387358083615621,1.7206304857772434,0.0,0.4003782368185022,0.14693489985994598,0.1787213634805485,0.09153977251053382,0.1824257273304694,285.9612896788739,287.7269074286889,288.9789661496234,290.3456733822004,292.4105496717213,1.2381246113466526,1.2437614849433396,1.2398911864647473,1.168819736950637,1.4313735281672801,train,strong_pi_central
12766,0.44789299186528253,0.5250871198540552,0.948267070605988,1.3429440322397124,0.0,0.007004222628645754,0.676545971107516,0.0,0.120860549749236,0.1955892565146021,285.26082117133575,286.6766755157551,287.9859440246244,289.82007645492513,291.8191807503916,1.3316911184764477,1.2653355087149158,1.3272050873023513,1.3200359504032386,1.4050231887118376,train,strong_pi_central
12767,0.5384824454770006,1.2542546070765668,0.778969124764368,1.422897208513779,0.0,0.3195459453454698,0.15224694882206558,0.14726538471462974,0.22472839561383634,0.15621332550399858,285.91838939253864,287.3744560466165,288.9118830371733,290.20199293817825,292.2066424267039,1.2703166778784665,1.4068752977243995,1.2571534880011896,1.3393330557631433,1.4027313552962823,train,strong_pi_central
12768,0.22781701908104351,-0.00774970157771504,0.6136972672208646,1.2888989268688893,0.0,0.2241243587026477,0.41907798500399546,0.09178688377570489,0.03641619922058217,0.22859457329706986,284.70317299707784,286.3343000043843,287.818531073371,288.9427154052928,290.6673778750236,0.8384139943524098,1.2526309451983983,1.2556636799120862,0.9620864277852067,1.0586498900091676,train,strong_pi_central
12769,0.36274171605496547,0.906317142527258,0.4034918706552564,1.7290667277045737,0.0,0.3672523410655231,0.0,0.1106360292736964,0.13142792069078,0.3906837089700005,285.5834606564712,287.14250120170425,288.4601015069484,290.0990657879804,292.22404519642026,1.5076941651419902,1.3611830653950001,1.537403126974737,1.6441061675191997,1.503567786906648,test,strong_pi_central
12770,0.14670801822969748,-0.13189279388499298,0.12063658418246584,1.7232333876020474,0.0,0.3422931219341633,0.054966988577113435,0.002465879116614173,0.01660185824436912,0.58367215212774,284.7385773599582,286.37131029264486,287.33195652516906,288.65419925597797,290.7116943468091,1.5088652850559228,1.3278250271125078,1.3493381873879515,1.3033855145581847,1.3543303239881341,train,strong_pi_central
12771,0.24844725075275859,0.9652825184088045,0.8924001627698632,1.156413901153634,0.0,0.2872257175454454,0.03491759475797578,0.12651982936819373,0.35048136932184687,0.20085548900653824,285.5834709434177,287.0674741627784,288.6133533290148,290.07923439850316,292.26540165820376,0.9774266535554057,1.0272398651691355,1.0951487383786473,0.8608995988448928,0.9779589923380942,train,strong_pi_central
12772,0.24942965874721298,0.0025201134916295054,0.447809966292669,1.135724821127095,0.0,0.6027863355335824,0.0,0.003152776039074484,0.20732859512679727,0.18673229330054592,284.6704007378025,286.47211623846493,287.86698696406,288.9894617681075,291.32482372606034,1.4925826184131044,1.3456538703290664,1.2220533763879284,1.228837548584135,1.3475708239083113,train,strong_pi_central
12773,0.8855477618759732,0.9781091176777799,0.9521664929380583,1.6369597113849974,0.0,0.09367359295812568,0.4150805575050018,0.034352849930869137,0.23636654275109373,0.22052645685490957,285.9332881200578,287.23923503398254,288.73668600685335,289.99170739111406,291.9810830626674,1.0309794535593788,0.8155664733270752,1.0408483079052355,1.0002768312607708,0.8177747976843078,test,strong_pi_central
12774,0.538550351599664,-0.2012858919537739,0.68808371103772,1.3228639572566547,0.0,0.11708339327835797,0.40790583509261835,0.12919820401504245,0.06048983596502959,0.28532273164895167,284.4617075212929,286.17051449893546,287.4629956715964,288.9481529654418,290.5882728266242,1.4554019111444674,1.4792527111749227,1.4320350796981511,1.4428621835281312,1.5536781545007383,train,strong_pi_central
12775,0.01844376115488469,0.16307571428324508,0.25645921285327816,1.412340865248685,0.0,0.401841121318702,0.05167752440560369,0.17232897048123308,0.001226358983220691,0.3729260248112406,285.0073918686644,286.64524394654717,287.99375022411374,289.27603628275403,291.3843649701399,1.074884800974378,1.1472752127214465,1.3632569195572983,1.4468053762659772,1.4137425649782709,train,strong_pi_central
12776,0.6768335919992098,0.8451746328969287,0.6793389370328806,1.6099066020224506,0.0,0.18713854769614718,0.0,0.3175104420522981,0.16591424749029127,0.3294367627612635,285.6701707728262,287.03593339607175,288.7450477032178,290.22128139715653,291.5879122220586,1.3642983488820308,1.4598475362829908,1.6346468020775877,1.3663132117319459,1.4344825032845576,train,strong_pi_central
12777,0.31643218262840533,0.4453115715872884,0.42648669073049056,1.6986943291387266,0.0,0.3785791744314386,0.3521181345365276,0.0,0.02218427809698146,0.2471184129350523,285.4092391836711,287.01203300258226,288.1540467871385,289.3901686583947,292.02124333795,1.0083289668859712,1.1620529133492403,0.9820541385617828,1.0713514619280868,0.9252235228221265,train,strong_pi_central
12778,0.29040858036575273,0.015049468348379946,0.4265584272059252,1.573515389526541,0.0,0.20527482413726592,0.14050140575547573,0.2537905989086658,0.0011332112708918388,0.3992999599277008,284.8842178537865,286.3522335082097,287.67572505532615,289.0794317866212,290.92554312065647,1.2899463239528444,1.2695208071921238,1.1887874960370433,1.3232859217915547,1.3785267596356718,train,strong_pi_central
12779,0.2869618789042173,0.7214046654804926,0.2601319128658014,1.4066586195169493,0.0,0.5130458478245895,0.05593912418756769,0.07570329011764514,0.04924474928029428,0.30606698858990317,285.59156782829234,286.9189780702739,288.40296114905084,289.9447614975745,291.8994001809659,1.2603463318069572,0.9488403384506583,1.1241196948401384,1.1429632591400927,1.1043794162897937,train,strong_pi_central
12780,0.3772402222258073,1.1130393070521638,0.3397470040556545,1.5948992576594407,0.0,0.567752820081503,0.1380557787732465,0.027988200868316666,0.07185151220704566,0.19435168806988826,286.0133394542803,287.4349836624823,288.85743122036115,290.02939145830607,292.3634389651929,1.4914670882267884,1.4458792930095492,1.5734767441286284,1.2512620706940603,1.5164924289080668,train,strong_pi_central
12781,0.8816249771487706,1.1243812935142645,1.028428275303964,1.5596719473433265,0.0,0.035636040962237776,0.22536657725440243,0.17398053415010548,0.299540581949728,0.26547626568352634,285.9214942699804,287.25497730198305,289.0409032653349,290.2264709263755,292.7108792209798,1.4344773592893278,1.471889288748346,1.2465367720429152,1.3676998970457126,1.4653011674013243,test,strong_pi_central
12782,0.39286826721837786,0.9527374960024262,0.3668083067259298,1.5430203757352197,0.0,0.38823538659597834,0.21905375590604964,0.019394780682468887,0.049179885068705624,0.3241361917467976,285.80094434896154,287.34869928321507,288.82871249905355,290.0098646155206,291.91081706995476,1.5432607916822916,1.6957274631002868,1.6532177479872283,1.6774606258890572,1.6046967979734703,validation,strong_pi_central
12783,0.14104399324829744,-0.41222665626588295,0.11097719338378356,1.7095230601490234,0.0,0.6059125586748222,0.009995318679580182,0.07073345423270135,0.0001242102357510154,0.31323445817714535,284.35587017575745,285.698828274192,287.24852637012515,288.7089388370522,290.6435362499323,1.0269108693257092,1.3440188336956935,1.1745756781599115,1.1970369747182792,1.0513767935206977,train,strong_pi_central
12784,0.48657758311038796,0.018819925611911703,0.7346878969066604,1.260308418188746,0.0,0.2383685368321142,0.34849105452826307,0.0,0.17809842118919864,0.23504198745042418,284.880178846947,286.33755740391456,288.13542000158225,288.976002443374,291.2403062047153,1.7018950183977413,1.680592359076647,1.2776447575584482,1.7302892954835252,1.5432879503079093,validation,strong_pi_central
12785,0.3814858906794487,1.2758223719552295,0.517774977695032,1.1486049290659344,0.0,0.35556215536051416,0.13239612306872972,0.21096717264904025,0.07220584098863102,0.2288687079330848,286.06257620519,287.90911902860955,289.00647344997714,290.1833440171565,292.3519990609381,1.0152066208303534,1.069012225024317,1.0862824973425513,0.8247398979324643,0.9805063339460531,train,strong_pi_central
12786,0.39926644927852434,0.8962604222664479,0.7200883805628423,1.3328154293584777,0.0,0.1946375038797973,0.36122824788133423,0.0,0.16443006634075402,0.27970418189811436,285.77264627649834,287.21141268862687,288.6516368318643,289.9692434101164,292.5331004872704,1.6369094934676949,1.8414888580837376,1.2949082630675361,1.689972960026424,1.5155916355245647,train,strong_pi_central
12787,0.35774299334617093,0.350037908927018,0.5261499140306565,1.692757632548194,0.0,0.35153697906392567,0.18411780366658265,0.09608775706844445,0.10797217664781467,0.26028528355323244,285.026406621688,286.86767600810487,288.33660012273526,289.59708079625045,291.5360643762783,0.9219610560444279,1.1771384098615172,1.0359635315384297,0.8464415458771194,1.069163678676516,validation,strong_pi_central
12788,0.2971630124193673,-0.36864399317925756,0.6368330574863614,1.649822370251428,0.0,0.277909274928602,0.22258723965347338,0.18684862204303196,0.09869859789492805,0.21395626547996463,284.5838269593281,285.9903319866554,287.05028409282227,288.8310157129482,290.8798985350007,1.0358870552780033,0.9890731842375727,0.9655774906419821,0.8414153392936508,1.108378806448524,validation,strong_pi_central
12789,0.42505506647636665,0.3252523499404547,0.7128929843976575,1.5184745411121772,0.0,0.17879291591300742,0.0,0.22313721349030857,0.22987788545367444,0.36819198514300966,284.8824446567816,286.6771910444635,288.1646788203253,289.3155671590176,291.3565001817551,1.2711662986035543,1.056315761583522,1.2143536705523423,1.2767142026411964,1.3873153071190654,test,strong_pi_central
12790,0.42011847518987894,1.1836858003049544,0.7882922279391088,1.473406917526676,0.0,0.18866537725921276,0.16213464049560858,0.331062289185399,0.13254764912905065,0.18559004393072917,286.00199441288396,287.4558754322648,288.708108661095,290.30143585135085,292.3934898122699,0.9706565829386393,1.0547053172954466,1.1189652424868866,1.050066854449745,1.2709038697033928,validation,strong_pi_central
12791,0.20740531226321612,0.06000812867362537,0.3045189996700129,1.7174593394502373,0.0,0.3669919357769716,0.0,0.20050579240232505,0.037006603633843914,0.3954956681868594,284.9645671184117,286.2062585208116,287.6685876713508,289.03950106227404,291.24188314809084,1.277973947354886,1.433456748551997,1.6177352456274365,1.5323152553634598,1.7223830352970786,train,strong_pi_central
12792,0.3172421062598836,0.005882493971627323,0.3407236284706352,1.2728176850586002,0.0,0.3956260370604985,0.277396066051752,0.0,0.016663781209441623,0.3103141156783078,284.7720965046658,286.190751021546,287.6899658646483,289.2338921663849,290.95480006648353,1.1574567354191032,1.1649396921005306,1.5609416726707523,0.9721790886535043,1.2001259076979522,train,strong_pi_central
12793,0.2606604404439002,1.2746405487623598,0.46516163064372723,1.4841557956294495,0.0,0.19008393086394668,0.12492198893397667,0.20516299785433126,0.05253832192770965,0.42729276042003583,286.19264453537033,287.154328384042,289.06969677410785,290.65691621736715,292.82816945264057,1.173893023253874,1.1080558381020915,1.2142650996825681,1.3138158945642058,1.2047099791362252,train,strong_pi_central
12794,0.23649363680720084,0.5557666134904511,0.18880538613637418,1.203233158715091,0.0,0.5964111520593258,0.03232241969063287,0.09216060415017559,0.017161181147782867,0.2619446429520828,285.1811508283291,286.657092514141,288.1967582499444,289.34683661429636,291.69893942755976,1.0320858534599078,1.074057061629566,1.0933801088085682,1.0585848757553475,0.9666043928648718,train,strong_pi_central
12795,0.5072824640873778,0.20963430737551692,0.45105517917036586,1.3569638765325363,0.0,0.42964743632836155,0.3847661069657298,0.0,0.018144536102318035,0.16744192060359042,285.20038897892226,286.76770580445566,288.2772192971143,289.2726714083298,291.3921964776602,1.1284360907512863,1.2051142602533051,1.082646034493045,1.1765851697238698,1.1952083830891036,train,strong_pi_central
12796,0.4811250668622775,1.0153052325337595,0.6108057072508495,1.3821980822685065,0.0,0.27803895753173596,0.11838144790880553,0.3694742066984117,0.0464750263218161,0.1876303615392308,285.76042017798403,287.2457082676961,288.4867100489896,290.04252143455517,292.26373439504306,0.8574049786055264,0.8841716855287489,0.9540755361710948,1.163829879153656,0.8983699726669729,train,strong_pi_central
12797,0.9296333600018784,0.40062968918222763,0.5473671268855091,1.5314617017673442,0.0,0.31415868060480906,0.0,0.45175933858750084,0.03280389414900417,0.20127808665868596,285.1004553223565,286.91302726723336,287.95855981847006,289.77304830229735,291.8535583309552,1.6531020530955158,1.4289588072116934,1.374237521461999,1.709308752950553,1.5482259818604633,train,strong_pi_central
12798,0.28195502901405356,0.2143584572595887,0.5843072084895051,1.692426345638355,0.0,0.2896012781412803,0.23625500305974467,0.09259862847568875,0.11272678847703581,0.2688183018462506,285.09849530335515,286.27809375211666,288.34394855310626,289.0452439689246,291.57742103866286,1.1185172536230723,1.1138301088359877,1.1905085628448218,1.1991505159479614,1.1485683693264401,train,strong_pi_central
12799,0.2977907884228608,-0.48780457979637326,0.1674837527730905,1.3211223044297653,0.0,0.6519839329291718,0.1139945850066116,0.023489167766478882,0.0,0.2105323142977378,284.0523988483744,285.76748582635605,286.95334621382034,288.3415994371072,290.86231908086586,1.69011613653129,1.7897244015976819,1.5208263501890051,1.6325338621829502,1.6017488670803939,train,strong_pi_central
12800,0.5605616745932781,2.1105225753510592,0.3721918647394413,1.3872643695051228,0.0,0.5103775072143953,0.09661074872159603,0.09810940170381414,0.07373585715701557,0.2211664852031788,286.8529557002028,288.39740235944674,289.91492851275416,291.4480333070182,293.26419010194746,1.5305925047868727,1.6247089596944633,1.3488395543845504,1.600348476305488,1.420808445329431,train,strong_pi_positive
12801,0.27691065924963476,1.6082400047154422,0.6368788560320882,1.2856737006509935,0.0,0.24361201881207734,0.07374694416944587,0.5090231864633893,0.012054362699626519,0.16156348785546107,286.4919136665127,287.73819066466024,289.3185542560322,290.87303598556196,292.954353243096,1.4902221007274525,1.2908608255647056,1.68259280863066,1.4807705698661842,1.5688719782779599,test,strong_pi_positive
12802,0.4275387564252545,2.3647447588408435,0.2739898032745801,1.3974812132807641,0.0,0.5520302938221935,0.18488292875733817,0.014707089091463699,0.022199892712889125,0.2261797956161157,287.0944654959792,288.5567277364261,290.12566442490413,291.57519214203387,293.87027567851806,1.1143897941837122,0.9433825625329022,1.003972579526216,1.1453896316819876,1.0396149796253986,train,strong_pi_positive
12803,0.7416837817828364,2.4511411648885866,0.9650769998530746,1.589902921418874,0.0,0.15246519701138633,0.1728027603437999,0.28330644991940646,0.23948389479493415,0.1519416979304731,287.2590955028717,288.7293839508049,290.00655724532186,291.62554992576565,293.86657687503543,1.4084491370629564,1.5334867719900342,1.4689812997832095,1.7921066839278363,1.3067104185813365,train,strong_pi_positive
12804,0.6553554867015963,1.5754063307159356,0.9277587829318507,1.3095146636839146,0.0,0.012722546056496687,0.5450129556606272,0.1851838596649773,0.08378098380312306,0.17329965481477572,286.36658927621113,287.85557087735896,289.33716609960726,290.40843579754056,292.90220414958907,1.464148013970705,1.63244003438077,1.6391637226997346,1.7228245420722432,1.5267844714974157,test,strong_pi_positive
12805,0.3396839197384971,1.9530513155995566,0.26946863456526166,1.6586468337511866,0.0,0.4758079035755957,0.1584667149775735,0.07836615625541436,0.0013178816661368763,0.28604134352527966,286.85246919288613,288.07216504992584,289.6916148453249,291.29456496674464,293.3711877501208,1.4641873088325734,1.8624670521685889,1.6998812834817092,1.685926460540331,1.6020117584382843,train,strong_pi_positive
12806,0.2936863803969985,2.337047881213779,0.08382390853181408,1.4391633662701626,0.0,0.2927932444121769,0.0,0.00406128113708813,0.024881313697362975,0.678264160753372,287.2615254777231,288.43000582706605,290.08422146660564,291.2581007146176,293.58417991519445,0.8581718873909856,0.847159011098635,0.8363335138751304,1.0681768524586335,0.789643887871336,train,strong_pi_positive
12807,0.44265593768903416,2.053058861377368,0.23906943282536436,1.2298416427824856,0.0,0.6211768282105361,0.04969439580732364,0.1358892254742179,0.011742905771911429,0.18149664473601076,286.7336936676738,288.369681212661,289.70542273172947,291.0615310985269,293.0302226893238,0.8453858148730792,0.9799985665084056,0.9190849994441436,1.1550703067700052,0.9295741257261593,validation,strong_pi_positive
12808,0.05566630249204776,2.382995020770517,0.2600701883955413,1.508156916964459,0.0,0.5862738847428907,0.028084894021753685,0.09647970671303686,0.05275279383037538,0.2364087206919434,287.19538697211163,288.5993077790677,290.03286768984833,291.59972253908694,293.47750755764184,1.1821796306739631,1.1888626528791348,1.1183480332072195,1.4937318953013905,1.3251505296187331,train,strong_pi_positive
12809,0.8403650081166909,1.772755769378132,0.653242185598681,1.3990424660137446,0.0,0.059415297787074495,0.32918205783562443,0.0,0.14703006388152826,0.46437258049577274,286.6095321559505,287.78538744721646,289.5037975446319,290.71502460413984,293.0595941449001,1.5300599571284756,1.2663829899051329,1.4293550264648525,1.5744239342365178,1.462371318396921,train,strong_pi_positive
12810,0.5382010339003874,2.005432644045327,0.3889529281787447,1.6915577694445079,0.0,0.18421396708902343,0.2219468228263488,0.13700610535239585,0.0,0.45683310473223204,286.7922931043409,288.3758736853046,289.81781866307955,291.1154172482122,292.888569226431,1.813793764919588,1.3931066897560584,1.6650641499393324,1.6033183738517236,1.2500829075912936,validation,strong_pi_positive
12811,0.5767741275046657,1.8293692138359559,0.4959120072654464,1.5829851331270495,0.0,0.3514862179786992,0.2869081738403934,0.17900383342505297,0.0,0.1826017747558542,286.5982845476982,287.9585249255463,289.31727035047874,291.1511543372809,292.9944510112959,1.6843932525608394,1.531190015804109,1.7535893524505966,1.7296040974061304,1.610966970306035,train,strong_pi_positive
12812,0.35120831836559596,2.4067141056205306,0.1485848595077791,1.4124140988233458,0.0,0.46865906409137315,0.07611287823422896,0.04247198127355014,0.0,0.4127560764008479,287.25764026301425,288.3017095917024,290.2469921609967,291.72689587771004,293.6851730139178,1.0224356125579301,1.0350020217824099,0.9819966110006765,1.0414752068136388,1.2587911014110535,train,strong_pi_positive
12813,0.37110118247562823,2.310227546168266,0.5437352263300748,1.6207183378713688,0.0,0.18008421235890112,0.16881726518927462,0.2573759445908128,0.04377100827499365,0.34995156958601775,287.0868098750112,288.5463818894456,290.018151615496,291.174213895851,293.2329721492783,1.0913741386386913,1.3150961441882925,1.2986138813343473,1.3832753478046658,1.285320809966084,test,strong_pi_positive
12814,0.4012962833843809,2.0025394861766004,0.325728982214267,1.1301718042631754,0.0,0.4553257444719402,0.0,0.22968049768155263,0.03302424226635716,0.28196951558014993,286.6922747584589,288.17368042743357,289.5477526743864,291.15646748385916,293.22480965636214,0.8747014413609792,1.201067773674098,1.4148048564929183,1.2494196558042894,1.3189822150188453,validation,strong_pi_positive
12815,0.18037467370972127,2.00579313114209,0.23239545920237198,1.1574122689258024,0.0,0.6576112679492586,0.15701633568834827,0.0,0.02268956175701186,0.1626828346053813,286.9048765103004,288.0332806581211,289.860801754522,291.0753364019894,293.378117429078,1.58429175308059,1.581463714308233,1.6613506531630755,1.290651005603485,1.5355181199613739,train,strong_pi_positive
12816,0.40991936372203014,2.458248295147939,0.7797992534792108,1.3218674603725997,0.0,0.310699505719212,0.2084639164148987,0.07817042709300401,0.23158245498565402,0.1710836957872314,287.0860434244965,288.5592535344001,290.0310342029689,291.513226780171,293.70906631084586,1.3955105598178186,1.3079330679010666,1.1651800831234513,1.119894696073744,1.1037126259599628,train,strong_pi_positive
12817,0.6398459019254586,1.6380886554685619,0.9952918895132081,1.5064138120349992,0.0,0.08557704904443827,0.1933186537943183,0.016563248461369903,0.3777049936287599,0.32683605507111363,286.4348446967896,287.99235292419365,289.28452373445003,290.44255667435687,292.75061376554845,1.329230800366989,1.1978049547271337,1.504103975409741,1.2723169169459838,1.6849536661122353,train,strong_pi_positive
12818,0.6506344451265134,1.8989014407584945,1.041871444299814,1.7447761421911951,0.0,0.1221992174122749,0.3053630229026795,0.0,0.3532542106985673,0.21918354898647832,286.71834902736225,288.22518711398385,289.8278416535153,290.9557424957573,293.446635414481,1.4102405388197672,1.5826169785775865,1.3815278630667445,1.29839763153719,1.2430987930418098,train,strong_pi_positive
12819,0.1453403394726904,1.9972996240314282,0.2087418886234918,1.1540851786494237,0.0,0.6303848350898562,0.023708346993181827,0.12418842989343767,0.015422555868436152,0.20629583215508818,286.70946613908546,288.0385410098895,289.8026553357844,290.88798432241026,292.905687605249,1.4820157568195675,1.5940431461311229,1.7205016634688246,1.5186691929381901,1.7432719097151466,train,strong_pi_positive
12820,0.4488871616409542,2.4235919965934443,0.8255941875115382,1.115180860739754,0.0,0.10806611520272937,0.40700025913241034,0.24991856479905603,0.06933768179003592,0.1656773790757682,286.9797150013888,288.6081121942491,290.24313151090433,291.4964339465463,293.5898497007122,1.0463808377636867,0.9842121914716299,0.7753601043942886,0.9712449211999951,0.999412670936166,validation,strong_pi_positive
12821,0.2556123413177973,2.20040923122729,0.6089960714555935,1.360137039035993,0.0,0.23069344027920097,0.19242265360868888,0.3857000978668072,0.00043665999004874085,0.1907471482552541,286.9720199339225,288.57233181721284,289.92901937445174,290.91910548847085,292.97906903874093,1.2722245048379952,1.145519391440803,1.2082214522517962,1.3543431500346914,1.06161458264984,train,strong_pi_positive
12822,0.015199471792549074,1.6292133865456124,0.16444002677766878,1.458675413959667,0.0,0.6225593952132912,0.0,0.010307188378983645,0.06206641919934256,0.3050669972083826,286.440412396057,287.88616324903796,289.1612787785215,290.5102961687764,292.8246469463361,1.3126504230290093,1.699036785074158,1.8176428314476185,1.9456683089371893,1.549638696043905,train,strong_pi_positive
12823,0.44504660161390597,2.149732040250958,0.6424678414427291,1.4750954477490552,0.0,0.35973891326831736,0.08217463839641084,0.09876474742551886,0.21576422781039967,0.24355747309935336,286.883401573502,288.5752557749861,290.093163477916,291.13140559368605,293.301640287787,1.5582666463604706,1.6756262396632635,1.651227394892753,1.477379238492286,1.3849405399498607,train,strong_pi_positive
12824,0.6535474802579797,2.2569353631672895,0.6969422339006787,1.7457867464526338,0.0,0.2079948576783819,0.4797170765522931,0.10295596658583796,0.04213459538127378,0.16719750380221318,287.13980227889834,288.54356497363614,290.18338305649286,291.4916705693441,293.4886192995538,1.4217534907441756,1.2966668762591018,1.302618624605101,1.2492348165667655,1.3298002560288074,test,strong_pi_positive
12825,0.281198924739918,1.6423066771882402,0.5989634927305272,1.6607600456187852,0.0,0.3223236185657729,0.06171795631653624,0.18443042218564185,0.16140755711417457,0.2701204458178743,286.35299119344324,288.3080503654824,289.42705058733526,290.64347185362743,293.00782147020533,1.0904735019926173,1.006371159423428,0.9431806097096804,0.9179013175010975,1.0283412738981719,validation,strong_pi_positive
12826,0.20762263258302455,2.4723800396591176,0.3688038898329451,1.5818817306282706,0.0,0.44817638242645486,0.0,0.12546856902553974,0.1066676604037027,0.31968738814430275,287.2308800526445,288.6639018176715,290.28704500397413,291.48402889357254,293.5728145018001,1.4009429542248342,1.533743422044837,1.3623585496778008,1.0911955461609626,1.479979320750966,validation,strong_pi_positive
12827,0.15064794447577365,2.2857233876138072,0.03343387948404442,1.4106486037554904,0.0,0.5020852512102476,0.0034135192206764405,2.0360263367983622e-05,0.0,0.49448086930570784,286.97745161652705,288.37003171859817,289.98073384619624,291.2163213502169,293.4655534990903,1.4613050805963965,1.6650506756218668,0.9005943847638397,1.3284123682684164,1.4424168938131565,train,strong_pi_positive
12828,0.41321668783195253,2.07945864566078,0.6095255902714316,1.6576217141746894,0.0,0.45574775087510117,0.10963238498906948,0.09394555958523527,0.18797382284856345,0.15270048170203063,286.9064765236362,288.4933538832427,289.84000370025865,291.2337090703129,292.7881212502034,0.9427334445516905,0.9983032276405521,0.9079221748428251,1.0087141684628813,0.9440526446747676,train,strong_pi_positive
12829,0.04780994563769155,2.388842883086323,0.054116242632914806,1.509201946210295,0.0,0.7290065667461368,0.0,0.013532200206999983,0.005292021212957414,0.2521692118339059,287.2206682311439,288.68775999342336,290.20972952925564,291.6786747374042,293.6715517732835,1.2195089224998819,1.303358337944363,1.0804369195950634,0.9173304695163669,1.0773531835585735,test,strong_pi_positive
12830,0.20040291749403355,1.8422808719790988,0.638851016827272,1.1924697232538841,0.0,0.3868059362245008,0.02390986743647015,0.2663509702947154,0.15929508954804322,0.1636381364962705,286.69542590746465,287.98729842820154,289.4287925538413,290.32184870876733,293.037651281274,1.3123623537184919,1.2677132108871427,1.3021501315867017,1.17842997501001,1.2134274513128314,train,strong_pi_positive
12831,0.9191605318442609,1.9961052685855925,1.1576239041811696,1.1463760964794094,0.0,0.02477041043099072,0.0,0.4691959036734536,0.32921400025385794,0.17681968564169767,286.88984548648796,288.1096577978164,289.5852369714572,290.67793917331477,293.49578696834436,1.5175935723702418,1.5739861539886613,1.480615027716143,1.4726646488409403,1.4390492530413213,train,strong_pi_positive
12832,0.7516141277271534,1.5822633060742706,0.44418172263833494,1.501886047729029,0.0,0.5251528883167105,0.07731518816655933,0.1186328917174384,0.1091168213771686,0.16978221042212327,286.4892271700024,287.681668216968,289.39770155292075,290.7418896073155,292.50654706861263,1.0188417973682526,1.016111096660446,0.8428726490725311,0.9266905768142596,1.0281937083085928,train,strong_pi_positive
12833,0.19761647772703608,2.259713155055504,0.3230085895420586,1.187478669810551,0.0,0.5054020797229679,0.2723814572378698,0.0024987057397173897,0.009064213282235705,0.2106535440172092,287.0297803187392,288.72880815743827,289.82086192024497,291.4578959042208,293.4603882332002,1.3474716454208306,1.4692232599975463,1.4250418356306522,1.5251432604568071,1.4734064828744198,train,strong_pi_positive
12834,0.06913933872972386,2.047540019005154,0.2011826418517539,1.4117731590660734,0.0,0.5823770577684321,0.1507626688952975,0.02041997295645643,0.0,0.246440300379814,286.81023219456625,288.53450467457344,289.91946606522123,291.2523780798959,293.4867579248275,1.618071528815906,1.843864817983102,1.7524945900066482,1.5213252049496553,1.7479296290821738,test,strong_pi_positive
12835,0.35211351607032626,2.2701526063100017,0.5496856861548034,1.6113540361380507,0.0,0.3707860517063706,0.06621141814450336,0.25200649429373617,0.10073388685828195,0.21026214899710807,287.0636721561999,288.7167340454645,289.86870246046516,291.4885320240156,293.9235551250599,1.5526390154372682,1.4809161844266907,1.3351734562744741,1.623562118433245,1.3185431960332146,validation,strong_pi_positive
12836,0.1418624561043322,1.6977131321022783,0.2557271432369692,1.137820063219383,0.0,0.13537215053265259,0.0027568156799624498,0.18937497121453098,0.016797678171237902,0.6556983844016161,286.5933022968013,288.31204559916193,289.44015207311134,290.8517653595091,293.28635976199695,1.252365152547888,1.3643062078202894,1.306134091338197,1.427274193187794,1.1167673561168563,train,strong_pi_positive
12837,0.542007892827685,2.1478624742310886,0.7363311105313377,1.7356567123780058,0.0,0.20573808720396142,0.23974485746114235,0.12828510316492034,0.16915057495263755,0.25708137721733837,286.84301972616396,288.31848256125465,290.1305044483786,291.30475121852015,293.12005510453923,1.0154643439088118,0.9871211264032791,0.9776420409848553,1.0425884983976526,0.975712644068623,train,strong_pi_positive
12838,0.2306106202263783,1.540348047744566,0.1557114768354471,1.4170454332493863,0.0,0.5719335625092303,0.013699665995526755,0.11201181083992033,0.0,0.30235496065532264,286.3679400719688,287.96476896285367,289.3857137555215,290.7117219584847,292.9680263218865,0.7826022728343359,1.3997849490535428,1.0226336061313912,1.0666553839102504,1.1474172989357614,train,strong_pi_positive
12839,0.23950709700577402,1.9788760740251479,0.16383301907642933,1.5604310544022422,0.0,0.6650302940161098,0.0,0.08596879781995104,0.023932110628239155,0.22506879753570003,286.8364819896264,288.1640939750717,289.55068887256454,291.1473719636137,293.0266892700317,1.7424825827202999,1.65167881594627,1.248233476305082,1.8843007340141278,1.6038377799316348,train,strong_pi_positive
12840,0.42190953047656937,2.436186328305434,0.6649606558145347,1.2944872669611582,0.0,0.3995670520477195,0.0,0.13740958124777544,0.2487755372833796,0.21424782942112539,287.2808650973705,288.60067817554784,289.97671534063045,291.77828222117296,293.31238964216084,1.634675069720485,1.5189084454079502,1.6316826408760259,1.549812921979818,1.408360262004105,train,strong_pi_positive
12841,0.5672489642711849,2.0671393413809467,0.5981315446182998,1.1502171315061536,0.0,0.16771339966798487,0.2501584875939165,0.21937110174926697,0.04930097763755812,0.3134560333512734,286.93704374326165,288.28554336858406,289.52015801927797,290.9015063828659,293.2701629610543,1.5537324968563555,1.2614455247365104,1.547169080536669,1.572749137881444,1.371993410395278,train,strong_pi_positive
12842,0.4440253732590391,2.408170497882891,0.7471325482140062,1.5305078437032884,0.0,0.13906242275651204,0.2781736344067621,0.212510295441131,0.11322430918305652,0.25702933821253826,287.19317094239415,288.3867345340212,290.3608477323043,291.4907939588039,293.6815626255987,1.0318808108351534,0.8812209540167849,1.0394290033706262,0.9838358185787597,1.0526819609866844,train,strong_pi_positive
12843,0.10700628179022302,1.8812696421287947,0.6796875229910494,1.642757708603051,0.0,0.40644599686924493,0.18045248158816632,0.0003925704426308315,0.23442123548012614,0.1782877156198318,286.7488312028982,288.2037795918881,289.54925588895276,290.81794759278733,292.85854632939004,1.534033860055483,1.8276166822515516,1.667655849509028,1.6632537622154735,1.638369241916285,train,strong_pi_positive
12844,0.370221114285958,2.4463050664000248,0.5419139059211171,1.6382616042762845,0.0,0.2763258238411849,0.35065154424988193,0.15109323164012523,0.0050845650155549975,0.21684483525325307,287.4675523576171,289.07823304393884,290.352912233525,291.37663588918554,293.8674774046082,0.7,0.9009269535890402,0.9114798996130993,0.9065662445269994,0.7887165440074385,train,strong_pi_positive
12845,0.1599852373124508,1.9972380685704563,0.15151305342746435,1.5970128885075496,0.0,0.47283141583223215,0.06892060106273196,0.051559988288877964,0.0005162320379272157,0.4061717627782308,286.8058927959255,288.3190828205453,289.796171445458,291.0935638673496,292.91237109306155,1.330244434166943,1.179256291354808,1.4308908247624217,1.0854553270520568,1.2005479059934512,train,strong_pi_positive
12846,0.12982965735980417,1.7905447685078664,0.3759068224321469,1.6178660207515274,0.0,0.5035787603617217,0.015818533208191446,0.3039312300190229,0.013078529602466263,0.1635929468085979,286.5259027079607,287.9337646762595,289.21259494966705,290.8713001433673,292.6864783846682,1.0114556631512401,1.1643895983755568,1.099901878194103,1.1798566417149767,1.0859720824275185,train,strong_pi_positive
12847,0.36184298035068596,1.8602835065435945,0.23433299866594853,1.7272901093821944,0.0,0.5113165953240179,0.10667307462856848,0.011985073976911939,0.04283742503023404,0.3271878310402678,286.7499479285942,288.22672460495687,289.1932063538247,290.89317053498684,292.7918063879884,1.1606392771447702,1.358423843257972,1.290709091840616,1.319203145474337,1.2271330805423026,train,strong_pi_positive
12848,0.7089695668173472,1.7418662453777616,0.9402210352944604,1.6470452379423084,0.0,0.06709309286332818,0.30493202675375036,0.19863732243336352,0.20332584305367332,0.22601171489588448,286.5223211135214,287.6678191705948,289.5454271362646,290.76039669909545,293.0792226006828,0.8815846329603805,1.0290016052690494,0.8430887859140672,0.7472848544992857,0.9284330865961509,train,strong_pi_positive
12849,0.3418542305881362,1.8693749849173398,0.9774064222160096,1.2554095188984176,0.0,0.18803092418979162,0.08620629168614477,0.22639444667760336,0.3174028419261307,0.1819654955203295,286.5940483514691,288.0464485883149,289.5779409661851,290.8643143123452,293.0733274626362,1.121279868117102,1.1636760848784675,1.2755615338282253,1.0485911721997259,1.225346845578334,test,strong_pi_positive
12850,0.1573770715921104,2.3181953398236756,0.39133166648788914,1.1393744575765885,0.0,0.5243695627665353,0.08077776191711473,0.011059615870979051,0.13474714434989768,0.24904591509547314,287.2387341003923,288.70799450408884,290.15226129565065,291.53803989778413,293.7604671278163,1.1728388682058277,1.2974342193168202,1.0952556587447495,1.5080966377128662,1.5840748930374464,train,strong_pi_positive
12851,0.41470076848887866,1.8422583477805983,0.9051592944967388,1.5607755912625811,0.0,0.026900420592824995,0.16573905441298534,0.11094240259728876,0.29923891874323233,0.39717920365366866,286.4745437790792,288.37347441213313,289.6487762417097,291.0398421025769,292.6376675681051,1.1015497497559805,0.862182209235772,0.9809242531361779,0.8633580631124068,0.9698110663307136,test,strong_pi_positive
12852,0.4642901116528216,2.0149270433477695,0.8976945209601203,1.3243402931913288,0.0,0.32298869187746065,0.18255368741884667,0.00031230352102526557,0.3424142650101242,0.151731052172543,286.74157437349857,288.2140755159888,289.8558035850457,291.1812278087413,293.0263535984496,1.3331003344527443,1.7944287605849307,1.9245670448046703,1.497635424593864,1.7287978807290338,test,strong_pi_positive
12853,0.24678668970543707,1.7030526346104673,0.3212235436221607,1.2679784803733503,0.0,0.5301609652219292,0.07002431441806146,0.015789039850358424,0.10270509467687042,0.2813205858327805,286.4791983350224,287.88003112971023,289.47693478925504,290.8923075935948,292.8070240169628,1.5756258896051412,1.337877141125387,1.565656243949822,1.3893052904859544,1.4219580108894156,test,strong_pi_positive
12854,0.7978075893440753,2.1854465292110516,0.882258880083056,1.4412293181121094,0.0,0.10521250695813437,0.34880229657357087,0.05728424618328278,0.2230861686631012,0.2656147816219107,286.93084633510085,288.1765716752248,290.0401889526721,290.8726087628533,293.0330722736109,1.2809485186241587,1.2443060105381358,1.3607302554834195,1.1994966546392891,1.186260461571052,train,strong_pi_positive
12855,0.1405951146718016,2.4375166581664582,0.4699160129886575,1.1320581139059647,0.0,0.3080934355188896,0.21024264307834772,0.09202721852955298,0.06882307569037836,0.32081362718283124,287.2212087300096,288.7827862060766,290.4673611071217,291.581185888031,293.69753959391966,0.8760664215317973,0.9546536711380103,0.9932834127753477,0.9363096039025247,0.9710792907130544,train,strong_pi_positive
12856,0.4210256309262153,2.1688508148629806,0.6816889108983843,1.5894549589576152,0.0,0.398646556598023,0.0,0.23804140577958036,0.20682375255940197,0.1564882850629948,286.98766886487607,288.60774268726163,290.0864358967745,291.3347732119171,293.7569776912557,1.4328342015875037,1.6442505016939863,1.4611067648885476,1.6085383799940987,1.5342087578752677,train,strong_pi_positive
12857,0.572702379032689,2.3937683730028922,0.8692496396871674,1.1589911692344295,0.0,0.18091061327966065,0.052278633851706675,0.30469368870444646,0.24113865856550712,0.22097840559867904,287.17372181273845,288.62808774188255,290.5204397715661,291.3491191242375,293.39942620592507,1.2469604774582532,1.1116880592852347,1.1238448160996821,1.1518135152112294,1.1470537417006719,train,strong_pi_positive
12858,0.3315674785427991,2.2333607454358146,0.535346131442527,1.518912619556282,0.0,0.32443169837068875,0.2556809419501155,0.06200517870730605,0.09383000539255272,0.26405217557933697,286.8562931992374,288.3683660248069,289.89297329630114,291.25949419436466,293.6238469368284,0.8731185958246677,0.8056136271782216,0.9033668961506541,0.8314369866587215,0.9998034506809939,train,strong_pi_positive
12859,0.8633388707300648,1.7034573406965325,1.109558180318575,1.3735193228161506,0.0,0.03136256739100396,0.3248709986173885,0.20063014044956362,0.2770285206258114,0.16610777291623255,286.3589375638832,287.580216346587,289.2068686909842,290.84900441820207,292.5359447250994,1.3847835760689873,1.2335110691247582,1.3525149126375806,1.1590356475831358,1.2024560549589631,train,strong_pi_positive
12860,0.3432849854436659,1.6999425974778948,0.275528915282748,1.3908390327985325,0.0,0.3650849914999983,0.1295093074815044,0.11601960780124357,0.0,0.3893860932172536,286.4542699341061,288.0403433661164,289.33161562464915,290.8056321974224,292.92621911501783,1.396794558840138,1.384358634187603,1.3958164607201884,1.5450364894122046,1.3769191723584087,train,strong_pi_positive
12861,0.2270649710272059,2.4663714294710988,0.4207261919969969,1.1330698899386948,0.0,0.30685351160162977,0.16943859910460266,0.05047640058258153,0.08540559615490637,0.3878258925562797,287.3118909242201,288.55755885579407,289.67499230329753,291.4362256423682,293.7138391560272,1.3072988100284764,1.3452582949962744,1.3552644177008795,1.343456264965741,1.1866569475214936,train,strong_pi_positive
12862,0.5666242367378811,2.2081008316811332,0.7339437047867299,1.3989981234599222,0.0,0.25535282368784507,0.137378097465139,0.23230608660326538,0.1671297603591628,0.20783323188458783,287.0008070188215,288.25956973269,289.9738235332095,291.23249343161064,292.91901062744336,1.0309848672940107,1.1722986676477491,1.0062567436398109,1.037980203504465,1.0516313384925806,train,strong_pi_positive
12863,0.5239050254872643,2.0134736979032333,0.31402646963604597,1.317567131809704,0.0,0.49469156477827664,0.12634001562259337,0.009249156174914796,0.07421864891926892,0.29550061450494636,287.0390435303792,288.5114652275238,289.816951014569,291.0689400947079,293.5682229132757,0.9634722676108705,0.9362437315190753,0.9435120976094555,0.9607497147319302,0.847346404343867,train,strong_pi_positive
12864,0.6665555006284941,2.105222499444772,0.38405694924187894,1.3734233163260934,0.0,0.38736597628661223,0.13575994334516958,0.12359712540511722,0.0473499402457961,0.30592701471730493,286.9456099695824,288.31385408432635,290.00091662996914,290.9685307653405,293.4240264571713,1.1650438726897734,1.6121424476780661,1.2477225000080676,1.431779616696851,1.0784436918214024,train,strong_pi_positive
12865,0.28783096461354524,1.6006399744654538,0.5129393511301137,1.589275717755947,0.0,0.39091835875654607,0.02990895676569986,0.12882574998259255,0.16210232219091067,0.2882446123042509,286.5864404544627,287.7459683675294,289.1780178424103,290.60784400041115,292.9414160688966,1.215712759559862,1.0705975662610254,1.1040618096358576,1.2913826366407137,1.2028733820669075,train,strong_pi_positive
12866,0.5270102903575259,1.512614861623844,0.2958929895230272,1.4003504239576516,0.0,0.6422242582102451,0.0,0.06410956352217825,0.10089171300042446,0.19277446526715236,286.4716643076027,288.0761107324833,289.2370416582322,290.71167594978283,292.84810591896166,1.0555387217678243,1.039581162953884,0.9974312968652342,1.011281711291794,1.1193588681001343,validation,strong_pi_positive
12867,0.698091263859599,1.9590924863514685,0.9139228868982063,1.132589406631255,0.0,0.07266600686453163,0.5223129205295415,0.056135321465782026,0.15273732245144142,0.19614842868870344,286.6026780035401,288.1412089683548,289.7246913687631,291.000485468484,292.8441257389636,1.045985540144042,1.038122058524583,0.8675327134055272,0.9630943071634399,0.9246889144898035,train,strong_pi_positive
12868,0.6739926175306092,1.842980780997756,0.5509246077475002,1.4428367695940143,0.0,0.5414654098913828,0.0,0.0920666788995943,0.21442896442395293,0.15203894678507,286.67829455376614,287.95783150420726,289.5491721658401,291.12033272550553,293.2229431252612,1.313745510137644,1.2345297640650201,1.2660347697526835,1.0379363693165642,1.0710027097099128,train,strong_pi_positive
12869,0.3665729904376392,1.5375627506511091,0.5353031141923084,1.5461523571310059,0.0,0.3380195328955625,0.18137816242118152,0.0,0.16196247588556345,0.3186398287976924,286.24836541883724,287.76152954118265,289.32641808842857,290.5194163850184,292.7266477792327,1.1315707169065605,1.4109753756177283,1.214965528525122,1.2856673238358431,1.2068308138826955,train,strong_pi_positive
12870,0.40026128111006837,1.7655506474797038,0.7410810869896209,1.525761306435369,0.0,0.2544503868901759,0.313309530588607,0.10014309928048855,0.14881422856026272,0.18328275468046595,286.53246540718357,287.9979414708571,289.5193110584539,290.7281097836526,293.10362470270127,0.9861132146542171,1.0071744877002353,0.8142836530926021,1.0289388539787487,0.7542595312089193,train,strong_pi_positive
12871,0.3330484652732789,1.6378087175018141,0.885679642546453,1.5992649967108385,0.0,0.03427026882675137,0.6269738862557479,0.0373591757683667,0.09567329026116925,0.2057233788879648,286.25463633084735,287.76950989944777,289.4673141414952,290.63928086253657,292.57927047261353,0.9549303697332292,1.0350027599105482,0.9897604904825417,1.0426685694657976,0.8999680488382229,train,strong_pi_positive
12872,0.3464144382907015,2.454505853857787,0.6720842088531442,1.1916679862416255,0.0,0.20295434192708073,0.175877924029301,0.4572990602465477,0.004453612288647741,0.15941506150842294,287.259949463128,288.8191967814285,290.39914859183665,291.4127021205527,293.6943321545527,1.0579881960242072,0.984030048846939,1.068485722729562,1.1937324953580262,1.02069325615971,validation,strong_pi_positive
12873,0.5208980868988329,1.926685014812564,0.7542163741462102,1.6662963415961258,0.0,0.19169877106416147,0.2814837328125982,0.3036290047405184,0.06955181829654679,0.15363667308617507,286.6739555001072,287.92514377355786,289.663234539635,290.9965248963203,293.9351798181781,1.4346884875167851,1.2836057804535927,1.4059730700348148,1.5738741212555778,1.6044574120938158,train,strong_pi_positive
12874,0.39731491619729137,2.416478974736216,0.45904703386158735,1.2490461342612669,0.0,0.42507569934689626,0.0,0.3095325522182403,0.059757240821673524,0.20563450761318977,287.2667590022992,288.88430311899174,290.0808827030841,291.4091388786342,293.8067008794403,0.9371758667565155,1.145282188517029,0.9646221878668167,1.1533322251885998,1.241264550967242,train,strong_pi_positive
12875,0.2991474151361703,1.8933247261318775,0.1663199663345256,1.2837557855361785,0.0,0.16012059668157788,0.0563307912976519,0.02588561913463927,0.027051777951117212,0.7306112149350137,286.44121244353255,288.27797865791473,289.6821049824565,291.11384896535975,293.672084531936,1.449412117393266,1.6727969196541987,1.7572063810410683,1.4636667023066172,1.3540762965245685,train,strong_pi_positive
12876,0.705439715635854,1.5898637364585833,0.7053629178020592,1.1583042552736729,0.0,0.12522684814367527,0.6045862624579785,0.07077665534408063,0.0,0.19941023405426564,286.3426758023488,287.97103999246997,289.4746497720416,290.57040553991385,292.4139044820778,1.3845450712827425,1.2174894584081088,1.3729571520696802,1.3177827794609174,1.258847863905268,train,strong_pi_positive
12877,0.2142822568983393,1.943704355746731,0.8231077667605664,1.3084591095508342,0.0,0.2647458113091426,0.26050601157680087,0.0028573295317879713,0.2648722128259888,0.20701863475627968,287.0825943940547,288.2932051538746,289.4673291853878,290.99973006230005,293.18253548839044,1.2059254792818999,1.434777947636798,1.4743379434107249,1.4957348360095921,1.570198663122953,train,strong_pi_positive
12878,0.7577313692221032,1.9054938878851404,0.41573496352136075,1.6335957104165013,0.0,0.28567906152435496,0.28627770191549434,0.09945726160586645,0.0,0.3285859749542844,286.73434966352255,288.2579897271345,289.7141279032806,290.84881061563266,293.0645137007666,1.484378971688301,1.367407450231616,1.3035715673246462,1.476006624054814,1.3902215108673677,train,strong_pi_positive
12879,0.3412105489407053,2.341759456223118,0.7583159586724807,1.3985303104560334,0.0,0.08400957735015971,0.6788628893114947,0.0,0.02472653468049296,0.21240099865785264,286.95827577890907,288.56691286524955,290.03289706866457,291.01955480489784,293.6889838718562,1.4145140659357043,1.303199330420735,1.3134087631019677,1.3324757978487025,1.1992578636322233,train,strong_pi_positive
12880,0.6107307004694241,2.403828477881727,0.6549101634379968,1.6567616073842129,0.0,0.16996834765193514,0.29461782356247956,0.11062401664553406,0.10983416161499157,0.3149556505250597,287.1121270778879,288.62643383612277,289.8743813580846,291.6869555335436,293.8112080994801,1.397273618350577,1.6423579148540672,1.5427559068367396,1.6098305712118266,1.4683459466129256,train,strong_pi_positive
12881,0.3397744014795177,2.1771010287763843,0.5313802585252022,1.6675330510250248,0.0,0.2602547604116905,0.22835033565160523,0.18168859236690293,0.045670665253346995,0.28403564631645434,287.06856462951,288.3507741290781,289.672433820476,291.30703115807023,292.975014659991,1.31479206206207,1.2166801063439194,1.4618268506433423,1.3864683094326073,1.5352734326363127,train,strong_pi_positive
12882,0.5206705170111253,2.0672000757438314,0.6170396850316093,1.2932277563596573,0.0,0.41135767653592253,0.09837556037112129,0.14146921127409995,0.173597456693194,0.17520009512566223,286.72781932075935,288.4035762481167,289.82570888212155,290.75690556161885,293.13568434344916,1.6772724870333464,1.5380860763708097,1.6634452312591734,1.572962529805569,1.6219570531403726,train,strong_pi_positive
12883,0.1428078224650077,2.4888504927470625,0.10712232459533899,1.4764966573174867,0.0,0.6885077951920732,0.0,0.07563020262607931,0.0007460609846298417,0.23511594119721768,287.48615410915886,288.7284295983753,290.28296692769,291.7170351595139,293.7112467312793,1.2341688172454093,1.4457485429963952,1.1014993434001403,1.3258101899261574,1.3257780608438319,train,strong_pi_positive
12884,0.19512318820715463,2.138120223437384,0.3167395459853323,1.5048768647371742,0.0,0.6205180067731056,0.11199198806996785,0.05739855990065018,0.05867449900735714,0.1514169462489193,286.90596669130554,288.40889845987175,289.8521673955558,291.0053714164182,293.3630018988506,1.6260783992878338,1.598804591569784,1.563352917384814,1.4425083774271146,1.7150503496748382,train,strong_pi_positive
12885,0.8844370937764721,2.371757005240232,1.1856931147636924,1.2211552205442522,0.0,0.015958708128811734,0.1865650963593639,0.275711406510304,0.34670830594701224,0.17505648305450808,287.26494211636543,288.9933224685337,290.27411792139065,291.65031533915925,293.08442853319826,0.9952984403460765,0.9436247696005826,0.9356820665210369,1.1605741906109641,1.0631418760225027,train,strong_pi_positive
12886,0.696903909600662,1.8190739793957804,0.9430071126442922,1.2051762285809873,0.0,0.1361980917968138,0.3872146466479757,0.05516253211438394,0.23531496694096626,0.18610976249986036,286.58849917221477,287.8662336922263,289.65609810672015,291.05658646692734,292.60799240962723,1.327193042916415,1.322086151132403,1.3376606632070613,1.399509668925385,1.4276658967376556,train,strong_pi_positive
12887,0.17241068751882926,2.483901960152243,0.09380169144879236,1.5935015040650975,0.0,0.7250935277421837,0.025338069950051487,0.018872794702266847,0.009795413398237019,0.22090019420726098,287.2806646511306,288.75289706360866,290.5252606708188,291.45682670106294,293.8619488106547,0.8489823965644183,0.9654912119405286,1.0588974267456277,1.0428070726208027,0.9718062283669721,train,strong_pi_positive
12888,0.05405761566818781,1.851219846070972,0.46187754576250667,1.3062351178344518,0.0,0.19124167244984674,0.3947261531973859,0.0013766543996099683,0.017887369082755383,0.39476815087040207,286.60617285092303,287.9115151099489,289.415017636254,290.8616866316608,293.20314850026995,1.111479581092747,0.9449067540984756,1.0307556607926958,1.103018653829464,1.0034594562951378,validation,strong_pi_positive
12889,0.2547721340424424,2.289007528554069,0.2855511538047854,1.676787399289759,0.0,0.35249532968230846,0.0,0.20742570556542336,0.02406272411968102,0.4160162406325873,287.193767672661,288.6479080703496,289.7737452500824,291.2949746295283,293.2820159160492,1.548287256129835,1.5058471974191532,1.4717213966782796,1.5150524415591227,1.9644687745263825,train,strong_pi_positive
12890,0.8414199081922488,1.54862495244039,0.9564977026505105,1.4256810520449563,0.0,0.008862820053937863,0.32762393983092686,0.4051540118694234,0.09685987547508008,0.16149935277063177,286.27692967919614,287.7427005118428,288.9368586107442,290.5007529053646,292.548871701659,0.9144809845242,0.943563994932891,0.9483290194510964,0.9329980114759067,1.078629426442384,train,strong_pi_positive
12891,0.19854572100394186,1.5848896902175396,0.5202352698726002,1.2907789820674058,0.0,0.33221989876235963,0.40802796610103054,0.00894490390084639,0.03663119993536158,0.21417603130040175,286.49068328893395,287.94668896272145,289.5284100884623,290.5270986731721,293.0865107874411,1.6823690298375076,1.287815101220065,1.6012180343375546,1.5167810528231018,1.433957756159528,validation,strong_pi_positive
12892,0.9543488805979561,1.9648882903884317,1.0544147516574693,1.1658846697280194,0.0,0.044352755043248704,0.5262714711543724,0.0,0.2490716402515484,0.18030413355083047,286.80064342474196,288.2869452024596,289.6437969726174,291.0188369721802,293.09054920847063,1.4208446924392157,1.403531018731526,1.4289543719809168,1.3187582200537136,1.3037604171669437,train,strong_pi_positive
12893,0.1491213517031128,1.5056487209195972,0.3996073397346141,1.3091794779902333,0.0,0.39720373143015303,0.17163756946076364,0.16320453634744667,0.0173826169632019,0.25057154579843477,286.4294784284557,287.82688758444084,289.099472367436,290.4179048964691,292.75620846276036,1.3461126694574268,1.2601405752885273,1.353940686005658,1.5778815104402821,1.475566881441862,train,strong_pi_positive
12894,0.45436781790227976,2.1442986904582035,0.8900283363781006,1.2998956440424785,0.0,0.032811242796015244,0.44693897302468943,0.25268679705754915,0.08020128314793101,0.18736170397381507,286.98074081086844,288.42168036316946,289.9803556527263,291.1726426962868,293.1511132061877,1.214521160967992,1.1509871883469474,0.9518809361175005,1.0152908121210966,1.1150187253800852,train,strong_pi_positive
12895,0.6421320722731194,1.6160104454408577,0.5780737531820848,1.315556284174429,0.0,0.11695007551948837,0.0,0.3034309560091156,0.12232139858648454,0.45729756988491155,286.50287166411914,288.0083153106923,289.31231662503893,290.71347617861403,292.67412317298255,1.6815826271649439,1.4988712346536828,1.4970084753459159,1.422979683879631,1.4332615219014664,train,strong_pi_positive
12896,0.4666517005043617,1.863798819787779,0.5581231054940385,1.1710606223634854,0.0,0.4068777870571446,0.19571928374891698,0.0,0.16620191087256078,0.23120101832137765,286.48712945661725,288.01102893083225,289.4572958261459,290.6492741548939,293.067268340116,1.3432473702959016,1.2364790645920485,1.3187227121498286,1.299758236984632,1.2105836201204072,test,strong_pi_positive
12897,0.1179272895770231,1.6017074174988721,0.6775369897230707,1.6728756796264284,0.0,0.1791828338136521,0.13371439909330468,0.0,0.25691129531488305,0.43019147177816014,286.4355385887986,287.69276551561575,289.3972436100505,290.52201211563687,292.5648021680223,1.534926262163175,1.5637037971748189,1.8305631944387442,1.5930756276357334,1.2999132175896804,train,strong_pi_positive
12898,0.3305430607961723,2.141032623026527,0.5638525275393493,1.2905724185051213,0.0,0.5406608698538479,0.016891440515829848,0.03331492156598248,0.2418230827287685,0.1673096853355714,287.0461465092973,288.5163304694473,289.8308326192938,291.2277734878497,293.5183456440269,1.1963081390038957,1.3817911691154148,1.1944493176302875,1.058881391582398,1.277972935781353,validation,strong_pi_positive
12899,0.19009332524565392,1.948470102391613,0.12623875738125992,1.5716401703317193,0.0,0.6859474597256915,0.022564265907923486,0.004030030136479754,0.03482223066842834,0.25263601356147686,286.87872198997985,288.1707233229042,289.77696163040076,290.81240656809047,293.02563785139,1.5659455451291442,1.4552248946705078,1.4422644979477952,1.3742236263236602,1.3877799080440794,test,strong_pi_positive
12900,0.4674353193465792,1.9039095527484542,0.5440691843455412,1.7190791739106577,0.0,0.3528728893771415,0.14051984362933118,0.3297563438560389,0.021896498430085544,0.15495442470740292,286.61662491268055,288.4317727223067,289.9496972979191,290.8441466755516,293.34956228056564,1.2190000958416267,1.4445643612560308,1.056404315567097,1.4978832884154252,1.1971617539015087,train,strong_pi_positive
12901,0.39953283040457277,2.3916753493661855,0.466297065915933,1.4379294600615553,0.0,0.4205956550592874,0.14061351344560616,0.13020437537929136,0.08273958854551773,0.22584686757029726,287.15205655643103,288.249561238295,290.4736237046772,291.39660090407784,293.5530858920787,0.9561883049664559,1.1530959412403683,0.7996754359418595,0.9502158546856905,0.9611227225634611,validation,strong_pi_positive
12902,0.22526824962377012,2.3069683477257965,0.2827827263993121,1.161576228560475,0.0,0.5722599490062631,0.10403617219920303,0.08574447306591314,0.03150104056709798,0.2064583651615228,287.1318868406567,288.2927088331988,290.05195800585494,291.5122726006762,293.52545003063307,1.145256170783129,1.1483005126833035,1.1611029956431076,1.0272455353780676,1.0543985198297094,test,strong_pi_positive
12903,0.3209659177009523,2.3543330044544977,0.2746913563150528,1.5058372871521573,0.0,0.5406763579470041,0.18637024376887498,0.058321112546177827,0.0,0.21463228573794318,287.1798955224506,288.555741026439,289.92493472555026,291.4360635522716,293.32737248988707,1.8156617826230401,1.6683465275942355,1.8363516497872812,1.5692523290750298,1.5272215904033306,validation,strong_pi_positive
12904,0.6584263751370413,2.071043031344163,0.43869325393090464,1.473350258079387,0.0,0.24339559300708244,0.3014818671243933,0.06869366494375755,0.019258860931376895,0.3671700139933899,286.96531994740394,288.1190168015511,289.76504340368854,291.0485681647406,293.2654322693599,1.773898444365349,2.0,1.6777008707353627,1.5020693783342909,1.6385837560715601,train,strong_pi_positive
12905,0.5951244963808235,1.7573773209941916,0.45584079914617226,1.4803754573160468,0.0,0.22295374463794734,0.11623974935655107,0.06218137362712127,0.12370983808124995,0.47491529429713025,286.54613450019485,288.1508618315533,289.4452432127855,291.03307161417615,292.84787891620573,1.1045311905826192,1.2021247775319497,0.9944947727823183,1.1872098456191278,1.1637142272514902,test,strong_pi_positive
12906,0.2618475713914544,1.8962159126114009,0.18262545155608262,1.3765687692184458,0.0,0.2590850801069025,0.023652145434424218,0.1289733061216584,0.0,0.5882894683370148,286.828288020955,287.96382617881767,289.44933926373767,291.1721305628416,293.3906119616085,1.8729482758698675,1.2280237485978651,1.6276324940108189,1.380531493354816,1.5401412378982078,train,strong_pi_positive
12907,0.640460544839992,1.6287689428636036,1.0952288879327776,1.1482758573762688,0.0,0.05058318545222338,0.28510413770007487,0.03466404651391267,0.37273035185939507,0.2569182784743939,286.4721677574174,287.4877505107155,289.26802678984933,290.6041620835648,292.9035873934556,1.3277644119281793,1.2754806103453316,1.4370749178641653,1.6487923137858789,1.2405310999884107,train,strong_pi_positive
12908,0.8253399110961986,1.64558596636471,0.7721339708881756,1.590839063941908,0.0,0.21452323748371283,0.36288809321771515,0.08044773291350153,0.1493990723784795,0.19274186400659096,286.43196943268555,287.6166025237981,289.41778904377145,290.95829175367163,293.4061794582387,1.277253880498053,1.0739390868772538,1.3196906033975346,1.2099705877038458,1.4574277614627862,train,strong_pi_positive
12909,0.3414347506376053,2.4848453424612558,0.24554337210428948,1.7308792267976552,0.0,0.5539545416422578,0.026033939434275406,0.08589265508136748,0.0518083887943233,0.282310475047776,287.3614528333228,288.7999986957671,290.161336235152,291.5371576251381,293.51799021367606,1.5164285964980417,1.8622854835634841,1.2268685696532704,1.9002004349390405,1.830237071974822,validation,strong_pi_positive
12910,0.5444879865890184,1.586417980472063,0.7785503043941585,1.1597115778631641,0.0,0.09212140151640903,0.5186598625120505,0.0,0.11494522094105396,0.27427351503048647,286.34131286447393,287.748910044567,289.4098167610091,290.3939144423423,292.8270115242636,1.0988199194098491,1.0310167198103863,0.9572669859126829,0.8368471762873758,0.9506060165110006,validation,strong_pi_positive
12911,0.6044969241809234,1.5517125867629518,0.7731781006398328,1.5099804929053064,0.0,0.23757199587582625,0.32744384660382936,0.10964209491880196,0.15304607955860078,0.17229598304294177,286.33852731572154,287.63175444456556,289.49457386690625,290.5042957171261,292.28280077716954,1.2868434117930596,1.135264559644512,1.199511672470973,1.280576707198313,1.263218072894533,validation,strong_pi_positive
12912,0.40547412270675554,2.333493745295953,0.5910116349634735,1.7442171856937083,0.0,0.133257695701614,0.3398130954318545,0.14550851337327697,0.037845013079171014,0.34357568241408354,286.99917323307915,288.5912902878102,290.19594059266115,291.788245571087,293.58623333021,1.322166260625895,1.3059760327280112,1.4308743960603674,1.4666257564831306,1.225189206805821,train,strong_pi_positive
12913,0.43255827156668136,2.4925691207309875,0.682550591311217,1.693621560388903,0.0,0.08682160969671619,0.40418602350862726,0.13111768495904919,0.0586234414217703,0.31925124041383696,287.3217185092076,288.40198190345825,290.0181977476993,291.3539308901738,293.4674124579206,1.3894711606691477,1.4031322298549578,1.4278470889715094,1.0418970310296245,1.5660182601819095,train,strong_pi_positive
12914,0.6001817615467574,1.5261040796627316,0.2643539570970178,1.2050893295312546,0.0,0.5321564235666921,0.04269787771732824,0.0,0.09582803968984478,0.3293176590261348,286.2756586714669,287.88064128948196,288.94398802929646,290.15905001014437,293.06316871953,1.2480085408752608,1.235287060777378,1.2180831832162906,1.2102265782887727,1.2624370794677091,train,strong_pi_positive
12915,0.5804916198636862,1.735361147247704,0.8444564949736967,1.4398542111088635,0.0,0.12488323182661856,0.43197497669717144,0.043470167256899825,0.16950567550981271,0.2301659487094973,286.4129467685549,288.0552092694423,289.29805367824355,291.0016020665431,293.0977092969292,1.1378131810221292,1.0150007116905229,1.0789462468496014,1.1227560127712322,0.9766930336200261,train,strong_pi_positive
12916,0.0786792129652702,1.5922575464551967,0.10128551444715007,1.1704291611196127,0.0,0.7386403063923733,0.061373109235376,0.0,0.0049562026058870366,0.19503038176636378,286.3229794383484,287.6509536560684,289.2871287936775,290.6769211238129,293.5387912460588,1.4253097906061354,1.3934734682229104,1.5015815908219052,1.4363143683538533,1.3683392085549706,train,strong_pi_positive
12917,0.08076265442769527,1.9859621507790357,0.06045022946965013,1.6802021771108726,0.0,0.7684495208538854,0.024841822572942804,0.0011477248985357262,0.0022303409990858027,0.20333059067555032,286.73166539853077,288.10123107047065,289.2699765761224,291.2620640112379,292.772802219759,1.3718651653517264,1.4566608788861997,1.4273657743998822,1.2142284969273012,1.3677654827033898,test,strong_pi_positive
12918,0.2177135020205122,1.9287288848144457,0.5461573675414138,1.4312802687105628,0.0,0.3127006616055977,0.35053730533360555,0.13963356908912283,0.012993246559342683,0.1841352174123313,286.92575876118167,288.0316592207114,289.55600682881095,291.1556144120464,293.01844127961203,1.0433539111299952,1.2210249052035342,0.9621010091917704,1.0572888332033583,0.9151705785834977,train,strong_pi_positive
12919,0.2399780921847508,1.6661521833228545,0.2232377984324736,1.645123913591517,0.0,0.6598009666483836,0.03478749065738193,0.05331085313099311,0.05256972732204927,0.19953096224119193,286.4637907671424,287.86217060819047,289.37677618511145,290.6943077525907,292.9267530672605,1.3841054831122817,1.0174305506141363,1.297019265881916,1.2997335422410852,1.3687935709212298,train,strong_pi_positive
12920,0.09525249912471305,2.3634347804522156,0.061846784745387975,1.5497120204811836,0.0,0.7894262122907459,0.0,0.01588994083353334,0.007978421955927314,0.18670542491979358,287.06875413699925,288.74376780160566,290.0528622138867,291.6410604999984,293.38511797013956,1.1249029578764473,1.1072263485639156,1.0983986903749428,1.2619701815619953,1.0156994525168959,train,strong_pi_positive
12921,0.40719335078764723,1.9900580357058248,0.7083227597611832,1.2677269712087926,0.0,0.1842803597460112,0.20081606587833808,0.21948565083815114,0.12901052152234702,0.26640740201515256,286.82060988307916,288.47460559106145,289.63355141273496,290.9117359622964,292.9608525145084,1.1533467189234494,1.314030365138972,1.1166761538704506,1.2781825176075583,1.4365336601430843,train,strong_pi_positive
12922,0.6911386659862623,2.1080740116187826,0.6615606783767446,1.3680433203860456,0.0,0.13000957470793215,0.0,0.5649076901950429,0.03332649409085081,0.271756241006174,286.90545529038496,288.3078369455705,289.9325609007881,291.30435968055554,293.9416293403512,1.3825409785288723,1.4979685355911805,1.3605589077155953,1.6333112284111249,1.4305582459280919,train,strong_pi_positive
12923,0.19094167117182131,1.9729760566437688,0.6005979655233485,1.4808053996021138,0.0,0.21714068033067443,0.4467864288788242,0.12381153664452434,0.0,0.21226135414597708,286.74461627574783,288.32585987645234,289.7268392805408,291.28301201088055,293.4103058930657,1.2262988691070742,0.9876785733050969,0.8504424459188086,1.057868882231825,1.0329836332130526,train,strong_pi_positive
12924,0.8340897875409073,1.5035262122143718,0.7314153814013356,1.6205163265622975,0.0,0.2541480812910588,0.1014463245370943,0.0,0.29998452843212065,0.34442106573972636,286.4314707208301,287.8969608731202,288.99259273118724,290.43870454531407,292.5299067800989,1.2463440216825892,1.3427573308232255,1.2315065530614768,1.2328431839237692,1.287052849761984,train,strong_pi_positive
12925,0.29377600100537327,1.5998642566829653,0.5454497078058432,1.1098214281131422,0.0,0.4162571318270739,0.11528956359142266,0.21140761644795353,0.09437626388323353,0.16266942425031633,286.45130576264035,287.8851164444022,289.177361068519,290.6456346701812,293.05088270276354,1.0047278533545119,0.9973040164721131,1.0904638481226192,1.1814738351885248,1.172588984654925,train,strong_pi_positive
12926,0.05512525197126679,2.369805204946688,0.2542682514394475,1.2162349216280117,0.0,0.5049931846702568,0.2158495920490313,0.003578437666700237,0.002420110861857973,0.2731586747521535,287.22574445548554,288.6340889424362,289.95849094601755,291.40922101297446,293.5039685629927,1.7365343409275538,1.5571068197900826,1.6530599124295917,1.8210518039809291,1.508667734408379,train,strong_pi_positive
12927,0.2887862932294829,1.6876328630956818,0.5771656520307633,1.5241828323470012,0.0,0.31719773550566527,0.2732450382899007,0.19580355435198468,0.03905852969443899,0.1746951421580105,286.4647126224805,288.14223251173297,289.5749902093008,290.73751220191684,293.259621718481,1.1414741617279733,1.2284063965217011,1.4195772471822876,1.234388179561966,1.2990306679425514,train,strong_pi_positive
12928,0.4584743602982454,2.1462425807890146,0.8634898279312813,1.5202648503321972,0.0,0.277030041569707,0.06550839331969976,0.21511943514304954,0.276430999734266,0.16591113023327778,286.8905998388771,288.46860879574433,289.77985864258545,291.4229219685814,293.70789286576945,1.2383930599915725,1.331453965100631,1.2464754395577045,1.555363682268673,1.41285358576851,train,strong_pi_positive
12929,0.30363356912613043,1.7586065557942847,0.13765859135607367,1.5526694938954102,0.0,0.6281849806694673,0.07803766289657806,0.02962092845949561,0.0,0.26415642797445904,286.5068375492833,287.9667931152027,289.5217778171677,290.68458027845753,293.03571444243323,0.9074967513068108,1.0001932199954293,1.0214047294109188,0.9932585421235837,1.142094189130983,train,strong_pi_positive
12930,0.045926080053406836,2.1538638477562757,0.47972359722231067,1.5979046152497949,0.0,0.5363848132332443,0.0,0.06138499103516489,0.1941693030935729,0.208060892638018,287.1398358320094,288.43926996734933,289.9901601284596,291.10950112005105,293.3660045969268,0.9230947429896588,0.9349150605423947,0.8910656341659879,1.048966835335072,0.9581022542228903,train,strong_pi_positive
12931,0.2814650575586509,1.5698203442502976,0.5995812016625149,1.1419651434558555,0.0,0.23073809756279495,0.06413909739413698,0.36426501538954414,0.07058854443941691,0.27026924521410695,286.52728577402263,288.13562393404663,289.3991402457725,290.8453839822174,292.91550962580163,1.0147529248260652,1.3490121329753313,1.1262792089020008,1.2839585717122526,1.2944182612147623,validation,strong_pi_positive
12932,0.5737068154034338,2.2951660266274647,0.9397425648009926,1.239245850754736,0.0,0.26968507209789955,0.04552773156248111,0.06505337276952408,0.3995807302344937,0.2201530933356015,287.19376215197644,288.5340881469509,290.28715723147303,291.2794895941916,293.7164774328276,1.1481479949965763,1.3850527871507867,1.438729108783994,1.5040547017114374,1.454101103172612,train,strong_pi_positive
12933,0.4842419814265489,2.132308793114942,1.2,1.4231949635583854,0.0,0.019887054746640414,0.15612777971046277,0.07062503897738681,0.5609265819854462,0.19243354458006365,287.11469247745157,288.2294830063433,290.10789049753475,291.176306276081,293.2510975394272,1.1374067946272552,1.1712896705145426,0.9813667559507667,1.0511007330297273,1.0328718194785564,train,strong_pi_positive
12934,0.2158522284744449,2.167828186307641,0.2553827023356719,1.1106166657029466,0.0,0.6425637723182622,0.11906144336635638,0.00140472515970095,0.05245826690480728,0.1845117922508732,286.8706044377798,288.5202535481252,289.94533381048524,291.1137099007576,293.0742073317355,1.3253084326631837,0.8968707356155312,1.20510615665131,1.0380112158924601,1.212790793069516,train,strong_pi_positive
12935,0.2705068148753414,2.1631299198839797,0.4301008846723384,1.1992494407143746,0.0,0.37145966585740475,0.24402590160301693,0.12998911180031658,0.013042935634502454,0.24148238510475947,286.98756173367815,288.2340653603459,290.14268923992137,291.10322125331504,293.5437762987308,1.4080826728237263,1.7015270214821534,1.3579991279196135,1.4176494773071087,1.164210418934082,train,strong_pi_positive
12936,0.3602890427566309,1.6428743241854558,0.25249473771372605,1.4106668333826822,0.0,0.6471191216461463,0.057813765546587785,0.006184483709720663,0.0792482442287088,0.20963438486883648,286.39925663184755,287.75608623498147,289.46401746186075,290.7189548264374,292.69224118617973,1.1724955062885531,1.395265486543573,1.4254322781328013,1.121082014234736,1.3094516124239592,train,strong_pi_positive
12937,0.8247961577897794,1.6130285505542865,1.2,1.338245742008795,0.0,0.09098109870234819,0.0,0.15783590831356029,0.5946943209866792,0.15648867199741243,286.3815944882996,287.9573620627113,289.1479021862928,290.61887499056496,293.0080747252242,1.0007016485979952,0.966992130231843,1.2068543660557745,1.0834630448592009,1.105232273260269,validation,strong_pi_positive
12938,0.27851195027290315,2.2661523587354413,0.21302124504270206,1.3172922998707912,0.0,0.6434247237000296,0.1220153995577605,0.04617288490631241,0.00741648028931457,0.180970511546583,287.1112945013629,288.4326645657581,289.67159266241697,291.2942638108627,293.4299010389602,0.9175066307411687,1.0399649592583546,1.0613426424179169,1.0275109337900123,1.124642897507141,train,strong_pi_positive
12939,0.6539820350179203,1.9566871019433116,1.2,1.1637138849734994,0.0,0.0574901363060897,0.19207672445249047,0.07054164804815687,0.5118473627617124,0.1680441284315506,286.748407907501,288.08423449853944,289.7145759076284,290.89034207562634,292.70692154181535,1.2981452754336118,1.3169727562318445,1.4748085305810408,1.479777715298725,1.3781606922377465,validation,strong_pi_positive
12940,0.303754612886218,1.881060023152782,0.19224564294275842,1.6383003556445246,0.0,0.690159926124384,0.05324188774927222,0.05938626259380225,0.024808746299841977,0.17240317723269952,286.6237609393366,288.14199056369637,289.5652470815431,290.7769411114148,292.8338521096919,1.1991088849610878,1.406215601294646,1.4502197813223483,1.4878908406312854,1.3105984676531433,test,strong_pi_positive
12941,0.6566485493186317,1.66550341543372,0.7496897203133439,1.648060579261633,0.0,0.32753208691281316,0.20667444722558606,0.02881128402484077,0.24210199453145853,0.19488018730530163,286.38289777857227,287.6970099477042,289.2210985349448,290.71901474522275,293.2904488926906,1.267776353615465,1.1693460631347266,1.2161867604274978,1.12652708347903,1.1510168634628524,train,strong_pi_positive
12942,0.054720325812078446,2.095770871518545,0.06114632171034945,1.165510604925281,0.0,0.5487686791504479,0.0,0.004876051524247564,0.013135135093050946,0.4332201342322534,286.9415701584939,288.56760033180115,289.88965745196225,291.3083079375101,293.3705056026573,1.2734397563733861,0.9925069145632232,1.1344225943844721,1.1136636464020535,1.0242460783700988,train,strong_pi_positive
12943,0.12634625364530747,1.92255310038491,0.287281656505535,1.5922143923974603,0.0,0.5551484241303432,0.13976956128776924,0.03000486357634971,0.04375361582070803,0.23132353518483004,286.8965495060624,288.2110931451146,289.64690795372314,290.8724948956361,293.1913388898896,1.1851899894071058,1.1065555142132804,1.1989478628554293,1.1787612759570596,1.3330742869675958,train,strong_pi_positive
12944,0.6147713092800661,1.5014970598929978,0.8947300239496067,1.216218489123927,0.0,0.1172824208863482,0.5627919316601777,0.0,0.15096904614471446,0.16895660130875978,286.1937680194138,287.7129152438541,289.11267970403185,290.35873666828047,292.556360950269,1.2120455089803337,1.1979563627014342,1.3239718062941128,1.2302777933345381,1.2227878821971674,train,strong_pi_positive
12945,0.3405792600187683,1.872574950486202,0.4851943334021124,1.4972651482191397,0.0,0.45956638075345735,0.0,0.16648471695862088,0.14435480822174576,0.22959409406617606,286.61837931579726,288.22054023466495,289.7553698592239,290.94061880889325,293.0853039956939,1.1250987439105977,1.1152848493399254,1.0634998338789015,0.929418002576014,1.1140234008490846,test,strong_pi_positive
12946,0.5630460619066221,2.4488990587775743,0.1651980520551678,1.1905009270547284,0.0,0.606102781944589,0.0,0.1280907886278137,0.0035536317136770443,0.2622527977139203,287.23599933304354,288.61691897669897,290.34475521173164,291.79793494898627,294.0327697115505,1.6283548622648982,1.5906175047757496,1.5045056621621962,1.530796759561034,1.417935476977124,train,strong_pi_positive
12947,0.5584900970043983,2.4788012093052623,0.7398938774580434,1.409617089000201,0.0,0.29184338321515263,0.0,0.27302692118174515,0.21843347813814912,0.21669621746495307,287.3389486110195,288.6452689169345,290.2917684775708,291.6298714934555,293.944592313671,1.330163477452736,1.2941845450355687,1.634492824312752,1.5556227497925585,1.490926080608589,train,strong_pi_positive
12948,0.19975269161978285,1.6572325443842897,0.44133815399956383,1.4999849407278054,0.0,0.4441068463081673,0.05623764970724032,0.20936854289227302,0.07286598070002523,0.21742098039229393,286.2431142137883,288.37871240479217,289.3450816114112,291.10077593209604,292.85536682836425,1.1675531216581874,0.84131571122095,1.0748445325592384,0.859480875746142,0.9759309178202049,train,strong_pi_positive
12949,0.2458475766643519,2.0449174371029075,0.5494375865776443,1.7366925217682072,0.0,0.47170829345352816,0.1437298578051634,0.05483403226660154,0.1604368482529397,0.1692909682217671,286.8644407392157,288.5307028785969,289.59403777488245,291.3512002831927,293.3843933887187,1.2167403123562688,1.2233387237878088,0.9451578207339736,1.2011858625867542,1.293190780678145,train,strong_pi_positive
12950,0.2797415089145131,1.8968027608150955,0.5187178693345944,1.555584792565995,0.0,0.22572229984655176,0.12704128313643007,0.02039644322791474,0.17064007148512478,0.45619990230397867,286.7702022032779,287.92777553445563,289.6886968645267,290.6665240404175,293.2261331277259,1.0545521930516615,0.9698833543992184,0.897617467184805,1.1909827024928457,1.1865097297489664,test,strong_pi_positive
12951,0.6207627534613981,1.994887100529338,0.3765389624752818,1.5368866056147055,0.0,0.47302184521271673,0.12569960540482183,0.19490301075463592,0.012968173157912011,0.19340736546991352,286.9183746165622,287.9956133648897,289.83471640018394,291.25407274689337,293.12016473905993,1.1446564967249906,1.6547378287250978,1.4221525649445836,1.2428580903986384,1.3306333701845845,train,strong_pi_positive
12952,0.09126547158000638,1.5475963712622343,0.12848206038277893,1.384159095733934,0.0,0.31750212155975194,0.08354510719444193,0.01409040043960324,0.0004232763743668833,0.584439094431836,286.53698684006105,287.8329224981011,289.2571412890052,290.62474625455985,292.6948099020241,1.3156546135940639,1.1235265180451632,1.453774675631606,1.1610390036668117,1.2091824655584091,test,strong_pi_positive
12953,0.39800149415456837,1.716165273599692,0.38000224776062375,1.2228445749535026,0.0,0.48988609257851895,0.0,0.0773540268084731,0.13632411047607532,0.2964357701369326,286.5529042541479,288.06670908169656,289.04176493884677,290.91966627107826,292.5974145830473,0.8386798571274268,1.0052957871401973,0.7,0.9172318198507993,0.9249919242655983,train,strong_pi_positive
12954,0.29537453247746837,1.5618017738088485,0.49466731279931553,1.5782689246335961,0.0,0.3253950571979162,0.23840351193331785,0.085001182921722,0.07063130897213786,0.2805689389749061,286.3635954839161,287.84450348934257,289.0291542818454,290.49120183935116,292.54363244338316,1.7381481901561526,1.497834894336557,1.5373417188020586,1.6606531768678965,1.467248789741,train,strong_pi_positive
12955,0.5086737288743371,1.5241890183275415,0.4779060525080415,1.6414107255354033,0.0,0.35757550647415615,0.035708505246838246,0.4121975472612033,0.0,0.19451844101780225,286.41864348652973,287.529141010517,289.0777097313336,290.58361739570586,292.95527889244386,1.127720617891489,1.0606683685993148,1.319138890402418,0.8854056556747364,1.236999044295764,validation,strong_pi_positive
12956,0.5044757856201928,1.6953715157433638,0.6393736767745415,1.284156012759639,0.0,0.28565741354389446,0.4216643448212221,0.04246428015484959,0.07262252589923489,0.17759143558079898,286.60584964280616,287.83781289942215,289.3095149237396,290.8701500765507,292.87253492568914,1.3990528267079674,1.4423567573155986,1.2173809895505299,1.0687167099277437,1.4110848792085975,train,strong_pi_positive
12957,0.6783546760059604,2.2327049417612392,0.5906301843234224,1.2339098387613079,0.0,0.23665923959408747,0.26524346690649625,0.2953867174169261,0.0,0.2027105760824902,287.10779830781007,288.4622609348213,289.69306179309325,291.6338685688252,292.9184262157769,1.4086212933514812,1.5270475808438337,1.5013127868863463,1.2997341782120202,1.451110017024475,train,strong_pi_positive
12958,0.21933492503002044,1.910839583917264,0.3787311209977861,1.7277606772500171,0.0,0.4461035734991586,0.06655211160625789,0.2778284447941931,0.002175282298667562,0.20734058780172288,286.63203134757924,288.12462152446506,289.5066106434332,291.2022310440458,293.3418316172727,1.1608245887115567,1.0892851443853417,0.9525070794982338,1.2463379725425277,1.2782311132400155,validation,strong_pi_positive
12959,0.5404757655306354,1.6485089502337802,0.6469669487407136,1.4540658614361521,0.0,0.236358893118197,0.44845080374657126,0.0,0.08425807249707117,0.23093223063816065,286.4318536341436,287.9254053136622,289.2683168934839,290.7388384229021,292.98868976032855,1.2087046891367297,1.4375756483122777,1.4611129724927627,1.311436171264598,1.3960746041814136,validation,strong_pi_positive
12960,0.6630964573007134,1.604659679768642,0.8103817166066759,1.3690225997836811,0.0,0.11061353857047516,0.283369271575434,0.32896988549600154,0.08402127976762015,0.19302602459046905,286.35214089066255,288.03273639475424,289.41622827806384,290.5467151530587,292.89944036205355,0.9151283078299528,0.9496425857988801,1.1262948266226804,1.0932542987748068,0.9547392428270738,train,strong_pi_positive
12961,0.5188409110816682,1.675586093478739,0.9338896412721058,1.4555099584671127,0.0,0.08453269627937653,0.3178934007234117,0.22135246287483054,0.18232188883693176,0.19389955128544942,286.63963533784283,287.8828655656836,289.79914085122107,290.52029867741555,292.9590753009817,1.3026202105167437,1.2889233109245146,1.5722166157471693,1.4402457226005867,1.4080793452534905,train,strong_pi_positive
12962,0.13186598205836036,1.585216076320764,0.44348881062805684,1.2079103024499458,0.0,0.17250937116879478,0.08470255372440329,0.30464622543544806,0.012070015734102744,0.4260718339372512,286.4270209978835,288.1066649580217,288.98785882824535,290.7111753550678,292.9581465396683,1.1924988625041726,1.5501710185266988,1.3864234016049848,1.3701880800904227,1.3313640896706562,train,strong_pi_positive
12963,0.22004581123436143,2.136273168415976,0.39481759938372063,1.2274921943945638,0.0,0.1971458871576423,0.2301109363791282,0.0,0.06735333150229621,0.5053898449609334,286.8051684496955,288.56905401394675,289.8788886175955,291.2309309240876,293.2468807623317,1.0914432939304697,1.4984107956677983,1.3907569440440588,1.5120590700487921,1.437314720558245,train,strong_pi_positive
12964,0.13118722801360397,2.006881796858957,0.29550561702808875,1.3778724273875986,0.0,0.6045534486667282,0.0015047267433845907,0.08341352820345821,0.09029368104062296,0.22023461534580602,286.71999267261344,288.08794762965283,289.7936915324905,290.736648313366,293.28533060963093,1.2235244710275583,1.3750196718607886,1.2848725242927124,1.0856873944421457,1.2628542970088594,validation,strong_pi_positive
12965,0.10108293490536462,2.330860341941413,0.16975517588048739,1.1579887632335193,0.0,0.645437108777186,0.10297068763792143,0.03678448824256597,0.0,0.2148077153423268,286.9330615315166,288.6516997539143,290.2166089460002,291.48646238555733,293.2371443680545,1.603729871106184,1.5845472563386198,1.3014121265134855,1.5076609683278377,1.7214811030058492,train,strong_pi_positive
12966,0.3084448853919354,2.247202946418361,0.7432518491978665,1.5804491187630272,0.0,0.31855499312237917,0.005547656043613805,0.33471134243256345,0.1864964253608446,0.154689583040599,287.0783504838447,288.5445717452009,289.7807327388721,291.69779188040775,293.4805330124406,1.5423792719922818,1.2567820503805494,1.3531476764459267,1.486192903400535,1.1718238078374783,train,strong_pi_positive
12967,0.05531793079276125,1.6544398945535348,0.08035478925775572,1.713217083256567,0.0,0.6760229867689457,0.05035274009838405,2.0491593716606682e-06,0.0,0.2736222239732988,286.49259977601645,287.9204414154057,289.36980224612313,290.71652425132487,292.75520745927,1.034629096818169,0.8046471825259096,1.0252297914370638,0.8095887098738811,0.967731572337752,validation,strong_pi_positive
12968,0.3394946853065326,2.1803765836481883,1.1413143743120797,1.572641616951632,0.0,0.13054043526502343,0.13454445043189972,0.11903642906293303,0.42886674740862346,0.1870119378315203,287.0917063765199,288.2577347611588,289.83959582861127,291.0606234927875,293.57393098873933,1.428438866751574,1.1509930236877999,1.3077975928811536,1.0281990007745694,1.1783426135033706,validation,strong_pi_positive
12969,0.5485246777929274,2.4779216532638206,0.3876910284634282,1.5930279303125023,0.0,0.47420044682931023,0.06906384318635743,0.10263837022481985,0.09299440752612544,0.26110293223338704,287.2806498446527,288.7835063303469,290.1946609052687,291.399137339763,293.7220014651014,1.6470159161858178,1.5691597791700937,1.6997195971604948,1.6377829404860438,1.6619944860829226,test,strong_pi_positive
12970,0.5789069556203064,1.8459764543126407,0.5786405051034941,1.5842039546730513,0.0,0.24030834041263016,0.0,0.37707184889752215,0.08578432810298596,0.29683548258686177,286.8044998226999,287.90237370680103,289.6614411724268,291.3246952702768,293.2352734885623,1.2831407264436778,1.5291578818238856,1.0213424086354466,1.3960635645366397,1.6374729140503588,validation,strong_pi_positive
12971,0.1678103644423808,1.7942360974419373,0.2311515326342564,1.3186194243177882,0.0,0.43073579638139003,0.2011506261193864,0.0,4.532574349957073e-07,0.36811312424178855,286.4003652912636,287.87129911892475,289.2506116927698,290.86674307381463,293.5235403287162,1.5911313978273856,1.2854848999246162,1.5611227418776341,1.521259063023258,1.3797974915695181,test,strong_pi_positive
12972,0.3080978013930053,1.591682164638172,0.16406266274543982,1.1786806798049205,0.0,0.5595853579136549,0.008819197038383686,0.08858976309027383,0.01832685130839115,0.3246788306492964,286.46112878020665,287.94861843077297,289.5392934501703,290.5324668817571,293.0450403052482,1.0537739303464984,0.9600563843645923,0.9114680281297901,0.9544183177866196,1.1682307831141154,train,strong_pi_positive
12973,0.17451082102936893,1.788543197296311,0.44798854661775,1.1455510234882826,0.0,0.3727170351278656,0.2127757743331397,0.1707043429233544,0.01725421468062792,0.22654863293501235,286.635361864386,287.86204052183956,289.48606503230144,290.88526617592805,292.8566172070059,1.6075832449329768,1.8948861937488182,1.5539482414637356,1.6879713483471837,1.5692756999884576,train,strong_pi_positive
12974,0.06730118863166268,2.38451583959277,0.6033773593875464,1.4074665699683606,0.0,0.24588292992870595,0.5612237539107424,0.005049554372078769,0.0035520255523625926,0.18429173623611037,287.348780104387,288.80996741152086,290.32672880490605,291.28997229061343,293.74624004652276,1.3789118245110827,0.9660111162453853,1.2883835159796773,1.3424349012419474,1.0896739954610897,test,strong_pi_positive
12975,0.38950402558623753,2.3676930086034935,0.7122304565407411,1.341187458024942,0.0,0.15100495626659782,0.4095467701767903,0.015004649173898623,0.1288395185950261,0.29560410578768725,287.02038555124017,288.6584333241498,290.2750367489796,291.22265457912016,293.4483198519026,1.144144361797693,1.2198699629616623,1.32776726167463,1.354430337546024,1.5122615138018414,train,strong_pi_positive
12976,0.2690147342928854,2.199912856847646,0.2662894730558829,1.6103054961731327,0.0,0.44397317935974334,0.18784010797315576,0.013353253862523203,0.017548055610101986,0.33728540319447564,287.19041390854,288.54362968865195,289.9022989628111,291.0750350624536,293.3765298040555,1.6263365390762181,1.4560267349284042,1.5027106938850654,1.2462071592764012,1.479240512963663,train,strong_pi_positive
12977,0.6075111780444755,1.646034348148817,0.5355608702333281,1.437087951270852,0.0,0.2224337815007504,0.25862547444820855,0.24693539578511958,0.0,0.27200534826592143,286.3464678146645,287.7238039339929,289.39663122526247,290.4652687182434,292.96372707404817,1.567163952221544,1.4943860368555681,1.5650569876954843,1.3341287484433166,1.9021989241882529,train,strong_pi_positive
12978,0.35908927206201174,1.501844460944565,0.2849718850316676,1.55074124574978,0.0,0.5838382429477391,0.06593455302310226,0.05312686772468257,0.0679552321419414,0.22914510416253456,286.2609081490414,287.7660542668208,289.4451172061409,290.6546063205342,292.7639546262982,1.3985032588570288,1.3326387619567863,1.3307760410513096,1.542360823579965,1.4561189687678473,train,strong_pi_positive
12979,0.4117147354148799,2.209710539659234,0.5379164453386253,1.369807759890353,0.0,0.2895708258351557,0.21307845324979086,0.29483799208883443,0.0,0.20251272882621915,286.9176141319675,288.58055347076066,289.9412219618173,291.0396909590283,293.2183673618261,1.2474250202570079,1.0575310845938424,1.0963275744950904,1.1440001706379883,1.1208020121993858,train,strong_pi_positive
12980,0.6004111123287144,2.4168337104632442,0.42162076541299687,1.699113883312916,0.0,0.3079289525832564,0.0,0.1156933377079917,0.13796371385250258,0.43841399585624935,287.1171219771905,288.68218929150277,290.11130221159,291.47389084865915,293.37673677994945,1.0380835384779417,1.0770887355361873,1.1406794219763097,1.0939010411398982,1.0601454308965694,train,strong_pi_positive
12981,0.05551530173881389,2.122539295914365,0.1923275797757752,1.7006028324891942,0.0,0.6827393537487727,0.09343222474101569,0.03551170798920077,0.016691823522779373,0.1716248899982315,286.9037872662989,287.9675603934953,289.9187414785616,290.85145552495345,293.2071224764115,0.7873660266894316,0.9913172311035879,0.8320695527897396,1.001279736856824,1.1181251841850106,train,strong_pi_positive
12982,0.1779832043291974,1.5855974694550063,0.35314407020548083,1.5018523712386769,0.0,0.4820753788267733,0.29265219487523086,0.008333799552424696,0.011079037888912622,0.20585958885665853,286.3448995761465,287.6653829946594,289.4051608262226,290.7641501424486,292.92120980728197,1.4231432415972611,1.2767934520396067,1.2589379619399077,1.1264948195640723,1.3364122802214042,train,strong_pi_positive
12983,0.3192879232448295,2.441736419762581,0.6750008288174392,1.1843085450612032,0.0,0.2205188775891151,0.3587268349579027,0.16734304215396184,0.05946547585278728,0.19394576944623318,287.1103855374474,288.6279805048453,290.1918708579413,291.6574050489064,293.6081022165262,1.4150473547196918,1.6418066701451424,1.4123167309847304,1.3354993131667996,1.44274521508482,train,strong_pi_positive
12984,0.22638153356549895,2.2469928388714044,0.3483132618745629,1.4358295507849614,0.0,0.5332463346580301,0.0,0.2721283603991175,0.023092450737722692,0.1715328542051297,287.06810878732387,288.34984049305586,289.8791012935746,291.2882641075501,293.375413579788,1.5052568432034148,1.4055552936276243,1.5292907996025482,1.3487803721803175,1.2396887179709222,train,strong_pi_positive
12985,0.37070151593789197,1.9194725663203953,0.8840493859513024,1.4903780090869934,0.0,0.12369335965042988,0.1109513929381043,0.48588715737604343,0.12860541781857737,0.15086267221684507,286.54949071053477,288.17613718582544,289.9760020520379,290.86617019402956,293.17535151036213,1.732866152755954,1.3611853021985156,1.6739384536462498,1.8667440984613082,1.6542989872923806,train,strong_pi_positive
12986,0.09695905756038728,1.6677702601046773,0.12478714410893846,1.1942367933136535,0.0,0.7099876652837952,0.05303209172915694,0.012200049283781343,0.014777501548000085,0.2100026921552666,286.5250961941115,287.75318262687307,289.68136855760963,290.78747310488404,292.9152441875675,1.771273683118382,1.57840787962633,1.901916027790551,1.7113710710192955,1.5322823945905613,validation,strong_pi_positive
12987,0.569907526273593,2.3254433276774824,0.5150126604985344,1.42443894753684,0.0,0.34414130812000215,0.3961377218535764,0.08887493864495814,0.0,0.17084603138146337,286.93979413992224,288.7947880637083,290.05605702140736,291.40681931293034,293.41420121659814,1.0530548166775084,1.5134805064411039,1.3785840557584224,1.4433331620480694,1.3781339947344369,test,strong_pi_positive
12988,0.5688056469477907,2.1283379734068,0.45789388590583663,1.113404476866288,0.0,0.534667774276766,0.0803037529484891,0.0,0.17379506647867377,0.211233406296071,286.9056801384137,288.59012709500644,290.0921271928357,291.2514417771307,293.32224079657254,1.6768575847465783,1.5246641136983843,1.6597670982393236,1.4782440113351754,1.648207816025162,train,strong_pi_positive
12989,0.4222158851958009,1.6108108415196924,0.9529334835954534,1.173967390892651,0.0,0.34066562631871267,0.0,0.059459375992201066,0.43173705380162614,0.16813794388746017,286.4910000782745,287.74567592435983,289.3233804729763,290.8712079053321,293.12041454978635,1.282665718879796,1.4715575016634281,1.410930606805839,1.4526000704533841,1.5384736817811047,validation,strong_pi_positive
12990,0.3333393778852813,1.7046085712613919,0.5004626324071635,1.4042769576323828,0.0,0.3826856054698508,0.28547297485352546,0.04429968620533009,0.07034498567415401,0.2171967477971396,286.4763708529737,287.7880941067631,289.6578801468288,290.78050766322855,292.8736362559563,1.4937986027071144,1.4949273901054385,1.3913998412852153,1.6171476761406378,1.6019642138225088,train,strong_pi_positive
12991,0.7830423835220226,1.5135974083891663,0.7359283238627756,1.5450547634970162,0.0,0.059571046000533694,0.44986619567043573,0.1072895943723501,0.07438626690999488,0.3088868970466857,286.4505216383924,287.6708026695881,289.3956757153517,290.58344948007914,292.7901187667579,1.8406831059750457,1.370028865139953,1.4571668310634267,1.3732122546176921,1.6921458965719418,test,strong_pi_positive
12992,0.41077855915715594,2.0033141996912653,0.504350704787065,1.5989273042625887,0.0,0.17446635874097366,0.35409652143287385,0.1202541833541911,0.0,0.35118293647196125,286.7290616567193,288.02810479969935,289.867185875299,291.0688053910888,293.7129883794176,0.9186313856888034,0.9140951641048216,1.0562892432015205,1.0381012577510853,1.0483605468815846,validation,strong_pi_positive
12993,0.08816688871488403,2.121128131204199,0.04730527867307128,1.5851373839069416,0.0,0.7240569205979176,0.011617879208830843,0.0011270540874595443,0.0022801726883904493,0.2609179734174015,287.0532965009263,288.6132341748714,289.7696436618456,291.10511197268823,293.32644299487566,1.4106672123763626,1.4463280640494827,1.4572877520300667,1.276771255369567,1.3518211121395625,test,strong_pi_positive
12994,0.4970091713028501,1.879554449755418,0.5163557608469269,1.6156603226696848,0.0,0.31648958782010095,0.22161559184757468,0.0,0.13237008449967613,0.3295247358326482,286.7103647957446,288.1269379529124,289.8218726145048,290.83927370793793,292.8786896573994,1.3474455609497453,1.1960719908773811,1.3124236688810533,1.2975321235396131,1.0703805700512938,test,strong_pi_positive
12995,0.21743493355677768,1.9490191683315587,0.44069348044733914,1.3331287607887505,0.0,0.3559257870298512,0.07414876174927816,0.14410579046422436,0.09621946411691833,0.32960019663972795,286.76898801190276,288.18913721470335,289.61889658690853,290.8707077045547,293.8466276228901,1.2219579187605105,0.938734185734477,1.0177267614027365,0.9640289931246236,0.9080733380685938,test,strong_pi_positive
12996,0.31637762642122563,1.5581701486104524,0.36380542193382925,1.2549296454951895,0.0,0.3744148244053694,0.2593381946490975,0.0680021401740765,0.0032325435553276355,0.29501229721612904,286.4246229173259,288.2160402663962,289.179957071115,290.51134180146585,292.56634366542613,0.9162816745034238,0.8914341106019182,0.9599245697944043,1.2112741923012067,0.9036415102090328,test,strong_pi_positive
12997,0.44074101861061177,1.7615933050528585,1.187630546643029,1.1725511075941455,0.0,0.15826482394779945,0.0,0.0722931935308844,0.5426686765560723,0.2267733059652438,286.63813728263085,288.1241868324948,289.7850908105249,290.8763792041951,292.97720213189916,1.495138997380977,1.6415763785025625,1.3850468078716283,1.7604575061158712,1.4687372780542105,train,strong_pi_positive
12998,0.6496622929303019,1.7040054013109711,0.32805793607762784,1.71039869731074,0.0,0.5156873109257923,0.17743860876871406,0.05440577429637547,0.03310677650626918,0.21936152950284893,286.3777580532257,287.892715757425,289.7095299026773,291.1343403742973,293.00046177017254,1.2070923537336948,1.4860788667315905,1.549595228187873,1.077578006808861,1.2302432993039998,validation,strong_pi_positive
12999,0.15433024077395477,2.090557363302062,0.33750264646876627,1.108267618749166,0.0,0.34390747943697075,0.04606967123486934,0.25192430154613105,0.004754336843882938,0.35334421093814605,286.8375287147811,288.21934623289354,289.72324805813173,291.3810464050046,292.7083306431833,1.574235814771044,1.4414449294853153,1.412900193884433,1.7264672303905446,1.789885197353285,validation,strong_pi_positive
13000,0.16560092916752847,2.0201121548491816,0.10536676118125425,1.5485439338679503,0.0,0.7715275582324397,0.019769537199849658,0.05501194027841278,0.0002926418514959037,0.15339832243780196,286.78804436780825,288.2501242410642,289.7874198711884,291.1798619435438,293.588136110876,1.4160111364892949,1.6011924231508572,1.3760165076477795,1.6668109910714546,1.471042527070464,validation,strong_pi_positive
13001,0.09594629194792946,2.207425738120429,0.15262319195109625,1.284214684842035,0.0,0.4549233710016158,0.011676505365737111,0.08182986275539281,0.014558411914983159,0.4370118489622712,286.9314048685611,288.39786706935706,289.94832938994205,291.0256421348062,293.5528952103941,1.3371089252168917,1.1725587151754315,1.141608042981688,1.1420582866046975,1.2563668683173486,train,strong_pi_positive
13002,0.4123374487253142,1.9611688683071642,0.84946343663159,1.478602777047246,0.0,0.2682605593346952,0.05086400438813806,0.25491216144210155,0.2568436354006752,0.16911963943438996,286.6931566389359,288.26551046545615,289.96647529059396,291.2934252047497,292.9494374914975,1.2448693124461891,1.28014524106924,1.4244385810994775,1.4671296345879035,1.2671632864638176,validation,strong_pi_positive
13003,0.37823798767786815,1.8826074966886712,0.8236354657081988,1.3923394847791386,0.0,0.21909574608238952,0.09982972032018012,0.1713656876582673,0.26122002886487566,0.2484888170742875,286.73016837945687,288.06948224454834,289.63663508385986,290.78202363972184,293.01407679189646,1.3494201423503458,1.1272928093402974,1.1814817754995142,1.0972851053303905,1.0371970248853788,train,strong_pi_positive
13004,0.9146350749001508,2.2354009104689365,0.913125374982348,1.2525227907171246,0.0,0.0008302185212878282,0.3164884993714781,0.3664651149680026,0.10008588032143369,0.2161302868177978,287.0891744051333,288.7523929606255,290.1879077854377,291.25011916889594,293.2493730362063,1.4570081728866928,1.584010936746905,1.775131678287178,1.2929498538976858,1.6079126939159774,train,strong_pi_positive
13005,0.429123895627427,2.0630039797700572,0.6630473078131824,1.1000284424793643,0.0,0.20641604651117565,0.5187911444939656,0.06604146922001942,0.024107347049598698,0.1846439927252406,286.8138297539722,288.5345190240357,289.92979719304964,291.1853777952837,293.17295176992496,1.0325871447584989,1.2732593676305817,1.0836225729287283,1.0890966579353025,1.188435099515727,train,strong_pi_positive
13006,0.8342512988953051,1.5745989096694135,0.5195013815702181,1.7127880024108957,0.0,0.028142525797588015,0.2182887887330995,0.2712125928371185,0.0,0.48235609263219403,286.3146085041131,287.96994394809553,289.28629973722667,290.3745144774812,293.102060335918,1.5026726377340593,1.7024424923554247,1.344222604890615,1.5409758969057255,1.4737123582447984,train,strong_pi_positive
13007,0.4218540259002189,2.401255760085086,0.7796863328925998,1.4651216031770986,0.0,0.2637912475926828,0.1985541476054887,0.0,0.2755660926435555,0.26208851215827306,287.1242719417972,288.38038438806586,290.16271358653677,291.7572634292458,293.3133041119459,1.461045159275956,1.2285711887948119,1.6952330502961475,1.5014441647106798,1.7845539325192386,train,strong_pi_positive
13008,0.2961850764210852,1.829703986676876,0.8285180882046235,1.2352620307985045,0.0,0.22891205379619067,0.3559735334286847,0.0,0.22127227738796942,0.19384213538715517,286.6405039472716,288.23269925040483,289.4568557753619,290.8180190011061,293.33198672297544,1.1355996571147666,1.1945941805166846,1.030216306151989,1.0959830858014736,1.27711261041163,train,strong_pi_positive
13009,0.5713772020131328,2.234380751517374,0.7559280358635891,1.573750624861343,0.0,0.25369833043089884,0.22166673718650043,0.19260979072658382,0.15582575397525242,0.17619938768076454,287.0100951978186,288.58733972320465,290.00573672404346,291.4375304424019,293.51471630996014,1.1750874241486673,1.180763762222721,1.1122903618133448,1.0919777961789212,1.174332351407445,train,strong_pi_positive
13010,0.20627139590631785,2.387761788162025,0.5083450193963793,1.2657002671349011,0.0,0.19967559785482877,0.3959723170466937,0.07703556225607734,0.0026685700468041425,0.3246479527955961,287.2335628121307,288.6281724257108,289.6574519699336,290.9500966458621,293.61381657930445,0.9291385586803723,1.1175191503090278,0.946834644950435,1.1535777538788319,0.8357667541339208,train,strong_pi_positive
13011,0.2426821592056514,2.0000802300211493,0.35141896846426307,1.448433135388572,0.0,0.596164268484329,0.04667405150942851,0.13910819910873606,0.06781835892304924,0.15023512197445715,286.6415260622147,287.96506339650284,289.88706900521123,291.0779276761073,293.38529921983155,1.056669952227115,1.0541780093254904,0.9505682696657793,0.9118810760042124,1.076798413423223,train,strong_pi_positive
13012,0.5409306697597908,2.3993746355365504,0.7246776611693732,1.1795646976234246,0.0,0.31602187174800483,0.0,0.028223246759298135,0.3332272072050375,0.3225276742876596,287.13687692709226,288.7901276392968,290.0852968941396,291.39128479680926,293.75676188788117,1.1243890495280182,1.0544797723812829,1.1154085635443067,1.1415881745084753,1.0717119946450249,train,strong_pi_positive
13013,0.7705981940402299,2.2840407452679505,0.9107963617287484,1.185487913078863,0.0,0.16653260811718934,0.06800392622159832,0.3913776658725218,0.21070738481731416,0.16337841497137626,286.8943497184901,288.85307253913226,290.16162451179764,291.46259636307406,293.25878538162857,1.6842187005511917,1.7136121078293822,1.6603717186242033,1.579927773747233,1.3915023566006857,train,strong_pi_positive
13014,0.4817575243399944,2.441295829208747,0.44741800987655117,1.645429872522605,0.0,0.4495468924758303,0.09198527928303855,0.27462022523041846,0.02540625268154708,0.15844135032916576,287.08505504180215,288.7556915305514,290.12718604798204,291.5765525711619,294.05803724882645,1.4079328030990714,1.6267075758894438,1.5609357128266008,1.7240655929351056,1.6945507474381536,train,strong_pi_positive
13015,0.2825403360905458,1.545230247238727,0.27121238488422217,1.4038255685757917,0.0,0.2645401745960529,0.18499500167910793,0.0,0.028108691602557134,0.5223561321222822,286.4220920990383,287.73716856162554,289.2125501495541,290.44181749827123,292.6244420231961,1.563466234545442,1.7332328670768622,1.3529181286324645,1.7479383021776165,1.406500418726433,test,strong_pi_positive
13016,0.3623126697010059,1.8608399180981192,0.49643271930080124,1.726164287384998,0.0,0.32220188211613343,0.3071861518719626,0.14487514112139643,0.007185713153721132,0.21855111173678657,286.58030977414825,288.26972484612514,289.7160693611056,290.5203385946792,293.58376295502154,1.1615862905906478,1.2843618597887427,1.153432615891747,1.103320262281061,1.245989162613179,train,strong_pi_positive
13017,0.36068415065660686,1.5975006514308498,0.8327695652280183,1.6864622249107182,0.0,0.1615397324926276,0.19254182958283894,0.03378976483682623,0.28821898540417656,0.32390968768353057,286.34487012284757,287.7965439085849,289.13580325169596,290.69276776689594,292.191567825311,1.3676508009819006,0.9825375928990093,1.3249235156115602,0.9980197031747374,1.0792533708198733,train,strong_pi_positive
13018,0.14538932786533956,1.8068381270067206,0.332135857514365,1.5709839241998411,0.0,0.5608872719494326,0.0011808693922685147,0.0,0.15047749406104824,0.2874543645972508,286.42925316033285,288.0806390743483,289.4721704126582,290.6852170582341,292.8713125820886,1.1620797976236847,1.2743371564892172,1.3960449122547842,1.3754775938967265,1.2764121872621563,train,strong_pi_positive
13019,0.059843173761271566,2.06879399679008,0.3285641816381204,1.681191794784673,0.0,0.43940187480971715,0.2069855604556917,0.08151069392281698,0.00503396362980584,0.26706790718196843,286.9312971415465,288.27335597728336,289.6792287141625,291.3019185497286,293.15394524906134,1.2661531947081746,1.3383136443728567,1.133242879885297,1.4702947074903179,1.4895530195170947,validation,strong_pi_positive
13020,0.2612338966659042,2.3514920338246896,0.5660656296099227,1.2431736358773458,0.0,0.20040519248077493,0.2736336314823979,0.1172721682600103,0.07257991493375723,0.3361090928430595,287.08526305363426,288.7097769809248,290.1645387997862,291.40209072680966,293.72900950689194,0.989947695769643,1.0709067588864074,0.9718101178232169,0.8152728329415677,0.8654166448962015,test,strong_pi_positive
13021,0.12457719433029935,1.8212840735660714,0.2610013926869703,1.4175839034891182,0.0,0.5517228105396785,0.22623663408209552,0.004764758604874803,0.0,0.2172757967733512,286.6746027116799,288.2619728770924,289.6507125318538,290.9528291640317,293.1033912130429,1.222209776177213,1.3263844994334417,1.3521169253112058,1.296003751073207,1.1817232015955945,train,strong_pi_positive
13022,0.5920342896862248,2.244767780866126,0.5694519555980205,1.1257369904288193,0.0,0.2106677015690468,0.28516575790293786,0.20170477133390471,0.02629071318058897,0.2761710560135219,286.98570671258295,288.1711694198739,290.15438542980746,291.75398936599504,293.24913782384004,0.8882597340470709,0.9237170206695602,0.939008218896001,0.8707096234131476,0.913626499431984,train,strong_pi_positive
13023,0.18471506422294348,2.355716437364194,0.27122426019389684,1.2400032077677827,0.0,0.5643233992959182,0.0,0.23068905438760384,0.0052676029031465035,0.19971994341333135,287.07850109679805,288.56047284029285,289.9068070902363,291.52730012973666,293.2377889752349,1.0446826024456046,0.9798979862590541,0.915309128235357,0.9358975067020121,1.0549393245753187,train,strong_pi_positive
13024,0.4868611892853793,2.0023351965855145,1.037216524486313,1.11004638947668,0.0,0.17115186012585196,0.0,0.29516593381559153,0.3560252953353607,0.17765691072319587,286.7960248395012,288.34889361748276,290.0846449233787,290.95927488106645,292.8212601936363,1.3922674229500172,1.6944004134413284,1.4171430750977978,1.4186622771359136,1.7158798921555505,train,strong_pi_positive
13025,0.400857791036424,1.6672764949621008,0.586367663789489,1.6273992770754726,0.0,0.13503823388580466,0.37148321471366197,0.15017140905281262,0.017356520011507236,0.3259506223362137,286.6245925031696,287.8422077168598,289.5733885083398,290.4843029904356,292.6177979069555,1.5143386485756989,1.5480873582972199,1.3186524076439545,1.5372573930418794,1.6336559381165654,train,strong_pi_positive
13026,0.5164246001064954,1.604350376476972,0.8507219063244452,1.210014372818876,0.0,0.11225629132317919,0.0,0.3441245240259033,0.23829869114927094,0.3053204935016466,286.28367355186333,288.0101107511834,289.47033663308383,290.6777960867299,292.54692259415935,0.9603005290850531,1.091483209726455,0.9446469097634075,1.063236291991304,1.1199012284052363,validation,strong_pi_positive
13027,0.16945381676149984,1.5781468907452672,0.37857515789385876,1.694686273781127,0.0,0.41038550192921275,0.047338991818121456,0.2905367809850889,0.0053496925453241995,0.2463890327222526,286.2992650873334,288.2503835591572,289.07988902761224,290.83747965544717,292.66863566780495,1.664734800442817,1.4830026614863199,1.5764424664106307,1.3039452263684839,1.5353404747324402,test,strong_pi_positive
13028,0.7276459079331014,1.641098732382369,1.1804686720288509,1.1203720151207506,0.0,0.015939220916410615,0.41602176982168965,0.07036544747508171,0.3320407273660398,0.1656328344207783,286.4385631600389,287.8218603551416,289.48756339300525,290.69851147367206,292.890633680681,1.1988672144219734,1.2432233027014177,1.3823716877591496,1.2388504425545084,1.256136771373323,train,strong_pi_positive
13029,0.2911674614640739,1.890795826539243,0.29422226906301274,1.1183427226964109,0.0,0.5544689957737587,0.10977196613171229,0.08179909223014227,0.036325605350579104,0.2176343405138077,286.58212491837565,288.1060531227453,289.7343633138436,291.17340822837656,292.92217959900546,1.3382673061647161,1.0624319840646395,1.153648979555767,1.200251883581043,1.0647961879522805,train,strong_pi_positive
13030,0.258334601843913,2.0792057715476564,0.18818256019746718,1.1241182745137432,0.0,0.5374797869984004,0.1419146137599135,0.013831158022466112,0.0012183942075437845,0.30555604701167616,286.9258060780176,288.35867192496596,289.69127404099316,291.19420717747477,292.7714975750133,1.2262508145992206,1.319770433722868,0.9877900958020809,1.2092702190094498,1.2528929887617604,validation,strong_pi_positive
13031,0.28050955851659426,1.6226442896269657,0.3965738072420809,1.4502800299105418,0.0,0.4506142030912379,0.36497046208931705,0.001603345152763826,0.0,0.18281198966668105,286.276927905911,287.77932237531996,289.59825133583297,290.39893740041373,292.6917711492618,1.2046319343440097,1.2105774473504505,1.14014621168456,1.1252463705609308,1.221328804054095,train,strong_pi_positive
13032,0.37563729449756694,1.9633100447345595,0.3323494929328294,1.3076972322621279,0.0,0.4468286783110887,0.3004590103743394,0.001890482558489966,0.0,0.25082182875608183,286.81667029456537,288.0921387425929,289.6289048342947,291.1037961082242,292.6375154905327,1.0262499473688498,0.8592686229017212,0.9055293225462887,0.8698576527218588,0.9676599068217671,train,strong_pi_positive
13033,0.260638731228288,2.4837586482193483,0.14825844686461837,1.3084385096816438,0.0,0.63991152545869,0.05779697680877908,0.04472370378990749,0.007868883132965911,0.24969891080965753,287.2208078148244,288.88863610269783,290.1609427709236,291.8283306705422,293.8917751744799,1.1117438046260673,0.861629208986108,0.9259618800948569,1.0107669718763552,1.1205891440731661,train,strong_pi_positive
13034,0.4262191611332124,1.7517499665652765,0.5071532198247088,1.648528353184565,0.0,0.25893429669742796,0.0,0.458620040851182,0.009266589486763415,0.2731790729646267,286.54391617117574,287.9242990833416,289.3282889589229,290.88763323098897,292.9893887532412,0.9142943601939039,0.9138168476298628,0.8576975860354936,0.9831665597508841,0.8204207034064218,train,strong_pi_positive
13035,0.0906124668975686,1.5616202408632485,0.20803677010382973,1.5811970486326308,0.0,0.6785995046582639,0.10494209151236356,0.021560922290896786,0.02576687815028469,0.16913060338819105,286.34481968090563,287.6178012211626,289.51050985214835,290.6938819355321,292.64597862107854,1.4427734495501057,1.6062460434438242,1.3582749716820284,1.4233531607794234,1.373405542841322,train,strong_pi_positive
13036,0.35698514942294707,1.9472687590453748,0.22570600723423243,1.386908004808983,0.0,0.2626769391200501,0.1339775736530792,0.0444450033717896,0.00864171510468181,0.5502587687503994,286.76619647213937,288.2508155851564,289.717292228363,291.2442149061965,292.6762894444765,0.9976484670560478,0.802215518357191,1.0106695828419507,1.0923720219325161,1.162456619044771,train,strong_pi_positive
13037,0.3837914289974217,2.3925598414993297,0.2961919391723097,1.3616050539064966,0.0,0.3578310114091847,0.2329059268319212,0.016960611277182982,0.008162700531602762,0.38413974995010836,287.2025953723061,288.7413903442886,289.8841120636045,291.37911235045664,293.4367668823616,1.2832278567259032,1.39708286864374,1.5238867198465889,1.4230127309746206,1.128859586355865,train,strong_pi_positive
13038,0.6458605042626606,1.6792005004840713,0.8940582249281572,1.5154345535007916,0.0,0.10301556238851838,0.08323534609362905,0.1926022237577023,0.29411032753841293,0.32703654022173745,286.40999536074787,288.0758064539319,289.5253162223468,290.5104488217519,292.98848310871466,1.523384441021355,1.3553728599206167,1.3821746880846677,1.7114302357822821,1.3040397039999896,train,strong_pi_positive
13039,0.1885883632848478,1.6536936911887703,0.3018147027109789,1.7176590982659623,0.0,0.42683508656316593,0.2137976892282087,0.0,0.02900850674138511,0.33035871746724027,286.32372914781104,287.8241299566773,289.460439111369,290.63635024856603,293.3233176505963,1.480478952353751,1.5559798902148152,1.2009416357996774,1.072021074667479,1.1373775822597123,test,strong_pi_positive
13040,0.0477906199883458,2.453645779134589,0.2525999423998528,1.5916387540003931,0.0,0.5131985721034547,0.22259981330671186,0.0,6.454657046092192e-08,0.26420155004326296,287.1273734650279,288.7235362697346,290.34301710173327,291.4603572479096,293.95150876707544,1.1731414400250895,1.109423706274549,1.16938410674592,1.04246136302719,0.8618025397178094,test,strong_pi_positive
13041,0.2355916450827899,2.0376334267920977,0.5000795428297067,1.6329685475558027,0.0,0.38023940678720514,0.023335944209569193,0.29321729215683995,0.07676315323164876,0.22644420361473683,286.86340352307496,287.91505790273226,289.77934648332445,291.04615486473347,292.9309583609492,1.5905660928837615,1.3479476824317775,1.3262863906592237,1.4312040390317546,1.2047054604059926,train,strong_pi_positive
13042,0.25060744195154266,1.9686310476311135,0.24060662545300976,1.495687510489606,0.0,0.22935821086816766,0.20871500193217304,0.0,0.0009458117604183511,0.5609809754392409,286.756437968674,288.44388543509154,289.6642920681155,290.8306089511291,293.1610633926002,1.591355680418444,1.4517313339814342,1.801171042211715,1.7814635205782194,1.4029142023543957,train,strong_pi_positive
13043,0.2603139284610638,2.4657679938043926,0.14336961390590713,1.4135252097082935,0.0,0.157966452723873,0.031612425428120317,0.0,0.040878594238893416,0.7695425276091133,287.4276554354268,288.80550681326037,290.02687725469275,291.57469386211784,293.48264049184485,1.3860460470721256,1.6567546444992989,1.3022224422880315,1.180064400186975,1.5703624451628937,train,strong_pi_positive
13044,0.6735430894847673,2.001195627836438,0.816586024487412,1.681446081148461,0.0,0.3531139312292484,0.0,0.190836791919137,0.29787461628413753,0.15817466056747698,286.8496418149503,288.21781056431576,290.16313263228824,291.1478114184919,293.47852395180405,1.1269635808940333,1.2970386773414107,1.151026558093531,1.454600491817421,1.1952940330445974,validation,strong_pi_positive
13045,0.8175468104927203,2.008344080627051,0.7794648556812485,1.4742769691478141,0.0,0.10778535069628811,0.3494733074816981,0.3839498139873128,0.008020867106118807,0.15077066072858208,286.8559991197552,288.3526017984524,289.50269624677975,291.01636495289654,293.3782990249574,1.5848005000432042,1.1718413984418012,1.08543194417871,1.3258329215228537,1.387589852619515,train,strong_pi_positive
13046,0.11180410374240998,2.4516280392035004,0.5344994202987374,1.379434880602151,0.0,0.504831222331933,0.04995494538792468,0.04670397496807011,0.20392024997137131,0.19458960734070083,287.05969576767956,288.8807862760637,290.2115341373894,291.2680590790433,293.82457761092246,1.1158635467295046,1.2223185763779518,1.1146900800673427,0.9539372572071755,1.1010973119978695,train,strong_pi_positive
13047,0.4468583119290253,2.392703818104242,0.8267646747538526,1.7445395938187944,0.0,0.06950468624893129,0.33063911341270985,0.3500823232824285,0.05802161902935718,0.19175225802657314,287.20841460293326,288.47072960385964,289.89486674429975,291.41893810342674,293.81733409938425,1.4281523835574668,1.3946715394865046,1.3196758590493631,1.1407748670459674,1.386100664280719,train,strong_pi_positive
13048,0.4883149747380663,2.079404457033161,0.47990155385975514,1.534400487707325,0.0,0.22640876019087539,0.4445832535916708,0.0,0.0026591501340421926,0.32634883608341164,286.6964586236372,288.52346383398196,289.99271523145904,290.69895601746794,293.31393251066334,1.1093957877512113,1.1917676321447566,1.067522960025771,1.1868996756505612,1.2692374259362305,train,strong_pi_positive
13049,0.21070649744696074,1.9266939037725797,0.36391965417300937,1.5441643522098416,0.0,0.4722165516766468,0.14034700009315246,0.08421038702089544,0.05468113352948073,0.2485449276798247,286.9359268301336,288.302612803228,289.74338271469503,291.07360726849055,293.28321746860587,1.3785892266131992,1.5989759651234388,1.3027128539295714,1.126035859959515,1.4848260389001156,train,strong_pi_positive
13050,0.5011208495862186,1.619852616080275,0.6878889764390437,1.259534285679213,0.0,0.19108913435518696,0.18527190252857556,0.3410021720542473,0.0658074509281104,0.21682934013387997,286.5217102171947,287.7917684966177,289.36060994708345,290.4828840644384,293.535062195952,1.3081305271448294,1.3943748419340185,1.070589776655227,1.490947571885495,1.2694115776256498,train,strong_pi_positive
13051,0.4478129213497784,2.331457333270383,0.8596176549579175,1.186353982134179,0.0,0.16331669609055988,0.48433817423973424,0.0,0.17263974035909163,0.1797053893106142,287.2916013681882,288.52715895134475,290.30010845208244,291.5017454086291,292.98691717579067,1.0141286680642945,0.8690985428262933,0.8690359778755898,1.0534060764026787,1.0174479979346032,train,strong_pi_positive
13052,0.43902397728458276,1.6980226332783785,0.3250929060453479,1.1093162959577332,0.0,0.5450073476480637,0.07025132995593769,0.22484157608941022,0.0,0.1598997463065883,286.5953301962122,287.84880773136734,289.1918708128174,290.5963040271591,292.7500251705853,1.2461966400726603,1.2365671642667875,1.0418273045467845,1.119755463296179,0.9920065907188746,train,strong_pi_positive
13053,0.21749365879195334,2.3444398347951,0.22003589954312225,1.4220774479562968,0.0,0.6793849012135224,0.0,0.06338955110067408,0.06332317422122408,0.19390237346457956,287.0791291203929,288.5663138868503,290.40571789674755,291.5046928667788,293.75044515575985,1.8684098107119822,1.3760105644897849,1.4912474927645574,1.4343748372019038,1.36463992909648,validation,strong_pi_positive
13054,0.6882016950437035,2.3168487812879532,0.6577485903353703,1.3813312783253227,0.0,0.11541063997936796,0.44226119138049597,0.18548739895487434,0.0,0.2568407696852618,287.21740560712703,288.542635950106,290.0267753873862,291.396661063484,293.4790637986568,1.7877223876572912,1.3406341571871137,1.1491570453175435,1.6057885909834688,1.3633575305768275,train,strong_pi_positive
13055,0.28959920458297234,2.478785110663175,0.7053836252152698,1.5028711414366525,0.0,0.1762030795832007,0.42418920245933994,0.2471825490028573,0.002005936876536264,0.1504192320780658,287.11533812500863,288.5826503887994,290.1000588861718,291.4132594199392,293.44499369441166,1.3283715833596506,1.0725675689696803,1.463562072563039,1.1660857451279152,1.3971455830945982,train,strong_pi_positive
13056,0.19670001292783665,1.6578058052422584,0.23019663924458536,1.4902146707652042,0.0,0.47446312595132134,0.1891271662575906,0.0,0.005534736493497376,0.33087497129759086,286.57994019253636,287.7721710242971,289.45255920199435,290.76293516041403,292.45538472299444,1.5413353740908227,1.1752051618518389,1.2601990283155846,1.2120396766485744,1.3192742734957639,train,strong_pi_positive
13057,0.5109223159747809,1.8442123396932395,0.4066929952045249,1.2936437367316447,0.0,0.47634706356977896,0.31915368547278933,0.0,0.028769654865867772,0.1757295960915639,286.7160537108686,288.3225106130241,289.5981290981185,290.7182206389492,293.3158714351155,1.2852633077149727,1.5454626793903028,1.582988342442772,1.320189242266498,1.3298036768559476,train,strong_pi_positive
13058,0.22384576109987517,1.9773390984327337,0.3743395872878446,1.692003427515044,0.0,0.39453708173032576,0.09164897895709773,0.12395049671618609,0.06437005580728039,0.32549338678911005,286.8973969518894,288.24749834386665,289.5616090849115,290.914771858933,293.16559252265694,1.6905511682143581,1.510254733500408,1.3018982909162864,1.3507711022017865,1.5253832487821941,train,strong_pi_positive
13059,0.17583170949502608,1.6372915562258155,0.33217594553012414,1.685927751630469,0.0,0.4145706635640658,0.0,0.2980102671261546,0.0020828392019847826,0.2853362301077949,286.26861674930433,287.8617101590199,289.48878652457694,290.88771287516937,292.59719675292223,1.772214725536187,1.4646862798409523,1.5784776176157345,1.8319323464123591,1.3961926945206846,test,strong_pi_positive
13060,0.2504509783856977,1.8323601478455083,0.38554594978768497,1.632080478423816,0.0,0.512122968510838,0.11370077029927968,0.006308982577927339,0.11776809845523897,0.2500991801567159,286.7065281990815,287.91326326853283,289.4348354308307,290.88613919065597,293.16367548787,1.8178927549610902,1.520865590349195,1.756509901923969,1.4405651495935843,1.4465694374416096,train,strong_pi_positive
13061,0.17186433002814133,2.3269190100449344,0.32334832090432564,1.4493466814092633,0.0,0.5567657043931034,0.1375749779217345,0.13244627473378476,0.011663534124403171,0.1615495088269743,287.1618050814562,288.7063120152256,290.16971384824586,291.81384840148354,293.4236910453402,1.5436700910654562,1.5571446352222384,1.5861872746397137,1.3767036549099496,1.5648299610878527,train,strong_pi_positive
13062,0.660537524246209,2.4174324733421306,0.6208747048688643,1.1353505318087425,0.0,0.3102042222964962,0.1429434090238368,0.1711631043852179,0.13838409572990482,0.23730516856454437,287.2429698918544,288.72910919002504,290.2312272098146,291.2496242384148,293.6974083252261,1.1306308998369665,1.1849715476082527,1.1735155136398927,1.2622482261301273,0.9661596663178101,train,strong_pi_positive
13063,0.5232084661357165,2.0042479381530947,0.9290914793809153,1.502163458838515,0.0,0.16822098866109095,0.1356058454838206,0.2944144195108708,0.23453560719311192,0.16722313915110573,286.6716898461873,287.88742895975446,290.2043023735937,291.013613918692,293.42396812853775,0.8348934174431462,0.9333955430677489,0.7739408064669092,0.9394867815453224,1.0243161107032743,train,strong_pi_positive
13064,0.1479982677115885,2.3940177249344683,0.30893186720586685,1.118783481553679,0.0,0.3980340328237793,0.003953779141252259,0.06229524123808437,0.10634142341326512,0.4293755233836189,287.13122621764427,288.8341319159978,290.1510897115216,291.45161110917496,293.1227382271455,1.60893024985666,1.678252080117588,1.6364652370278256,1.6404862256758113,1.5126685047603858,train,strong_pi_positive
13065,0.29534307789569064,2.148667714536939,0.6260642382101342,1.521899966989302,0.0,0.34381323678679315,0.31273867176406694,0.06174249321487626,0.11079153661559553,0.1709140616186681,286.83914984404726,288.28357719374515,289.7720280555054,291.05068559797945,293.17870584727234,0.9672101913833786,1.1114863485397188,0.87493896171447,0.9546072032492978,1.0491464935593402,train,strong_pi_positive
13066,0.7983071634873167,2.049728256902063,1.0387936413409742,1.7125803006357871,0.0,0.09585829192995629,0.0,0.4580812851695162,0.27535617808572893,0.17070424481479862,286.7002427144239,288.5620385948105,289.89734234692725,291.10195141605504,292.8903014131123,1.7040389135990497,1.3063007648888243,1.4847413808835592,1.276568865782869,1.5078249155687222,train,strong_pi_positive
13067,0.41885136205792667,1.5576695315607223,0.9112786811307172,1.4374875292435185,0.0,0.05662109879982953,0.3448356384821171,0.03468815369865978,0.2508774444749702,0.3129776645444235,286.27649647758204,287.8067753522729,289.31663283687226,290.4154879956683,293.028735667229,1.1152583898584478,1.2675011299536103,1.3235467318589327,1.0339128233903592,1.446735243831508,validation,strong_pi_positive
13068,0.310221549828913,2.2441902767461466,0.5817795451227653,1.104612156188031,0.0,0.2950780346116556,0.07090318913838434,0.480876355984381,0.0,0.15314242026557906,287.083925546113,288.5353166872896,290.02878613151705,291.31865140898526,293.1969284864316,1.2802478210481412,1.2749987998902723,1.3651077571847838,1.378724400757986,1.3474221103480895,train,strong_pi_positive
13069,0.08989501230331641,2.2644788011357795,0.32818602694903454,1.1375331474785642,0.0,0.5269742681378332,0.2584600050238303,0.039725057861664255,4.820317700046882e-07,0.17484018694490247,286.9514295112873,288.8224730468567,289.6320543799409,291.024087738426,293.6536962371357,0.8843961580699954,0.787925418561925,1.027591233793013,0.8907372650891046,0.9559002583224726,train,strong_pi_positive
13070,0.19462893901126782,1.7715602461055724,0.46939407122439897,1.5655848150517728,0.0,0.5226494098562933,0.1534112699925688,0.0,0.1429914006159151,0.18094791953522293,286.62228769950656,287.87346949125185,289.37109792704575,290.68415221637963,293.0119891664971,1.2904570850329495,1.7036850421856415,1.3831662061000145,1.5489949855356704,1.3335876181035435,train,strong_pi_positive
13071,0.3825885494498827,1.6426340183075032,0.9400597004891371,1.3156249855067494,0.0,0.010723879034011006,0.3151921592500246,0.0,0.2974337706195563,0.3766501910964081,286.4244860907229,287.8403949807853,289.6476111920492,290.87073829347986,292.5779882411617,1.0552474289328138,1.0975674130873705,1.1333931317787764,1.2766755487185661,1.0157885580423542,train,strong_pi_positive
13072,0.3107583263806154,2.1572063494708225,0.473446785643003,1.1107015898373283,0.0,0.3953236741656652,0.22408962561081164,0.05333459890355975,0.08301128056431585,0.2442408207556474,286.9550395658806,288.42415899864636,290.0885663735985,291.32213737851123,293.76587934958144,1.1073146930557811,0.9774394161949079,1.1366872121901945,1.3033332934504744,1.19378711851427,train,strong_pi_positive
13073,0.38404273400501415,1.7517042994877703,0.8674735463356928,1.132700833016821,0.0,0.15166147141585445,0.16586155174577122,0.32546328070345887,0.17307435694323134,0.18393933919168406,286.62280251768647,287.81374526395535,289.69279182887755,290.67466836602983,292.9865285258105,1.4298022309363556,1.4728779137103511,1.5198039275851554,1.3168184351331205,1.6920316997793463,test,strong_pi_positive
13074,0.2805297724661385,2.203455667394047,0.5076048139359062,1.5027170729960644,0.0,0.315821704229789,0.38931707013236805,0.08792496783622969,0.00018138798365420836,0.20675486981795907,287.12674019287147,288.54494183166895,289.83662305152586,291.2632447272311,293.18876963145516,1.2238822845266406,1.4021084946438886,1.3997313022764817,1.3983204774488196,1.7977196250533047,validation,strong_pi_positive
13075,0.15310995332993005,2.360479044051269,0.320533105682631,1.603920308775948,0.0,0.4010310934693761,0.2376520370170489,0.010607629135006196,0.02113671976528797,0.32957252061328085,287.00529330906323,288.49704766107305,290.04445455959296,291.20263254068084,293.0089062554047,1.3896839653292663,1.3570470833794654,1.0678727858745047,1.1997775332328167,1.4294505798869508,validation,strong_pi_positive
13076,0.4096510954410287,2.292152630479337,0.36585664215438096,1.320444039714216,0.0,0.44721054338963134,0.0,0.23404739335000588,0.050904624402187536,0.26783743885817535,287.07547301853015,288.4745893822021,290.0395581768696,291.22502298512615,293.4655843881617,1.0878706138173742,1.0668931955773886,0.9775784604236128,1.0483314418614673,0.9908620059850808,validation,strong_pi_positive
13077,0.4098680825153653,1.7097293569426961,0.47518829753863484,1.6566810188700987,0.0,0.5229407587815499,0.03991885431499127,0.13908612906029694,0.1330916570816733,0.1649626007614886,286.4255113259827,287.7822688739074,289.4108729272551,290.93966131011854,293.1150389057242,1.3764449529105804,1.5094410773837068,1.4230117855034357,1.44768554467914,1.31472381011003,train,strong_pi_positive
13078,0.6026356133003361,2.485210430748499,0.5074577096185446,1.2063762813568346,0.0,0.5231746405523513,0.10711841188182157,0.0637859679632852,0.15327666488671896,0.15264431471582293,287.20508796737613,288.8371197357967,290.46565875991865,291.4137096703567,293.8514149088209,1.126781866560626,1.6280397183890223,1.3060176044450755,1.35398755118256,1.2345402917249295,train,strong_pi_positive
13079,0.6937230300765538,2.1339504911341334,0.9628489715030635,1.5609964457614178,0.0,0.07829680576509868,0.37703377278662026,0.22228827210499635,0.16676346330572345,0.15561768603756113,286.83510429088113,288.4142658671865,289.5982804089407,291.3612318458798,293.81132671224174,1.2777051466871239,1.5034987681622418,1.1834548256713842,1.37571750701965,1.2934761564317088,train,strong_pi_positive
13080,0.5380996417083949,1.8758375760072328,0.46822320371534665,1.1410621948009654,0.0,0.371556915914103,0.0,0.10937779198913916,0.16442270586310373,0.35464258623365413,286.6196966678299,288.09580513184164,289.6118763569672,291.13784845807066,293.3113117441371,1.315797632220394,1.4074704454406777,1.3680468376589456,1.1847185649644916,1.3177032202989105,train,strong_pi_positive
13081,0.6427213616344608,2.0272324742798475,0.21967847358000167,1.2031313629233011,0.0,0.45461192460498495,0.0,0.05522161763741509,0.06722842797129329,0.42293802978630674,286.76408144350756,288.2539755853916,289.7650289676088,290.86440346016417,293.0892647726467,1.605524383116558,1.4387840438127886,1.4654347669045507,1.416439039037549,1.4037298593754153,train,strong_pi_positive
13082,0.5414781165405024,1.572292583644852,0.9989773651772968,1.702527415001772,0.0,0.1992456768015584,0.1380334814508724,0.15869104059453945,0.33612642156594247,0.1679033795870871,286.4750947190971,287.47041720718516,289.13051709592804,290.9395865339251,292.76492208674017,1.5777181110273257,1.6417862881040266,1.0542808404710455,1.3453366731358563,1.3738323706257012,validation,strong_pi_positive
13083,0.14235350794148427,1.978463196077418,0.13584938138296435,1.3725697650986108,0.0,0.6040285317639886,0.0458912574336493,0.031072405612187784,0.01444285916856363,0.3045649460216106,286.9304201905449,288.13162564762007,289.9256087800379,291.4042899848463,293.20767725700193,1.3963153686935335,1.2700320871134712,1.6227108939091386,1.3303242739925996,1.4831383232116881,train,strong_pi_positive
13084,0.21290342066483442,1.5100074656593194,0.4626107988294498,1.26625976047854,0.0,0.4366992142690096,0.07966455269274804,0.0667807761861629,0.1430827349752694,0.27377272187681007,286.20977509620434,287.70928321989913,289.4109734814875,290.4850349762824,292.6444158349768,0.9860927585103575,0.9351465278737694,0.9168391302940918,0.8958714959513983,0.9888021311076297,test,strong_pi_positive
13085,0.20647221756369813,2.0129133964558403,0.3370736828919485,1.5818874147441435,0.0,0.1093546316510745,0.0,0.24954170083536423,0.02876599102829215,0.612337676485269,286.6536474033033,288.31211159612354,289.7581923176959,290.92897451831675,293.4080705773166,0.9742052115249615,0.9616616814194223,0.9295790228016979,0.8585371216022043,0.7410509818142956,train,strong_pi_positive
13086,0.26233423683382956,2.013355125262993,0.5957093046238107,1.3463745304805328,0.0,0.27966015211308154,0.1606954295743716,0.05215900850298003,0.17642743327322952,0.3310579765363373,286.9967913440862,288.0203246481761,289.80876892231447,291.22890053113684,293.52552359804116,1.405351430923099,1.6234248414934234,1.7514801880967537,1.5116116976113687,1.5315647549120095,train,strong_pi_positive
13087,0.6112262815130908,2.2732116852287567,0.3972728424431192,1.4986544226616383,0.0,0.44648436695147825,0.11158347134517274,0.2556893710979465,0.0,0.18624279060540247,286.85295887688113,288.3936158312475,290.09681934343064,291.43767160775315,293.669382032447,1.1168696036252852,0.9737654048719959,1.3242850347155526,1.3267434403744398,0.9185573757027115,test,strong_pi_positive
13088,0.6073986998350165,1.5935155584663527,0.34417684188598013,1.2209893403736276,0.0,0.5917693750200786,0.0,0.12315362076377277,0.09551161056110369,0.18956539365504493,286.3135222987735,287.80014468538104,289.3308664227646,290.5670552479828,292.5761048914822,1.3145745647224105,1.3263498300307328,1.225258729794216,1.2500304982115753,1.5077257121448067,train,strong_pi_positive
13089,0.672977854999871,1.8608762504968452,0.3738045545539882,1.1256602359845198,0.0,0.25976390179964776,0.20624554144610874,0.13755901310787946,0.0,0.39643154364636396,286.57521542135765,288.3126075069955,289.50004113763856,291.1626368733345,293.0687498587872,1.0910237455921727,1.2375121867430852,1.1375960373042509,1.2059344476203904,1.1906621567982931,train,strong_pi_positive
13090,0.4540641412446606,2.041668601817435,0.4736219839983953,1.1950128955825885,0.0,0.28476030351461795,0.20226830372541896,0.2181694253699449,0.011592127451515713,0.2832098399385025,286.7992831408817,288.31871309631384,289.7379462686002,291.013901875713,293.5740546327234,1.5030192975387553,1.475798208780521,1.364874575967785,1.396833240591671,1.2892165719492656,train,strong_pi_positive
13091,0.36273797016244796,2.0409670562611018,1.1849159233949984,1.492650587829108,0.0,0.13005878091015005,0.10621036202497645,0.0,0.524352780685011,0.2393780763798623,286.8315359194339,287.9738998045567,289.79218997784153,291.0454242263879,292.9273949031186,1.2848217124815027,1.4132513769040942,1.424693429924584,1.4560919122405616,1.564340105753626,test,strong_pi_positive
13092,0.5851152654691195,2.027751177993919,0.7885575485259425,1.411573337892557,0.0,0.09732179223244274,0.11748558303844844,0.5137038082964571,0.06368407859551846,0.2078047378371331,286.7467049114393,288.32448717962825,289.66620544299116,291.2163703984931,293.55465509273483,1.305586594151709,1.3758467349822325,1.7065260037672916,1.4317913424851236,1.5258953083658493,train,strong_pi_positive
13093,0.20638625979757705,1.7255352842826692,0.22552762279474017,1.6567202729853086,0.0,0.46790759037037294,0.12214526219261188,0.06719404279199799,0.003094158905065158,0.3396589457399521,286.4698421535629,288.00706552862795,289.58360248699984,290.652804317104,292.59936712880807,1.511440186000802,1.5599675373962691,1.650412520791643,1.4723859247414193,1.6530933660511264,test,strong_pi_positive
13094,0.15026299684846145,1.702622407969725,0.18057187280139217,1.2928412257782218,0.0,0.7039815185491536,0.09571016276597477,0.04446432872932226,0.005198690653047568,0.15064529930250167,286.5280527855097,287.79189092056265,289.5881866916736,290.7116918970451,292.8388960459595,1.0354752809726713,1.000746777318317,1.0456951323567314,1.0552784406562412,1.058584916318553,train,strong_pi_positive
13095,0.20525788885753216,1.9327704018731078,0.43911171786470676,1.3121621053861967,0.0,0.41497697653881166,0.25277653078659207,0.11782809942704042,0.01925354382553714,0.1951648494220187,286.53029186449635,288.2056434597498,289.68264311150614,291.2295742825751,293.515198238156,0.9166718887332601,1.2183364272067974,1.178959566651634,1.1761353419569576,1.1572036020861138,test,strong_pi_positive
13096,0.22682427198029576,1.5419592072624906,0.37161208602349133,1.3013336886701081,0.0,0.4409388764153459,0.15186786430649687,0.023531578006985927,0.08310632185500426,0.30055535941616696,286.3221548500837,287.92937622251554,289.41584984821475,290.4955483583208,292.04952186218105,1.068715270343065,1.147345696913161,1.1489384731477335,0.941393062200666,0.9700593283391136,test,strong_pi_positive
13097,0.3797076835300481,1.5439293557176037,0.5774986757997452,1.5591148593811184,0.0,0.17162428572871594,0.34080910715977353,0.1791077427904515,0.013790912924760092,0.2946679513962989,286.3275924982707,287.898633945794,289.22007385544754,290.73540709943535,292.7747786990724,1.47594184576376,1.4411309861629282,1.495209496966666,1.5051602854128365,1.2272921603103315,train,strong_pi_positive
13098,0.4880333586391912,2.4730029844263743,0.5191732594209095,1.408762745102505,0.0,0.5140029801476267,0.1108170093952536,0.062154790062746726,0.15810072998145458,0.15492449041291828,287.2451986751861,288.7591394396209,290.0507915081664,291.865343524212,293.4588449102374,1.2176942057804083,1.1828774943985119,1.2658221361623678,1.0711443411678152,1.0990252991181544,train,strong_pi_positive
13099,0.5029276551346609,2.158611213180483,0.5612953186304049,1.1577993047535984,0.0,0.1915495523113776,0.15097259064345223,0.3506145993592206,0.014854064313866024,0.29200919337208336,286.6717038410711,288.61722578506533,290.15055301897394,291.08638946034984,293.4506852139698,1.5518492375348771,1.4941939262704944,1.4880254566464712,1.3665931129200244,1.6921382469452118,train,strong_pi_positive
13100,0.5109165153886288,2.086536013071822,0.47325089513462765,1.332646787132768,0.0,0.5909774985836601,0.0,0.02381369232163847,0.2097186014064946,0.17549020768820675,286.82539231749337,288.1731717239671,290.18454278075444,291.1854138343736,293.1939822477251,1.1996249694600587,1.1996338167709566,1.320099084222303,1.210129250164937,1.2006075726938656,train,strong_pi_positive
13101,0.6084495904741218,1.5803882139068635,1.2,1.6437840881723202,0.0,0.008142378267902553,0.31084971566321007,0.02939453202857415,0.4855877797968079,0.16602559424350535,286.2512853016718,287.8644167047502,289.31317814081996,290.5864632381248,292.16888203647994,1.2839756172813819,1.2217754316087357,1.0169834973622787,1.1004123947792142,1.267531376676786,train,strong_pi_positive
13102,0.17386876442557103,2.2872140391103066,0.28092989361363385,1.6856787012407581,0.0,0.6461833755178004,0.04164595094238881,0.08796561786616344,0.06065916240254081,0.16354589327110658,287.0441935155459,288.5200418235361,290.171893333011,291.1136503950537,293.4545217718534,1.6113447966608445,1.3256415540462443,1.3556015971444382,1.3560656610607185,1.192413366146711,train,strong_pi_positive
13103,0.7722243186635427,2.37578147463688,0.6935381053479355,1.2512187662912804,0.0,0.3505399018100125,0.28216200267824876,0.036246664090354166,0.17256471928966624,0.1584867121317184,287.214072386453,288.5490607822324,290.21885946452943,291.36102904848656,293.42046940833376,1.1480589894529596,1.452026208561243,1.2910439940222167,1.445674156277809,1.4817313348664998,train,strong_pi_positive
13104,0.24977910193019234,2.036467449376637,0.45449829183169743,1.4234965692700325,0.0,0.44330148566387834,0.2661940516644066,0.0,0.07915212008364542,0.21135234258806965,286.81669228569285,288.2890911987952,289.7922916481498,291.0485259822464,292.98439563200117,1.0759518500901464,1.0354082207850168,1.0011965454333922,1.0596597120200981,1.0179628989661917,train,strong_pi_positive
13105,0.31561308772429925,1.9214908189156907,0.19759611322963921,1.536587335603087,0.0,0.6781255623444401,0.11380441331780525,0.053791699911833954,0.0,0.15427832442592068,286.87471149401404,288.1773951620016,289.5134697057644,290.6069472994695,293.0341004980821,1.0045268118055048,1.0350320692612667,0.8537804440021586,0.9946623056450001,1.0300994628679343,validation,strong_pi_positive
13106,0.5009584241715859,1.5298659171100324,0.5837583513178837,1.4467435404687778,0.0,0.17580540074634324,0.34433952983358823,0.14038118414022585,0.03451881867203484,0.304955066607808,286.29718208352443,287.85419769389534,289.3021704367807,290.5509996997405,292.809571050041,0.7460122176047543,0.7,1.171017164574152,0.7993262797989769,0.9229040659003149,train,strong_pi_positive
13107,0.9359502820075393,1.8797193182790681,1.0677482009663002,1.4317055056156551,0.0,0.0004873478862386626,0.0,0.46126532688461286,0.28824143704084365,0.2500058881883048,286.7633305770539,288.11206044934573,289.64840146280864,291.02529622188916,293.42799231808044,1.454368403522581,1.4292002549196585,1.4141055969505631,1.4330918770814842,1.1544154165170397,validation,strong_pi_positive
13108,0.19702217565658947,1.8423738421162268,0.621659402992262,1.7468248784244533,0.0,0.3852508997768956,0.0,0.15250552239176926,0.21957694030024635,0.24266663753108883,286.66081208730475,288.1870320083466,289.79367644882484,291.0082035845765,292.8920190265977,0.8699016904960505,0.9642564499880761,1.0467925505610587,1.065010637674943,0.9622953543234031,validation,strong_pi_positive
13109,0.5112494492313996,1.5848089238927154,0.7849173324802997,1.2391757236860899,0.0,0.21405989641891876,0.45870826879121723,0.056052322904633516,0.1200783703922245,0.15110114149300596,286.35003944828975,287.7806360835263,289.13239159619565,290.6840208614648,292.5838978361272,1.601127841116865,1.5058851733573975,1.509709131180355,1.6170843983277243,1.3926897890944347,validation,strong_pi_positive
13110,0.9046346749952545,2.1465118008131956,0.8553670326628242,1.4615732784800364,0.0,0.25283339814042755,0.2910303163170167,0.06340471685251707,0.23546599974664517,0.15726556894339352,286.7627854677446,288.4465609019971,289.74854356540266,291.38647933036134,293.32964139342664,1.2147193458751406,1.269743789819182,1.241440565839091,1.3477428571082604,1.4344396847104905,test,strong_pi_positive
13111,0.4192770810575835,2.4340394019331155,0.7599479384225246,1.5761444825793767,0.0,0.2958008246410866,0.0,0.06641620271645561,0.3317658678530345,0.30601710478942323,287.21175135158956,288.92021410300487,290.33181884094023,291.4584872293071,293.7335822835049,1.0796671858923146,0.9480779617272008,1.0490095251419822,0.9464303910835667,1.01029880638927,test,strong_pi_positive
13112,0.7292352147770425,2.4591691539496483,1.1327844580187694,1.2475448575080885,0.0,0.09975851718884579,0.35763863845141464,0.01830152583972538,0.3634221468638147,0.1608791716561995,287.0378114529311,288.6877076672872,290.2976625139945,291.68561502198474,293.5712749448105,1.2114605858150798,1.1075739973432277,0.9892059623639584,1.307572030714334,1.2561116220220863,train,strong_pi_positive
13113,0.07198693690275332,1.8703507483037871,0.06527283268527857,1.7339266800450495,0.0,0.8085433093510072,0.011577697728303823,0.019104750436301752,0.0022951922603364947,0.15847905022405082,286.6213756135356,287.9432859481602,289.7176223254356,291.0915105512661,292.99767191904385,1.2911535981321776,1.3207983013571791,1.3507687912334003,1.369139829995273,1.3064986930703282,train,strong_pi_positive
13114,0.4375987667916218,1.7447366257477763,0.5124126460384214,1.7090851410837171,0.0,0.3718841912684035,0.0,0.05657534932436244,0.2129186483570295,0.3586218110502045,286.56130128301623,287.7619404319354,289.7465448305959,291.18911138925387,292.74267073258443,1.5718845083915038,1.6256443318540788,1.5356623426447877,1.5014483224011392,1.2301398106059678,train,strong_pi_positive
13115,0.27413409213773693,2.2267185774772837,0.5172639991526052,1.2519939210448543,0.0,0.2216806483935689,0.47619337802000566,0.011070621132599582,0.0,0.29105535245382574,287.14210564990117,288.31317965347074,290.1001933168641,291.64025805620025,293.27217678447806,1.1902934440730752,0.9665019621001321,1.190078270789384,1.0723753932628455,0.9745113112090642,test,strong_pi_positive
13116,0.22186592824679122,1.5157859773605957,0.29024539799725824,1.5337556959057363,0.0,0.5946828400051514,0.0,0.053211842658392655,0.1035167776694328,0.24858853966702313,286.19970407712367,287.88575542701085,289.82054612755127,290.55966550898836,292.35194172764443,1.401530797514617,1.3953099333988295,1.6577912233501828,1.511462649464253,1.271153980002994,train,strong_pi_positive
13117,0.31882128541416577,1.7790870117050401,0.40553342240744433,1.606373805493422,0.0,0.4670936678749823,0.10703528201588117,0.10092131385410422,0.08378841326872948,0.24116132298630275,286.61600273212724,288.1808199670631,289.86807353182616,290.6491900653799,293.2977385336634,1.3028205828710198,1.3964638001072027,1.3057890826114777,1.3314752315415708,1.4369168565969226,train,strong_pi_positive
13118,0.379276535538817,2.1478641075726337,0.8332122543274745,1.241997490592641,0.0,0.17224540763998666,0.2709674914566016,0.11943937535562144,0.2064026937576257,0.23094503179016457,286.96213218976436,288.3331816816873,289.6105144293223,291.1218746965186,293.21883187814683,1.3904512192215128,1.3214079461230968,1.482531839068843,1.41688631519169,1.264308285369835,test,strong_pi_positive
13119,0.5928792229612264,1.8273920981792835,0.6121941779190857,1.3291097754777788,0.0,0.15298401358894329,0.3227976738202563,0.0974193048304343,0.08098859963419756,0.3458104081261685,286.5341634700806,288.17976884896933,289.6312865162512,290.9677749185216,293.25382236129855,1.3157848628298188,1.4080259681492844,1.5431517156035481,1.41370519372783,1.2695930461019862,test,strong_pi_positive
13120,0.5967059060734147,2.09613079930179,0.4128859032697092,1.3252370246511858,0.0,0.42369156753680504,0.15564869812279494,0.22723720514691423,0.0,0.1934225291934857,286.8425831107116,288.22307498987294,289.9956475562705,290.9772513938234,293.5453052844273,1.3782863117343154,1.1938087842167298,1.2124448921468496,1.1064358100772997,1.2882389413925834,train,strong_pi_positive
13121,0.3986378812849869,2.0892578412345864,0.6888475959470635,1.4739154869054019,0.0,0.10723925400599067,0.553092196128686,0.0977738746044274,0.0039907626069750025,0.2379039126539208,286.7863523643898,288.335012069537,289.8605960328413,291.13652040272376,293.4240010071932,1.3345786218455702,1.2550757811245008,1.3695639045004797,1.7231604727739969,0.9856612904490659,train,strong_pi_positive
13122,0.4385867263582203,1.7281771350399828,0.6977556119722906,1.5556095115599256,0.0,0.12605534528017534,0.18030562381432055,0.28474812602958877,0.10135093106419067,0.3075399738117248,286.5711470723411,288.0097476466898,289.29398414867467,290.7273434715078,292.7759666696339,1.1969957013380021,1.456529647524533,1.540704080478214,1.4876362518279331,1.329175700376509,train,strong_pi_positive
13123,0.3855024080907726,2.2003842640508795,0.24883697419036693,1.331739413252967,0.0,0.3557533045062259,0.1505025386711885,0.06833443551917841,0.0,0.4254097213034072,286.87741161039895,288.32330611668226,290.10011908955596,291.29879294035305,293.2642100936004,1.0466729751400272,1.4582592057974875,1.1853034709429655,1.3431685159694893,1.296451785598804,test,strong_pi_positive
13124,0.22981670764731643,2.45929549024186,0.612858227824651,1.6887550728742844,0.0,0.16692947205778658,0.19580121624827737,0.3505874132344058,0.018234799170983945,0.26844709928854615,287.24644869831997,289.03122406850673,289.9161850871043,291.37674439428895,293.08655887179543,1.0543914286465035,1.1278873523198674,1.0062826921009336,1.0317891795805283,0.9907986232171141,train,strong_pi_positive
13125,0.45587604351716365,2.1924461583597834,0.8066258575487479,1.1550970873342261,0.0,0.15927477174329482,0.16834465260719975,0.1891346818070792,0.20957326156723452,0.27367263227519173,286.94377881176854,288.460553823943,290.22836077884125,290.9453111713869,293.23156696298753,1.0007548289145705,1.2915339920814364,1.0157663285542153,1.111484603208093,1.0994371153175797,train,strong_pi_positive
13126,0.27167510021055563,2.177843677655666,0.49254340074554914,1.2702462215591357,0.0,0.5711522140852172,0.07377682564716954,0.0,0.1943832875491898,0.16068767271842352,286.90164710984806,288.4428767425747,290.1396405726834,291.232847252901,293.5835821896371,1.51978872365381,1.2950551215033863,1.4387884475403734,1.391808244059983,1.2620972157925783,train,strong_pi_positive
13127,0.6874184413582853,1.5758028057520606,0.7685420727190627,1.6211366404645355,0.0,0.09308286226246076,0.35684175295353165,0.29911459361641096,0.04129286307456007,0.20966792809303636,286.3775027806871,287.7036387091591,289.519640928395,290.3605889394011,292.5603933179533,1.2724918383214152,1.3140720323174409,1.1590036492749816,1.111797674794807,1.216982471401369,train,strong_pi_positive
13128,0.49656007199471003,2.482785660527716,0.9044824902458403,1.4263657190341377,0.0,0.29991728682039254,0.0,0.1332183188693014,0.37063208568826944,0.1962323086220366,287.0800129611393,288.7704730632104,290.22944108068316,291.4775779249103,294.04081577078136,1.4303587894690581,1.1606963628671385,1.5706305667202176,1.4071596249466711,1.5787435445197704,test,strong_pi_positive
13129,0.4992016912838573,1.710159674204173,0.5969432034557638,1.1987585245661547,0.0,0.17610880569183335,0.18572578870452808,0.38121741475123566,0.0,0.2569479908524029,286.41504826674685,287.9699169295344,289.5004197240229,291.1234926475969,292.9338159790782,1.4294707887754028,1.663873850339209,1.5718819392226535,1.5262059900590386,1.5328037971816313,train,strong_pi_positive
13130,0.6139005260139982,1.6709031138121233,0.6128187452805891,1.1628890516572543,0.0,0.17574139466386493,0.2249238752062312,0.3158705301350674,0.02101216996964527,0.2624520300251912,286.48898991647735,287.7693015791836,289.2734267888283,290.9359597626435,293.3076857072824,1.738472881048848,1.4073683678836197,1.5746596320145636,1.5055948962119292,1.6953160900399673,train,strong_pi_positive
13131,0.2987075898596172,1.7849681376088635,0.6466922534837278,1.5346929195805945,0.0,0.260159612134487,0.23995625340856336,0.0,0.18836800003758225,0.3115161344193673,286.68167819181474,288.3981612806029,289.7510253556544,290.78713180842226,292.7379984614625,0.7959473073625603,1.0791743740044288,1.064688583140048,1.121424114914377,1.1801164466461709,test,strong_pi_positive
13132,0.17747672186002264,2.008737174294982,0.759585507966384,1.7289325745253241,0.0,0.35981442847819445,0.0870758759711196,0.01547150829907169,0.31351906184809636,0.22411912540351778,286.85849624396695,288.48830566552135,289.9889575812736,291.12666344892114,293.37282477628025,1.5828014837789504,1.33042156571337,1.437706294586492,1.6715822776668046,1.2820740234612424,validation,strong_pi_positive
13133,0.362196947484933,2.2177506223660925,0.2345066520045655,1.2745850194310904,0.0,0.49461943349497667,0.03654949987531774,0.01410591423416944,0.07692561894753916,0.377799533447997,287.0394305162175,288.65228311717095,289.8429297385266,291.3188909381367,293.0689221282078,1.6381346561013823,1.5650973205408008,1.394102667883615,1.3082980834440434,1.456263239149549,train,strong_pi_positive
13134,0.030751448270990654,2.193924452768406,0.27602595944123964,1.4688467203565236,0.0,0.5795697641482455,0.1848731875161679,0.061152771925071764,0.0,0.1744042764105149,286.9503375295219,288.26639466230347,289.86279652165575,291.468804076633,293.623756109132,1.1102941274640687,1.3872822393223894,0.9652973641953105,1.0568794974673728,1.2406338939526411,validation,strong_pi_positive
13135,0.6443881760848442,1.7424165676902148,0.6784167427694783,1.3584636568104527,0.0,0.14803320435793896,0.01723564540315415,0.5339080532980993,0.04863652203411237,0.25218657490669527,286.57690621180325,287.9341586447724,289.4573014852885,290.75535420191045,293.1364302789982,1.3767060281261045,1.171863613044508,1.2444985184714732,1.1838486566164392,1.357247485498308,test,strong_pi_positive
13136,0.4027185270968751,2.191195066985655,0.2981679862155958,1.6305731090823408,0.0,0.5338166239714818,0.14147018195617955,0.12669780425941624,0.0,0.1980153898129225,286.9482173247543,288.51246203223644,290.03900394555933,291.40065985121583,293.4460663800095,1.3205204605889147,1.3361796557448262,1.4006906447844345,1.4259188642327707,1.5763112691503938,test,strong_pi_positive
13137,0.4464616583933639,1.901685338036537,0.3920320051834536,1.1292569741733423,0.0,0.4486915292943949,0.2976340619547123,0.0,0.03219897161437064,0.22147543713652215,286.54158013393726,288.1569383746357,289.9417182197179,290.8883490845328,293.4907310627069,1.3033989365913254,1.5621664534737796,1.4980698884307933,1.6149916266848918,1.9047260454264205,test,strong_pi_positive
13138,0.5316343451536357,1.9797358794125932,0.4730026848321137,1.4178785680304378,0.0,0.3966412815318263,0.3237821200055387,0.0,0.05961028241328753,0.21996631604934752,286.8031275854466,288.0270533769744,289.7862587605247,290.96317110463724,293.0179583732754,1.298635139595189,1.0746932535872238,1.015185896210209,1.3117870958515963,1.0954156948912186,train,strong_pi_positive
13139,0.4049773868403683,2.3495164510506514,0.1428605218294473,1.6115165401457703,0.0,0.6579512947498956,0.08971857787081552,0.0,0.011570971979315885,0.24075915539997306,287.12331660044555,288.6898438790455,289.9489426772703,291.2978928322151,293.334202819651,1.2864880870443558,0.9829169707475756,1.1963300963345125,1.1181818317498182,1.0003620290582604,train,strong_pi_positive
13140,0.24014724670873278,1.830558170886317,0.4172462496039529,1.6233828951805542,0.0,0.5203453729365788,0.0790347507841984,0.0,0.15410574940987726,0.2465141268693456,286.47209226185566,288.2368591581266,289.413664300448,290.7924233053064,293.5622956431232,0.9900918048364854,0.8817856140435526,1.0603586164599244,0.9812713441386336,1.023336737609724,train,strong_pi_positive
13141,0.1919365111078068,2.2506541857626594,0.08292878518520928,1.418929621683952,0.0,0.594031658226172,0.004575013725299073,0.03946301241394424,0.004445379522982982,0.3574849361116017,287.0171848585622,288.40299086978234,290.029315810426,291.12103792037027,293.6585403436937,0.8904490622712575,0.965956793010028,0.9799203086638854,0.945502517406911,0.7996189549856387,train,strong_pi_positive
13142,0.7278614303191876,1.701907347454715,0.6560190401813054,1.5670222336101005,0.0,0.27764917975377246,0.0,0.124146451636793,0.2509362942722562,0.34726807433717855,286.61463926029614,288.11820490739484,289.26313889987,290.6560044862915,293.0461432534593,1.0667997405954173,1.034273110846641,1.1850706788359837,0.9855741678741043,1.0896090765618973,train,strong_pi_positive
13143,0.1970611518905739,1.6504253840808687,0.1506684420120612,1.717420206059348,0.0,0.4361966092793117,0.013267980843401646,0.10668978048676944,0.0003553403409450554,0.4434902890495723,286.4406182231426,287.73230501787276,289.4094679139084,290.74466483211154,292.9631193988812,1.3275043519479857,1.421203131439057,1.293308389297262,1.2558367060567444,1.375267108556212,train,strong_pi_positive
13144,0.6945175425077835,2.278147645478182,0.8930984352014482,1.3789110662650816,0.0,0.10039796440058105,0.052171329054869806,0.26779471539745875,0.27156619537455984,0.3080697957725306,287.04163566839577,288.8182815482564,290.05495858343204,291.4231031526492,293.7915464351522,1.5574770730079996,1.654765540258659,1.5500268172603937,1.456237297727317,1.4716559624010834,train,strong_pi_positive
13145,0.4791138383793358,2.3629814372850464,0.7309223264743052,1.3728131595088295,0.0,0.3172604367763417,0.2488728020544568,0.05670782380426434,0.19767085030779205,0.17948808705714528,287.2156998968542,288.54871929618224,290.12232781549335,291.38779336670933,293.86444458716187,1.101954651166972,1.2808812946324635,1.1132331525017463,1.1019877157924018,1.1343794138951433,train,strong_pi_positive
13146,0.15452936880602736,1.9917961074244128,0.3314836003457049,1.7008414334774644,0.0,0.2503343383302773,0.0,0.27158299391550855,0.014950303215098165,0.46313236453911605,286.7035267658868,288.0346775374793,289.8763093159858,290.9787416958867,293.0400877091238,0.8045731283359534,0.8669747145845865,0.8612347233814754,0.7775901556469832,0.9245098500720822,train,strong_pi_positive
13147,0.619050575136945,2.3873477727825945,0.4159981754625023,1.444549750893743,0.0,0.40994382511034366,0.1792124954118128,0.04056313933638838,0.08311127035715055,0.2871692697843046,287.32928086332475,288.64859266923327,290.20461604187074,291.68800490365527,293.7999537217532,1.7661564155049543,1.5216556554560177,1.6577794478295134,1.3844926670955167,1.4457335840672683,train,strong_pi_positive
13148,0.650779829140547,1.7879060845919947,0.645652301631953,1.4549448018209228,0.0,0.3385028584614794,0.1453521278139316,0.0,0.23515008690901068,0.2809949268155783,286.49151767011676,288.2551481272468,289.2993478961851,290.8210452836976,292.9558957696353,1.272839100743533,0.9275239026237865,0.8990560448519292,1.2329480516302387,1.0368970111339102,validation,strong_pi_positive
13149,0.804143421528714,2.1098661583683387,0.7251291536411295,1.67434714533354,0.0,0.12008593574662461,0.17220705674614417,0.32463632451875973,0.09914288618811276,0.28392779680035884,286.9309622886086,288.51880234999174,289.85201368880524,291.33540061872844,293.51664602074794,1.2322931099007979,1.104207357036913,1.1158846577102266,0.9873909192475866,1.1442583524771677,train,strong_pi_positive
13150,0.13493281653656772,2.356292441120787,0.18778883541019653,1.3522905502827411,0.0,0.7082030599620244,0.06161274415428324,0.010448233600131964,0.042863928827890654,0.17687203345566987,287.11508467704715,289.0389346359789,289.9198089401444,291.22272699519965,293.93174391729093,1.4974113761008887,1.5741508411345166,1.7331013758564788,1.4768185765425477,1.3527808526950662,train,strong_pi_positive
13151,0.806998143556859,2.1699632463842504,0.3541481431368381,1.2548691725014316,0.0,0.03312725778468121,0.0,0.27108047743663616,0.026533832850100993,0.6692584319285817,287.0412770206232,288.2946892164747,289.9910823156644,291.1044070385693,293.1527364077933,1.1977344672704207,1.2258526712440527,0.8514591766043618,1.0856989674229522,0.916930337954385,validation,strong_pi_positive
13152,0.3035308937970994,2.30102413695672,0.42282091573908204,1.6703340725792495,0.0,0.4476243548269515,0.2869724974905814,0.09400619124936027,0.005921113499570176,0.16547584293353665,286.95935453947163,288.31006615511643,290.1119738016014,291.337189318888,293.7748293780174,1.211408314670149,1.4838370598612347,1.1529110615797988,1.2746151325407404,1.6414616148160166,train,strong_pi_positive
13153,0.3022613705720517,2.4628133022148244,0.1988949222646969,1.6910846488022957,0.0,0.48706665568035695,0.08969331665803906,0.05998958432102313,0.009606010642817348,0.3536444326977635,287.18374176461015,288.833380847605,290.6947753846132,291.49718139013487,293.56842886255686,0.8172854387956224,1.3658797824759108,0.9069335625081286,1.1661859395642444,1.0691749110036084,train,strong_pi_positive
13154,0.6043930598567575,2.3335546779534546,0.3883659142474467,1.649146496953721,0.0,0.4759077417681162,0.2253528119736593,0.13301310227378735,0.0,0.1657263439844371,287.15664761630205,288.5137256463198,290.37521979023666,291.3470069521416,293.7332552471145,1.229389114030423,1.0380243963399722,0.938668915880518,1.0900953167918133,1.0963991032680778,train,strong_pi_positive
13155,0.5743448859534406,1.9559300912111466,0.7275568095121963,1.113545549370237,0.0,0.12103711169947438,0.4181296910129058,0.08591357919816461,0.09675676965056289,0.27816284843889216,286.5677132944428,288.2905691327228,289.3777575530849,290.82172361361626,293.26446352227276,0.9435986024518861,1.0795528485118981,1.0148231351116728,1.0734366545363425,1.021943275156568,train,strong_pi_positive
13156,0.47655302540727384,1.8057789968664983,0.6435999863754159,1.6182559172223243,0.0,0.08573317847557077,0.03032564659801489,0.5345860398939134,0.024344149941743835,0.32501098509075727,286.565784661954,288.1930791692395,289.41559597850045,290.93202915779193,293.34429510875566,1.6230329879957175,1.4979513515027085,1.6746297297996087,1.260511553660767,1.5490578562516557,test,strong_pi_positive
13157,0.11407697111748155,1.541322888120301,0.1894256960516027,1.1744405874602877,0.0,0.733621623216175,0.034656879706648686,0.004132063813148723,0.060318376265902654,0.1672710569981249,286.24706119421455,288.0362031224128,289.3972189107383,290.5414664894976,292.65174603914926,1.2418706215650634,1.3118987885581666,1.6970336324370994,1.454762874775271,1.290904930712933,validation,strong_pi_positive
13158,0.2395691412153365,1.5263034414854229,0.09950998356899644,1.5232440141944532,0.0,0.7819609830928694,0.04674157775613115,0.0,0.011384202906432649,0.15991323624456688,286.24096818957145,287.51118946637075,289.5813998363598,290.726905638915,292.7848309316559,1.5548703742934982,1.2700148233336734,1.6708944586172334,1.4191631621225091,1.3478269640253409,train,strong_pi_positive
13159,0.23381310424066848,2.0479516765866594,0.6799659855524289,1.4711136250408767,0.0,0.30666676420711475,0.22291717537898403,0.0,0.21352440508672246,0.2568916553271789,286.84109939875333,288.3834680515968,289.69699429067583,291.0573274025794,293.00021568404736,1.1925919017184052,1.519504572029299,1.4181938979227862,1.4439006855031187,1.5977778059724461,test,strong_pi_positive
13160,0.3284021849799366,2.392031224357555,0.5822669116316436,1.530227042100794,0.0,0.30390741872602034,0.16635854905896244,0.08735984888325932,0.1492742568447109,0.2930999264870469,287.3742549802415,288.84051086200446,289.94266742378295,291.2819099981989,293.9692169941273,1.1937700677877747,1.2065118652966698,0.9562651320625304,1.2196992212263407,1.126451842087665,validation,strong_pi_positive
13161,0.5080080298637176,2.43672012951364,0.23430559490880806,1.533148970363263,0.0,0.5783788568774043,0.08432989297507078,0.11997570193373729,0.0,0.21731554821378754,287.195288718038,288.48731168008203,290.00273381366014,291.3681943119166,293.7268465028174,0.9452654885008477,1.132214742862298,1.0393103221985451,0.8776072752375669,1.1025739033668434,validation,strong_pi_positive
13162,0.29590939700689045,2.3920797751513274,0.3848832757022195,1.1673828978954508,0.0,0.48488396065531275,0.2532774741581877,0.09482269050366685,0.003391555520182444,0.16362431916265027,287.24502885568216,288.5732418757693,290.1476829458869,291.3302432128278,293.64919130933106,1.427153682023623,1.50720789170221,1.5933980594925703,1.5544263062002706,1.3128437995734084,train,strong_pi_positive
13163,0.3162179370796878,1.6696220230610455,0.37779251598832275,1.1246091884847573,0.0,0.5850728106551952,0.028910674444164532,0.058520111278537276,0.13018086513281046,0.1973155384892925,286.6083464130923,288.0169707300354,289.55379785131527,290.4076992739705,292.6136615255743,0.9287703107378766,1.0855494316858105,1.2001165246048928,1.1347847265457287,1.0698346415307423,train,strong_pi_positive
13164,0.6251803338208984,2.331785349645714,0.558546301617451,1.493755914575786,0.0,0.3746127364281882,0.05140037856912098,0.2906769879162879,0.09323446756602108,0.19007542952038198,287.07357587098136,288.7820065622391,290.32811171202127,291.18731773028117,293.8201214721108,1.7515507102113481,1.2835862749593996,1.5089572735236476,1.3780300762566817,1.541287773283299,validation,strong_pi_positive
13165,0.26433424031935615,1.6379175764056577,0.2278700508206105,1.7250961771608528,0.0,0.6286194420293781,0.1730915996811832,0.0012666044145635221,0.011755923362431872,0.18526643051244338,286.2148093430383,287.8772079038145,289.2680021150849,290.7065189235155,292.9558093165656,1.6348166790187821,1.6819011734923912,1.420167487882043,1.509998125196779,1.40048475949596,test,strong_pi_positive
13166,0.36684288578346597,1.698661736396207,0.6903333521467914,1.3155741050532144,0.0,0.22900095609427112,0.4941378556991385,0.07346292104828184,0.04636628769968555,0.15703197945862302,286.6796526862049,287.83031299864825,289.602859637296,291.07942832160904,292.80583581084795,1.844438257319683,1.798751163921159,1.54737290065887,1.4098884206288977,1.67526538905234,train,strong_pi_positive
13167,0.7291346735277631,1.7028091601853217,0.6276642367471024,1.5433550275981303,0.0,0.25573163552416345,0.335060908000483,0.0,0.13130166437330973,0.27790579210204375,286.6496554425989,288.0764661726631,289.4740996824064,290.8146388016382,292.9228519586702,1.1088480342010976,1.0687492955439555,1.1918188163704384,1.3241860170570101,1.078039535379241,train,strong_pi_positive
13168,0.09625694102792275,2.1706679900186447,0.5384443119461639,1.7092622203835286,0.0,0.2998512687819542,0.5049383429320579,3.97379024173148e-05,0.0017331155558443661,0.19343753482772624,287.01262284402213,288.41442599893855,290.07659485249064,291.19158217144053,292.68412694514393,1.1149064927704484,1.244935628948892,1.4869150928824213,1.2918904506069162,1.2659481796816046,validation,strong_pi_positive
13169,0.4636439602488898,2.1249634747372097,0.8721981449389853,1.6642995670128775,0.0,0.3182136266066896,0.05770149728170908,0.09942393327939207,0.3425363571889421,0.18212458564326703,286.97433253303006,288.36105934269636,289.93602289345364,291.0660638381843,293.7429213222707,1.325898132627347,1.1325119644936252,1.5278492065504317,1.5306381602553463,1.6444870177208317,test,strong_pi_positive
13170,0.5408447281689991,1.9837157236027654,0.8545999050684472,1.4871650219776935,0.0,0.1502648296791599,0.41327140486300795,0.09095471101728511,0.16018689459407703,0.1853221598464702,286.86488046430674,288.47753254944513,289.66155965746253,291.13679755301126,293.0267768625012,1.270494107633304,1.1292246740536285,1.2580843865520033,1.2519775841617105,1.2933754535339725,test,strong_pi_positive
13171,0.4202968935081931,1.9439342392095469,0.6455507848875731,1.2929090067882398,0.0,0.1702873159660774,0.2517798040680281,0.35911100310086885,0.0023299888593381105,0.21649188800568744,286.63509141130913,288.2528414502073,289.5775997945871,290.81145144254225,293.51877907010646,1.1770010551222188,1.3567503562391114,1.3123000112854986,1.6166701495184612,1.3076837389469282,train,strong_pi_positive
13172,0.9014491034313376,2.176298390782257,0.8653243098766299,1.4482157337963169,0.0,0.022399932462386432,0.6066060951638828,0.0,0.11435910735637353,0.2566348650173574,286.9881116363926,288.44243067852386,289.69724006482994,291.2738857131088,293.19424587128873,1.0466507287628524,1.1098182343538727,1.3060672829109967,1.3291371376105001,1.100187889577029,train,strong_pi_positive
13173,0.7956721448968279,2.3378433235319025,0.6014826291130416,1.6273023420825095,0.0,0.3774908222158078,0.36492911812224094,0.0,0.10327675549540034,0.154303304166551,287.20663274033296,288.6036703194269,289.99709786976706,291.57802051699366,293.4944136664468,1.2402787963603585,1.0754667750032945,1.1273180369714575,1.3373915690128002,1.1207719030527956,train,strong_pi_positive
13174,0.20873090651720244,1.580650141599817,0.16172000876747328,1.4591512256981665,0.0,0.6595372856214495,0.1081531088286596,0.020303515444281533,0.0016316922472660663,0.2103743978583432,286.26923943330326,287.73966829392225,289.0464036162091,290.75343150425925,292.90339157965525,1.2878041104150522,1.3406716107466212,1.3694257993315972,1.2377758575652758,1.2064075187385566,train,strong_pi_positive
13175,0.3723454693413464,2.1568930126250834,0.8253100838914766,1.5339573570879972,0.0,0.10242004386367234,0.6808070499281351,0.010764155763561361,0.05186943909989004,0.1541393113447411,286.9321145527625,288.699955011553,289.94984773406634,290.8503157201858,293.37058853800886,1.57094964247345,1.7194509907192594,1.473671648360596,1.7054836513082208,1.4621329323699785,train,strong_pi_positive
13176,0.8470505093459958,2.336235964878768,0.9787592138520133,1.208949542536367,0.0,0.009989650427575233,0.5841563835932956,0.13226908498935003,0.11616687263468378,0.15741800835509556,287.13776219535356,288.4385306596537,289.7377893766462,291.3705073861648,293.4030420561578,1.0327459582572085,1.1131432274031015,1.1105624823300433,1.0135580573406948,1.0504278698257246,train,strong_pi_positive
13177,0.42966191119415836,2.404098547711957,0.6169894544170929,1.4608896121537727,0.0,0.3114050348249295,0.4191960362366101,0.0,0.08389670909024136,0.1855022198482191,287.14957316970924,288.7378476930187,289.70668417749755,291.21808326539673,293.5442323002933,1.4997092453174268,1.591422907486925,1.392437767057662,1.4793445323005145,1.4441885599892192,validation,strong_pi_positive
13178,0.34601641823950186,2.05186088881003,0.1416950840414011,1.3587981045715116,0.0,0.5385429106691071,0.0,0.05550832036576695,0.028093381837817084,0.3778553871273088,286.8262601935332,288.05426503674437,289.93066187721297,291.2665029006563,293.52658930548955,1.1860205217048565,0.8684980898897068,1.0959775251309611,0.9994760037871214,1.2912778978450907,train,strong_pi_positive
13179,0.8114553106489005,1.899185304197759,0.7564896559773168,1.1731039441837798,0.0,0.14970804840033766,0.4022223358900238,0.23765704215528038,0.04330513896600632,0.16710743458835184,286.4298496866834,287.9091201541735,289.56472406589916,290.8096949843307,293.2035323277702,0.9369618261949562,0.9543461214327409,0.9188620626197042,0.865986959905428,0.9209126062532345,train,strong_pi_positive
13180,0.5879879774919416,2.1899594445068775,0.18114163150813498,1.326547903293534,0.0,0.6710131179863257,0.03363737647735089,0.11750425503078409,0.0,0.17784525050553937,287.0247765475617,288.51513850324386,289.82535825380654,291.2378519002612,293.08824703737906,1.4012070770991032,1.1372837906709319,1.2154578380914283,1.2475396209963492,1.3615344069109192,train,strong_pi_positive
13181,0.4784245689614238,1.5762354549969104,0.817086243253024,1.283547855763812,0.0,0.11267000224605513,0.3666583462374977,0.31599436950928866,0.05221676375311886,0.15246051825403967,286.3514149644771,287.79622153799363,289.4464641800353,290.43139511507013,293.2559919578248,1.026068198243953,0.8782906884445544,1.0186889621700042,1.0058017715486243,0.8537911355257644,test,strong_pi_positive
13182,0.737551289383304,2.431808785835058,0.7932056627225746,1.5648227956274035,0.0,0.2015946091089261,0.0,0.5035487547758306,0.129828453973372,0.16502818214187126,287.13971191353005,288.7656405417254,290.0669671130967,291.3741491876346,293.1740239570088,0.9029683863675665,1.1376559952932561,0.7907483984177704,1.1338778447591948,0.8967819975735086,train,strong_pi_positive
13183,0.4385924166132712,2.284504790825482,0.677173486546147,1.1680573123180218,0.0,0.25210216869120994,0.14447777993663397,0.1702893149770503,0.16620319581623136,0.2669275405788745,286.99364436792825,288.6862055063928,290.1566820007613,291.4400910800619,293.25359609385777,1.6747228010617663,1.3918119957673887,1.3409354099884419,1.318753243092161,1.3615389430666114,train,strong_pi_positive
13184,0.40717981847128903,2.4801940718006077,0.3472742613601736,1.212858711956867,0.0,0.5301906112670568,0.17890513232137345,0.09973763496462476,0.0193157470370877,0.17185087440985716,287.18126353869616,288.5905963277528,290.2759794604106,291.6354410742358,293.9027095722569,1.0829659051320684,1.0251184831644815,0.9774658420837078,1.075525156383528,1.2370197699158862,train,strong_pi_positive
13185,0.32259477883128196,1.5884961263363548,0.18907631953737453,1.3269632174862944,0.0,0.4260691061321175,0.0,0.09596162738634995,0.031557346075512284,0.4464119204060203,286.3716859824498,287.69194308751355,289.13215653890296,290.4328449298727,292.5734167300115,1.4963501101866983,1.5875950771245955,1.8448459590669244,1.7900510200872688,1.6386934862439586,test,strong_pi_positive
13186,0.9039704552069446,2.355803957260635,0.7754527611591374,1.7280705168722397,0.0,0.16831330644731754,0.22531655955037935,0.1996076999354457,0.16026425083665619,0.24649818323020115,287.2999851129371,288.35966526671194,290.16174037672886,291.59399259598206,294.00089613747343,1.3164376552339667,1.0820997281924216,1.2393347949692501,1.4129479356373287,1.3158175139985593,validation,strong_pi_positive
13187,0.33400347736427527,2.2965058251918675,0.6692594959184583,1.4383194864780053,0.0,0.19882501207183043,0.48766702622351304,0.03114857084105738,0.06022194942694397,0.22213744143665523,287.0711372258333,288.52312329254687,290.0853686936861,291.26583965763854,293.1819560782376,0.9987266126117252,1.1219717133773186,1.083882527493568,1.0929639691869102,1.065212882265013,train,strong_pi_positive
13188,0.5533685516213337,1.6445880567408517,0.5338782375990628,1.5135450584505457,0.0,0.2840323749643941,0.2959937089942941,0.19830464006402915,0.00478994427036978,0.2168793317069129,286.39476038971986,287.93234716796593,289.2503805764935,290.7666562400506,292.41893912835434,1.748043619862037,1.6293908593303055,1.4430208871131194,1.3800640996291165,1.6894986956640008,train,strong_pi_positive
13189,0.1894191095022415,1.5913506660881116,0.08161884855781,1.535991062288372,0.0,0.760751867789485,0.0,0.04959603383265555,0.0010114073625772247,0.1886406910152821,286.3641989324837,287.8220633862313,289.36698680124795,290.79467031956364,292.4696396539371,1.6594635761226413,1.433421813805762,1.8091912175438087,1.44855133667975,1.8478694539587663,train,strong_pi_positive
13190,0.7907727755000592,2.0219019187963307,0.5772832016278137,1.3541376815125792,0.0,0.09956153927221907,0.07206482335823738,0.4752183782695763,0.0,0.35315525909996726,286.9580558765968,288.2485775680823,289.78308191934565,291.00989212984956,293.03478441966064,1.4629458606321335,1.471487266163027,1.4672916188044538,1.3410121867388987,1.2658623625919048,test,strong_pi_positive
13191,0.2791078745566263,2.488553662821141,0.07201930295296077,1.6133697636061306,0.0,0.7728476559001809,0.03942219895015297,0.0025971040028077937,0.0,0.18513304114685844,287.24835138202917,288.88024002774984,289.89158941748343,291.49064946525823,293.97935710578525,1.0441242662659649,1.0171900707847032,0.9978805519098368,0.9896037198027128,0.954964875877611,train,strong_pi_positive
13192,0.42919810643964557,2.2763536921128424,0.6734235437857092,1.3691897248800178,0.0,0.2537190909857171,0.0,0.5445871037025455,0.04941822004158187,0.15227558527015547,287.0543735611894,288.3514997047265,289.95142748025154,291.163547774151,293.275673680773,0.9846208978192303,1.328019939856489,1.2612494694309546,1.0151842116295313,1.021489417995029,train,strong_pi_positive
13193,0.20060479006607324,2.254534214999248,0.6231388692078628,1.2997613002341968,0.0,0.38977212942059575,0.04660405191950561,0.27005019862520663,0.13824230933157527,0.15533131070311668,287.1106322966513,288.46914633940673,290.05344918484724,291.2471834824329,293.24480353988423,1.1726109098344408,1.2243940079650006,1.1325932217101495,1.0651163001668829,1.1684717219281173,train,strong_pi_positive
13194,0.1225192073893245,2.448306789413872,0.3599212413679102,1.4062598396169197,0.0,0.4344976062784976,0.26423969271371905,0.024742257974609935,0.020469645339790583,0.25605079769338296,287.32962086065965,288.8079008792361,289.9491509033311,291.6251526375054,294.10877774844437,1.4172674940272516,1.341078869485371,1.5829042693586615,1.254213841514984,1.3905461070209164,train,strong_pi_positive
13195,0.2541729052973006,1.8249566189494688,0.6706388557867937,1.113013866174737,0.0,0.23274882155497048,0.07799780479425027,0.30364020868642944,0.129500421153057,0.2561127438112928,286.4981672731825,288.09939031932623,289.5767640275893,291.19167677557977,292.7758909767569,1.2389649210553715,1.2489877779960117,1.16821911269934,1.2051007840697143,1.097959021243438,train,strong_pi_positive
13196,0.15070892763696297,1.7670569554772948,0.17880140151072352,1.1734645759811333,0.0,0.12762717829743025,0.07739230360992112,0.0713543932011827,2.7352349809837857e-05,0.723598772541656,286.4935714246336,287.84223780609557,289.55304620851444,290.6058083957961,292.98093240636416,1.6820764598392235,1.3603060522374115,1.4102085806136824,1.399855282508479,1.3651331374026192,validation,strong_pi_positive
13197,0.39878972431188087,2.2302264515353096,0.6613644366648896,1.1830131436618363,0.0,0.36001794064316806,0.08974860074722034,0.08589310713164952,0.22786136439300986,0.23647898708495227,287.1190725037861,288.23943343379784,289.8433632310623,291.0075666036907,293.6084024193727,1.263878384459835,1.4025702643513387,1.1328671301488216,1.1914060918340172,1.2267380909026462,train,strong_pi_positive
13198,0.13559458815837072,1.8656263782469686,0.32343156998734235,1.588316244857125,0.0,0.34079347289745254,0.2605072396554994,0.0,0.016462165165921465,0.3822371222811267,286.6575470713471,288.26227541794384,289.6200453245475,290.96071371035396,293.5215356894858,0.7782374226098403,0.8401200021443653,0.9423917190686542,1.0296784086409114,1.0085928376211735,train,strong_pi_positive
13199,0.10393779239234285,1.894700859970989,0.16761310812717226,1.7153632658602078,0.0,0.2685175795768269,0.13398868181921483,0.0,0.0018122131539787174,0.5956815254499795,286.71378973137143,288.02539467890847,289.62278524827514,290.93005363404455,292.8622677827184,1.6010417944890876,1.39156099070003,1.5649538136016516,1.2823094227441947,1.3430166946293371,train,strong_pi_positive
13200,0.7154048861496833,2.1338786092266573,0.9970168739490659,1.7070503737579013,0.0,0.17924492087073163,0.236754234912299,0.14235310956250885,0.29395476473712906,0.1476929699173314,286.7867338632983,288.2538480908136,289.82592740810964,291.4101755383686,293.74782664915307,1.2673693617491844,1.1739240219520044,1.0409921505475206,1.2408169352900775,1.1188310512834987,train,moderate_pi_positive
13201,0.2763845547644919,1.8977137992898556,0.5639069074190027,1.2519006873866634,0.0,0.41465610171417355,0.32709861449810274,0.08730483294118686,0.059751729989856575,0.1111887208566804,286.76179621685816,288.49620025825755,289.5654463902382,291.07031518008654,293.10917916419,1.3334267027085533,1.3354789911928802,1.2416166889956615,1.557842125950364,1.306821042763675,train,moderate_pi_positive
13202,0.5683151649046934,1.7290066574732643,0.895910565246246,1.519241524553225,3.606705937217807,0.3744953847110389,0.2061041692900586,0.07301653063109001,0.29339493266254874,0.05298898270526366,286.5761115593276,288.1736693302065,289.165332982109,290.95259852796,292.5861993085308,1.1717820816794677,1.1395880367834792,1.1152154848478215,1.1232518819639352,1.274456898270835,train,moderate_pi_positive
13203,0.8526793881914083,2.0868976248803035,0.9588404314466226,1.7273078948033769,6.52805529101777,0.1024014351074722,0.46411863710527007,0.3218961729787237,0.07141281068131446,0.040170944127219554,286.80246959038965,288.20754449238905,290.07800291200897,290.9356771049913,293.3663164708582,1.2156817264650308,1.2049575519581646,1.1767953587723563,1.3843026116584853,1.074340451505319,train,moderate_pi_positive
13204,0.18950392214410133,2.2416688502961724,0.29056886017733163,1.2545425874001181,2.7562007400432282,0.764006479932182,0.12361581011114113,0.008520774771970272,0.06421613764711012,0.03964079753759641,286.9446960662911,288.44196930920606,289.985879623873,291.27652886553363,293.6347505067075,0.7474987209760664,0.9332818348121985,0.9146024879700833,0.9140047292521056,0.7673245811648001,train,moderate_pi_positive
13205,0.2847612328604031,1.9853874882154923,0.25842919612713067,1.4427773138103135,2.6183306690046617,0.7303771746218619,0.016174882527065868,0.21225431360006483,0.0,0.041193629251007446,286.7956310846822,288.0264848513228,290.03831246663765,291.1060853618774,292.66656811982693,1.6291958695521276,1.6226960100041856,1.6496603894142108,1.7247419279640748,1.0986388899014219,validation,moderate_pi_positive
13206,0.69984199551095,1.842055091651043,0.7008475299886574,1.1291935211024582,0.0,0.24665368447145053,0.28580783235226276,0.3850396976363946,0.0,0.0824987855398922,286.42540119918647,288.0263665548317,289.7506255133625,290.88065622722945,292.90884791277233,1.2691946486677523,1.339627616554713,1.282881867690741,1.3266752657767655,1.3338670198020888,test,moderate_pi_positive
13207,0.3525340013233841,2.1423827990139825,1.1605581781280896,1.6964776639806234,0.0,0.09861593690287417,0.05249493727499088,0.4538555803062838,0.3121038302734074,0.08292971524244355,286.7822767359177,288.392725664667,289.5506798546995,291.4961711427289,293.6207857626667,1.3424904778606541,1.300401035272154,1.3356270333737266,1.431818801193606,1.4491983742795511,train,moderate_pi_positive
13208,0.33096991925621033,1.6946089856106257,0.5194078404233698,1.1476041546609634,0.0,0.4836031048820956,0.31989767824521365,0.06262818851185849,0.05344098683314883,0.0804300415276832,286.79912405411676,287.9327143366523,289.5220935975708,291.01209091433134,292.87491237776317,1.168896138864791,0.9160273592861244,1.0310289331518234,1.071685230399705,1.0819844973371036,train,moderate_pi_positive
13209,0.28403716756042935,2.410757153728513,0.7254465734868749,1.5277279146035518,0.0,0.370623385061329,0.17934756089144183,0.1077453509403815,0.2041768308275258,0.13810687227932192,287.2077305024084,288.884203031176,290.20919634697947,291.80972739171534,293.4870813051611,1.7190148976105293,1.3448087185361022,1.3616514890160134,1.4497527760255768,1.7648652312290074,train,moderate_pi_positive
13210,0.28203211372664533,2.032811010627714,0.6569032775330166,1.5659304673086636,0.0,0.39172238016963595,0.39632817682703303,0.006952615601307868,0.11181124255233782,0.09318558484968543,286.91990133273765,288.1615116956842,289.6339209527269,291.07903217510403,293.46330997132037,1.4327329421800745,1.5756550421835016,1.4153250454887496,1.342197518647273,1.2129604721706062,train,moderate_pi_positive
13211,0.3492810723403141,1.5982439120836731,0.8181167738652182,1.3811935997369211,3.6684619605454016,0.284471359228408,0.29767117864047565,0.2561726128449534,0.11713649118989455,0.04454835809626835,286.29422834265955,288.06938293277483,289.34385180510515,290.5578984661126,292.77952859590977,1.3266862062529727,1.3877495106369322,1.2234790520806484,1.2319382386741684,1.3680883485818531,train,moderate_pi_positive
13212,0.0802860349567694,1.9865134263755309,0.10348940320945717,1.7012532353704684,2.2305926786947197,0.8549989853596138,0.0158983082915176,0.05759109491793957,0.0,0.07151161143092911,286.9407363541215,288.5739969248724,289.562587874497,290.9293755208564,293.3756361981244,1.2910180305328707,1.4509486748546496,1.358656765519926,1.3834798534749708,1.484520133840564,train,moderate_pi_positive
13213,0.32184946734819575,1.6849593380099743,0.6465500020067584,1.6546473200455383,0.0,0.24071180671756645,0.014292474154782223,0.5947926487134438,0.0037324395692661487,0.14647063084494155,286.5687294738772,288.1997945515417,289.27924357733457,291.0139911007712,293.34417400590405,1.1102720316259393,1.0536521374507832,1.1745384120616695,1.0526632563782288,1.3668508792039848,train,moderate_pi_positive
13214,0.2986600298730297,1.9018765524033507,0.5138191717552996,1.6613337014029859,4.144141532871112,0.5855877588085175,0.14905449158702772,0.12911411270247788,0.10282528373289695,0.03341835316908006,286.91381055586004,288.1014214696571,289.8413799380736,290.77646715584865,292.9655980371075,1.2288995081068086,1.1993280717252255,1.2838797087232112,1.1236732605044077,1.2058341958477383,train,moderate_pi_positive
13215,0.41034117336045495,1.5651870928427818,0.4427381321707634,1.6053600947129096,6.452692932449509,0.6062067301314927,0.21041758415472372,0.03912300715676012,0.0815987704296398,0.06265390812738358,286.447909551543,287.94639906009235,289.05562077117344,290.667801235385,292.95084902746373,1.2928361990550181,1.44598012820401,1.4524806988741794,1.378377269651688,1.2652352752158267,train,moderate_pi_positive
13216,0.8790042227665779,2.0473215335392827,1.044414858836715,1.2233787399277252,6.3092054982030605,0.09798731896866517,0.48155464214939725,0.2261540513626153,0.15335308266235126,0.04095090485697102,286.7634684816571,288.35173106841614,289.84604582995223,290.97210734769783,293.0877997292167,1.4696958902158686,1.49570901938144,1.6965800183117143,1.546258363341477,1.3740810334459277,validation,moderate_pi_positive
13217,0.6170977528974337,1.5860946833867273,0.5317498241399355,1.3027641849472305,6.403887193906128,0.48009594184413446,0.3314455119078145,0.12007350854222759,0.02511540184494671,0.04326963586087672,286.44152311923983,287.85439312713316,289.49629908491005,290.40525177487183,292.51455594284266,1.2577767807374474,1.2901108933913246,1.4983990140740502,1.3258988756259529,1.2366582743830834,train,moderate_pi_positive
13218,0.8447326817593401,2.372512310148112,0.962007240936517,1.391069175007492,0.0,0.031772378910806996,0.3952588000443309,0.3341646940073811,0.10129187344240256,0.13751225359507865,286.9981442632635,288.5642630258243,290.1418825436759,291.54794250597564,293.4077591712122,0.9746368553056548,0.9243071265228568,1.2462528849249765,1.035381075573243,0.9801159687418369,train,moderate_pi_positive
13219,0.4007743651312477,1.9708444384947867,0.9441016112099256,1.57532852423437,0.0,0.06859024808215933,0.5736198232818643,0.17374193457796458,0.0833699266750483,0.10067806738296346,286.62153747666486,288.2658510330949,289.8427849067408,291.20227092321664,293.2432900503872,1.9094523239336383,1.7315851882019617,1.6522006807407104,1.3910698613865136,1.5642565037799272,validation,moderate_pi_positive
13220,0.7794109066625703,2.483620766348084,0.9497844688816686,1.711456070693968,2.7965190652106795,0.15901159573370557,0.5597089543098537,0.06799220428499302,0.14604165514341091,0.0672455905280367,287.3656604439166,288.6129764729252,290.20928637552964,291.50909743751197,293.71191004958126,1.56420728821487,1.5191917378197684,1.3998184560047635,1.6705605201137799,1.5711394756428168,train,moderate_pi_positive
13221,0.6492625255812454,2.3716131250039565,0.6598725223271269,1.205146723240476,4.355022648541726,0.46568831654050596,0.2573190791186521,0.04627899164247371,0.16313722578300052,0.06757638691536783,287.29106586081855,288.37791142614554,290.2632562032046,291.37394582197203,294.0849087342029,1.184081756810654,1.0566000882241686,1.0706848058526897,0.9965441983803871,1.2116792295272572,train,moderate_pi_positive
13222,0.5190248307646296,1.5300812930554626,0.8856257462446698,1.1127520764950696,5.394375623854765,0.29301420274940654,0.15561707296009242,0.33515986354888705,0.18242440486784517,0.033784455873768784,286.4923801214078,287.6359521260083,289.15782923770263,290.59146820802977,292.67879662982904,1.677468569061562,1.4736817571801961,1.3505638681773713,1.5869174480591746,1.7555207122072731,train,moderate_pi_positive
13223,0.4770254070558804,1.6981378013332664,1.107788249452701,1.1127884687909826,6.138179539938006,0.17121000189863428,0.32447846697138494,0.10583611447866048,0.32373683400132774,0.07473858264999254,286.39456202196084,287.94921596936405,289.3370826895037,290.947482253282,293.60731631320675,0.9133124429328632,0.9783586456516272,0.9577331722527342,0.9345173559971961,1.1897992863952476,train,moderate_pi_positive
13224,0.5738083814521688,1.7569305945520068,1.0820450916542699,1.1130462873562208,4.687556132017477,0.156400837795794,0.3960660387193396,0.17891600408675218,0.23853152442408904,0.030085594974025093,286.4303066881577,287.88141591024237,289.65120217904666,290.924918378291,293.03132166923695,1.0194597814999744,0.956736380156024,0.9960553332670812,0.926560670248594,0.79598108823503,train,moderate_pi_positive
13225,0.6783896201688865,1.715432334890164,1.0403741756004319,1.1177770913025462,0.0,0.20022277005656083,0.13283935840506428,0.26002095500029004,0.3087569310975388,0.09815998544054601,286.56597598210203,287.8715499185197,289.3449338624179,291.0794106101335,292.53778279357005,0.8697603868006231,0.9642210134363276,1.098234330564762,0.8463685335357686,0.9828638424960088,validation,moderate_pi_positive
13226,0.38749907509899134,1.8396899164426301,1.0368550832530583,1.6390517598675456,5.137573387240577,0.3317841766586089,0.07689189429311999,0.1558095888308529,0.3870768000645427,0.048437540152875595,286.57908412619815,287.8448101015378,289.4257692019536,291.00674431491467,292.67262275313624,1.5435495147237963,1.5196898561512282,1.6866148426536685,1.6677660307727136,1.5346872379608936,test,moderate_pi_positive
13227,0.35209963639755887,2.420287028516204,0.6347702919862748,1.6263123244140862,6.18609550073593,0.37638871427113,0.27380108156359434,0.3016235416232649,0.014672834399707775,0.03351382814230304,287.2779936091028,288.46649416431455,290.1285970604728,291.2499266842657,293.82839946405835,1.3109244502410653,1.4815680200286374,1.5011802408660566,1.3279008511031438,1.2113854842412404,train,moderate_pi_positive
13228,0.7469651191537592,2.353124772556009,1.114615297358971,1.717958811060095,0.0,0.024758267752338452,0.28205506734778474,0.33324561459957464,0.23465730770580573,0.12528374259449646,287.06243925416294,288.4755361143688,290.15581070979727,291.5485211741372,293.7749877836461,1.338886185524855,1.546249280149946,1.840284398913992,1.5282384532748083,1.5447704488740992,train,moderate_pi_positive
13229,0.5942247264645671,1.7497671025617718,1.1050794702874933,1.4153470083725277,5.585122215179716,0.18822031704653583,0.1289202026426275,0.2766945405947055,0.3347323635250801,0.07143257619105087,286.50958676859375,288.01447285460915,289.6997167824447,290.687927655842,292.69960700651137,1.1879156071656187,1.0543236755699548,1.0716517700216786,1.2997899078631094,1.0460775172516341,train,moderate_pi_positive
13230,0.6676881852700508,2.070382694564965,1.039545890134625,1.121837065077062,4.00051761354621,0.08150690482476054,0.43241115068297176,0.26852659200326395,0.15430407372419463,0.06325127876480925,286.9531626442084,288.43876030462155,289.8676060697448,291.2162233766624,293.1821726774056,1.5379321465102316,1.5739667198143203,1.681286890255723,1.5771972399065384,1.4314071391596115,train,moderate_pi_positive
13231,0.6497409750045345,1.751236995000708,1.0372670881903687,1.6071379541086912,4.786115849709514,0.3426679605453688,0.0,0.23216399369465437,0.3875515472478571,0.03761649851211974,286.5581981043786,288.0043083445537,289.45868618905655,290.79897720588684,293.00191872165567,1.0354142092795096,1.164721106452655,1.1008888959374596,1.1310937418561602,1.2764001664505296,validation,moderate_pi_positive
13232,0.28637059287610805,1.9787404242663817,0.6391922998829003,1.1057687653607853,0.0,0.4033704625570502,0.40494091717875036,0.007628701618542839,0.09831134054280351,0.08574857810285305,286.6834866764343,288.2502336861681,289.70056076718816,291.16070565475195,293.3524640164185,1.090280677311552,1.1232232785139582,1.0570012827730813,1.143720704828751,1.2209232287951342,test,moderate_pi_positive
13233,0.2132758912806082,2.146337148918761,0.3691298174294473,1.7378876481353291,2.499800471211378,0.618713809043264,0.2208893117419007,0.09923348919936324,0.00950350824409167,0.05165988177138027,286.8277557878552,288.37089234576985,289.97032698887165,291.42849060467614,293.3867669760391,1.41741467252639,1.4076373947413776,1.6121413808111789,1.675814739687807,1.319884511069805,train,moderate_pi_positive
13234,0.6088329648921199,2.4385140886460577,0.7411451339414395,1.2885707877204904,0.0,0.2803057091155428,0.15592061832571283,0.31504994243332457,0.12008728659120109,0.12863644353421883,287.2525227172578,289.015990941961,290.22100619749864,291.33114211464095,293.686004337248,1.2024766749940337,1.2045113342870228,1.2789255315488357,1.1364385866709643,1.3075817483269951,train,moderate_pi_positive
13235,0.686126478182819,2.2468984266194423,0.8869684083722953,1.7020875604394874,2.1253336946889867,0.23039926282950854,0.27869312662717877,0.31240763921367937,0.13293382126571865,0.045566150063914616,287.06737572750995,288.7749912768032,290.1993571286595,291.45602445012787,293.2578199151953,0.7907431447404879,0.7300462703294484,0.8146151958708332,1.1465001556809522,0.9585468871703482,test,moderate_pi_positive
13236,0.21450972353198292,2.424254642841983,0.25294803605264804,1.3755969213545556,0.0,0.700134014937214,0.03293388270261102,0.17397470271271637,0.00801972531866034,0.08493767432879824,287.19170489035776,288.39001607377986,290.07253279512355,291.50768717431436,293.42887686635197,1.0524113450645496,0.8953971541807014,1.1311313234469405,1.105704129877221,0.9865413236654775,train,moderate_pi_positive
13237,0.35307843062950894,1.6760611517974975,0.98107688535679,1.5230857240870277,5.167328846826647,0.2641330200618632,0.212247926555753,0.21804662269416217,0.2603911680534374,0.04518126263478426,286.5859999454998,288.1501470696175,289.43212151422745,290.70489613468624,292.5221173289352,1.1686318839269694,0.9804244568944808,1.138683060193658,1.2823071232560461,1.2898219400258588,train,moderate_pi_positive
13238,0.38734594121660554,1.555508413764123,0.6579684560650643,1.7232192488812528,5.144268816352247,0.40121602362054226,0.2650884504941482,0.22267602971919068,0.07010198792586272,0.040917508240256126,286.29219178401013,287.9685365123542,289.2206145707384,290.709371058943,292.5717715918499,1.3961226796331774,1.2774369075767122,1.5043650209642525,1.3595143482715235,1.802058601161313,train,moderate_pi_positive
13239,0.33631216651456997,1.5687311458364182,0.45306575236136826,1.1210253206296559,0.0,0.6273304162938973,0.0,0.10204516215631705,0.1605102951025256,0.11011412644725993,286.31102786975146,287.5842833347429,289.34955193225653,290.80967276517646,292.7454104381593,1.459122349829035,1.782343269475773,1.4212493970026239,1.460494874220348,1.2476307865346594,train,moderate_pi_positive
13240,0.2851511042102603,1.5839982282685185,0.9159689994788116,1.440107284010434,4.615341913624736,0.504736121913876,0.0,0.0235052241379544,0.4312318876704286,0.04052676627774088,286.2735887119928,287.9552697360004,289.3212887077862,290.7776286986652,292.9632741958202,0.9272084691485827,1.0592661342218908,0.866385271369456,0.7619955031186346,0.9301669405283308,validation,moderate_pi_positive
13241,0.5614183460820568,1.5339550322291378,0.45907942626066256,1.101858497848266,0.0,0.4943174005445055,0.07967349518150112,0.20354689666479236,0.07292951720718455,0.14953269040201642,286.2643496190276,287.702638925116,289.22451461590856,290.54356321279573,292.64318656705865,1.1280917697353219,1.0953380549236633,1.0044448215789663,1.0202502886045786,1.1507264567349338,train,moderate_pi_positive
13242,0.7081536470471816,2.177553226394844,1.1433858569677917,1.3077899376799715,5.6485854519483905,0.1977937895193381,0.13986432367295856,0.2757891167517871,0.34886620827152304,0.037686561784393176,287.04918087556496,288.3621550701805,289.967554434989,290.8255603207162,293.59816540197164,1.426048497809018,1.4434107735188288,1.6063349779974476,1.159400308796939,1.5723822331046027,train,moderate_pi_positive
13243,0.3719394564927186,1.5210331928337708,0.6819085783664085,1.4399825414362837,5.840619408727945,0.3490023551755655,0.19195506205148657,0.36153030709797773,0.04921160460847209,0.04830067106649815,286.28375213211143,287.9873761483478,289.5379511116344,290.52213344593264,293.20382936846727,1.3484342017945135,1.1244718464182737,1.0230484820845058,1.0895627707946975,1.2500489007660858,train,moderate_pi_positive
13244,0.7822474867333957,2.0312779579580096,1.2,1.631738148297325,2.9832614043573957,0.048770485616690736,0.0,0.49952039260940234,0.42050299945812875,0.031206122315778212,286.83803342543445,288.3866405782205,289.89644603324143,291.1258916129868,293.07165967818196,1.1430718305607097,1.390625827751697,1.7817961943134228,1.400521396867357,1.3491687224145343,validation,moderate_pi_positive
13245,0.03447483102174173,2.057952077679307,0.23532603971616034,1.730228835620416,0.0,0.6817580930216468,0.1800230440338016,0.0,0.012651497841179369,0.12556736510337232,286.827287782143,288.14897226277327,289.7435688570464,291.1010654879105,293.5424891189261,1.2856835243988882,1.379537385638045,1.4200856195926097,0.940403050188802,1.310555057650591,test,moderate_pi_positive
13246,0.36138013673186536,1.9455720037225577,0.7040356885230077,1.4850830200667506,5.803716610495965,0.5785928988987084,0.027824124402916126,0.035827061839595546,0.305192251140248,0.052563663718531856,286.7875333570936,288.25759446668184,289.5380270132794,291.0108403437642,293.4569594743258,1.3911611695237647,1.517381755066872,1.4102267693216064,1.6422049398076808,1.6836280178664487,train,moderate_pi_positive
13247,0.06870933691882321,1.9341325004246377,0.6060471869104196,1.2027299096268869,6.426290292088041,0.6460988303139169,0.0017817080367298571,0.038275667869412056,0.26799490550213884,0.045848888277802466,286.55735381476967,288.49483704878907,289.74529357031463,291.0004731406367,292.78139492597137,1.0058429053200648,0.9412800661124247,0.9497378827661083,1.0034992081353558,0.9071502449963937,validation,moderate_pi_positive
13248,0.37935662936226744,1.7490050046737706,1.0224484998828676,1.378082120885527,2.7906028919603507,0.16719673590590242,0.5639564182825513,0.008713441851833844,0.20988931987424123,0.0502440840854712,286.62524686701687,288.02660827535135,289.65420319522894,290.72230321438155,292.9091764337384,1.3854722629835938,1.4177316452645086,1.1853748684343524,1.152501871643228,1.2875137225329942,validation,moderate_pi_positive
13249,0.71357063013192,2.1698507172765242,0.6399302941179391,1.4009287281157963,6.778754290380592,0.4694485296129727,0.21369566722306085,0.12579228342958437,0.13522117173264694,0.05584234800173515,287.14479089515595,288.40073165509756,289.867145548786,290.98245245423436,292.6882337987234,1.361342717896296,1.5239775348705717,1.5450275004728615,1.325038365865436,1.5523684922419765,train,moderate_pi_positive
13250,0.365699887476865,2.2931705224876926,0.8436297886308979,1.485699445600978,3.5285899157363274,0.4334487454579851,0.19884453753151368,0.024063504440109643,0.2953608733296373,0.04828233924075421,287.0526620396549,288.50156282555673,289.809850121056,291.2830232616113,294.111640929604,1.5562536914264868,1.9425467192421673,1.4371110332247168,1.4921030312171746,1.3682954750821517,train,moderate_pi_positive
13251,0.2872262576396117,2.4477469285450972,0.31768702539012295,1.2123912874834333,2.672198455492458,0.6732043590764377,0.16901536623114097,0.10492638018153513,0.006872639488723408,0.04598125502216281,287.2812075300309,288.71884588619747,290.2465911788093,291.5552681426933,293.80738876237416,0.9027766972437509,0.9174478072027201,1.024200908334462,0.9443976671993296,0.8322450354830604,test,moderate_pi_positive
13252,0.7040232186930394,1.812336122620327,1.1428405537062736,1.6398648508839657,5.392165239287212,0.01874381221923072,0.1559029098505151,0.5730106926136975,0.19196347562103044,0.0603791096955263,286.57182818493357,288.17833875336413,289.6663429976173,290.72272842379084,293.15683690229673,1.4596075678240834,1.5829328364833717,1.2339900451585422,1.3262610847744938,1.3948850507773158,validation,moderate_pi_positive
13253,0.6736969821466965,2.081239623643838,0.8174434951928873,1.3915472728317249,0.0,0.21721040813259027,0.2602243232876221,0.28090977498580805,0.12315469845972857,0.11850079513425125,286.7480381915519,288.38679475342803,289.7832121429737,291.27067988269187,293.1856570183523,1.1330445950293628,1.2907041113901265,1.428374443440308,1.442683435114124,1.6175281187230002,validation,moderate_pi_positive
13254,0.7372439374012442,1.7536598199429045,0.9575300570127558,1.532914888800724,2.9528890277143476,0.26472101006335874,0.4316280470412487,0.04458408925344115,0.22565896035903302,0.03340789328291844,286.50071030686775,287.7833013739208,289.5436922630559,290.80466477310273,292.7447512087945,0.8576420530232156,1.0351132349561418,1.092953575909864,0.8083755076854686,0.9975693265848958,train,moderate_pi_positive
13255,0.4173571400800341,1.8593060189697428,0.36929951472526357,1.6439342621064936,6.602290277541438,0.585332098740499,0.1841683625562633,0.1551311521690003,0.0,0.07536838653423732,286.69500662950134,288.0734137026874,289.70719605528996,290.7345580419923,292.9990398233204,1.3051453398424209,1.3321164685226947,1.5101371766721108,1.3899013687212698,1.3155944510450301,train,moderate_pi_positive
13256,0.19492184361554826,2.0382968823392047,0.7617074792488273,1.160815714440901,6.876799607025396,0.3931217729405724,0.38123552091458973,0.03967572195660347,0.15539811818881707,0.030568865999417258,286.7912698776842,288.1242033645661,289.4771098830604,291.05366048621886,293.01541246962165,1.797967355219505,1.7182466883047767,1.6597285638425132,1.4948064747298138,1.5949933205333608,train,moderate_pi_positive
13257,0.3088668461550505,2.0043388573945657,0.8024209278888189,1.5773479409339288,0.0,0.23360056625166273,0.14867858019073213,0.4472832992262789,0.08822952423590397,0.08220803009542244,286.8429221578662,288.2614957014699,289.9668388714037,290.73008839187247,292.9908312472703,1.2525487420079353,1.2219602643560752,1.4167289026234633,1.2583679845029898,1.5000722706687368,train,moderate_pi_positive
13258,0.3104871572923783,1.9646249892349061,0.5686133944748952,1.5779053666796972,4.564945830219143,0.5346251050196223,0.24469018813483,0.0,0.14696160317003257,0.07372310367551524,286.8079659922096,288.2844539819866,289.91984429586006,291.0514359114327,293.0920431423267,1.2276928090479267,1.126472921720006,1.111447601230509,1.0878689263279806,1.10841302331682,train,moderate_pi_positive
13259,0.4767550674884075,2.0221359145215945,0.6434404982719073,1.3433589700408926,6.2023807747601305,0.4683084484341008,0.37757198297440947,0.0,0.11793425764874894,0.036185310942740787,286.82687273380935,288.3964903904059,289.4527697566536,291.255938444516,293.2530702889197,1.0556312334241387,1.189760253420947,1.0904287433028683,1.225105291894814,1.1394073479791689,train,moderate_pi_positive
13260,0.24148473324268205,1.9173971386358795,0.523668825983526,1.2889653249771604,0.0,0.5409798528652267,0.22421113762818703,0.029335718400242336,0.12006098497754834,0.08541230612879565,286.73626447263194,288.41991863,289.83549688823206,291.1019904958898,293.0490338275673,1.1099187937306643,1.424898139243452,1.0169671403464042,1.2503849530159181,1.0281024120004514,train,moderate_pi_positive
13261,0.6463869733456442,1.7786703507539579,0.8473525217481211,1.5734659738067853,6.3009312975177885,0.18447581506586425,0.705869471945419,0.0,0.055741524901351015,0.05391318808736546,286.4803492232635,287.9967360553094,289.5548536167287,290.6196227472582,293.57792024546245,0.9880275891171914,1.0564445566935812,1.0794924603177458,1.190284257312309,1.0662878628809034,train,moderate_pi_positive
13262,0.6090371054702414,1.791498473859352,1.2,1.662494634306861,2.5142750457502765,0.19372553895002936,0.0,0.30287908600483915,0.4635249715003632,0.03987040354476828,286.5685790367512,288.2192497092326,289.67355634442396,291.10542671601263,293.01039741796393,1.2618655541330508,1.0252517268574242,1.3065200393103897,1.4494106154272275,1.2552660934272772,train,moderate_pi_positive
13263,0.40995427330505646,2.0269715647546653,0.5189399585490848,1.1743990490253535,6.2554313463857225,0.5767934679470599,0.21791070331550388,0.0,0.13551462761679045,0.06978120112064577,286.8460911677975,288.5209803155797,289.7444725526589,291.03167818371844,293.0320265891057,1.275716313664666,1.7256403473983875,1.6354075142502345,1.7001559905605381,1.5835372889254866,validation,moderate_pi_positive
13264,0.29777084081030886,2.1548003362444463,0.5321653765930842,1.4466894033163644,3.3422712848843825,0.5946065521235526,0.12590915266648006,0.024685338067241946,0.17578544292968107,0.07901351421304427,286.9851101935033,288.3550444939238,289.8482539357854,291.130933893283,293.51418932225914,1.3897523148366624,1.4129289134920546,1.7685199123409008,1.270979475396304,1.0949176497886717,train,moderate_pi_positive
13265,0.26978958875218556,2.48250534091598,0.2978285946954972,1.2008936509423,0.0,0.6609418777351453,0.0,0.1186865147390244,0.07457103997823641,0.1458005675475937,287.21675247497234,288.4460501834891,290.2211483162038,291.7389078341889,293.724904856213,1.3415361613566965,1.4560043299370196,1.37456054347555,1.4094446658256754,1.5317725637142443,train,moderate_pi_positive
13266,0.39992634855032994,1.6107946786611969,0.5851334993125341,1.359867066634854,0.0,0.38063017582666553,0.4437860782605462,0.05082787122826718,0.03025977491186038,0.09449609977266062,286.3252446304899,288.11229064082,289.47919786486653,290.6748096736938,292.7088371568045,1.5148683347703504,1.3928995568855076,1.4069210578011722,1.4425454270732152,1.3659124087905634,train,moderate_pi_positive
13267,0.05955558355621718,2.1495653661503575,0.2723474937545089,1.4308983198245906,0.0,0.7502804239724451,0.05331576713293813,0.01546049823080857,0.0867856141953811,0.09415769646842718,286.9655014526106,288.583625219163,289.57769346021445,291.28715988859716,293.7964524956299,1.078294006020487,1.1860170294303434,1.0218243800507183,1.0098375871082288,1.0780648698812592,test,moderate_pi_positive
13268,0.45846023898944444,2.439162692348952,0.6958534007813012,1.153461819551481,6.988320438073614,0.39387365100979144,0.3671562000257293,0.04196927725553083,0.12836396175002054,0.06863690995892802,287.20715414930703,288.5289642877383,290.11151151594515,291.5245788513396,293.56618779512524,1.2224678317379516,0.9607991891309069,0.9634451427491373,0.9312905040086992,0.939767303372242,train,moderate_pi_positive
13269,0.5733475259192378,2.0122451260424072,0.9987041789425202,1.1123014541956153,2.834563893898817,0.41197926572257526,0.0,0.11736984176020024,0.42566716859115994,0.04498372392606452,286.72441472466636,288.461811207017,289.9997079351314,291.12724047387366,293.57222497251,1.0851920734805989,0.9736455430527661,1.0190466735913395,1.075305221778353,1.0051304587855594,train,moderate_pi_positive
13270,0.5816719247106682,2.259945249366131,1.0102272953030984,1.1111671313736533,3.3412459180473757,0.3476449503525074,0.21251245082424178,0.015040378741854933,0.3763372328685008,0.04846498721289508,287.1810071581955,288.6802964654692,290.0355390763636,291.23748362436294,293.6731852032877,1.7432993448152785,1.7824012185498628,1.4313592164669435,1.4614910530250744,1.8802342021702116,train,moderate_pi_positive
13271,0.20726680710595638,1.9304775287460187,0.5560417305551892,1.7485330381317448,0.0,0.5021999322935096,0.22336064284016824,0.05624220466122894,0.12321944152689605,0.09497777867819723,286.66324255165085,288.37709744501336,289.76949375079107,290.83022339301425,292.99721176695584,0.9160946460028235,1.0729149359644592,1.1044419020359324,0.9572566051667385,1.0453853755694869,train,moderate_pi_positive
13272,0.30284550964522383,2.19226500939583,0.5372235440782555,1.2817844884087515,0.0,0.4031780012464112,0.23726697776525288,0.24420469423620944,0.012875936038396579,0.1024743907137298,286.964226122849,288.5284650039897,289.73879894719505,291.24768839873445,293.6008212698988,1.1872151363465269,1.2650028366589012,1.3799534582129125,1.4143378866467213,1.1946801966493366,train,moderate_pi_positive
13273,0.21550053610775927,2.1839340103260914,0.6311036694031888,1.5308779036027513,0.0,0.3332167609431298,0.4495458023756704,0.010281340369087481,0.07063826332921551,0.13631783298289696,287.1004230949378,288.3163072119131,290.00619761278676,291.34918285733613,293.65982338606875,1.2929014767961051,1.286803762029069,1.2309458109155629,1.138170711645006,1.2710545481195914,train,moderate_pi_positive
13274,0.5063309033670477,2.196176565030229,0.557776514815339,1.659894438652255,0.0,0.46057474581105456,0.28277183977028736,0.0,0.1225023375225258,0.13415107689613215,286.96135343830224,288.36774831170385,289.78361048545787,291.3259606247483,293.34259864246,1.0828501272200368,1.176213339652371,1.0749199213328688,1.1996505783151579,1.1274370312132895,train,moderate_pi_positive
13275,0.7798936206163011,1.6609333758640212,0.9146772782032269,1.712668463434213,3.2785961261877397,0.12288700630413754,0.5918739535820964,0.14717007160475917,0.07281662650818566,0.06525234200082125,286.4750921847344,288.25369137923764,289.33995307666004,290.394579948649,292.8609449301266,1.6249119346535015,1.4434016586568,1.7727164852400084,1.4150174362784995,1.4054069311306756,train,moderate_pi_positive
13276,0.5243716265848813,2.1106622568631175,0.5728594876869968,1.6191273321628972,4.455782654984544,0.44288351318648367,0.294161278769734,0.18200899671882018,0.03334460609922131,0.047601605225740834,286.93765699632235,288.4604214125917,289.9360042542814,291.40807857346454,293.3084046788861,1.4014799086591039,1.077262858973407,1.3987749559845306,1.4258977954751069,1.2902220071067751,validation,moderate_pi_positive
13277,0.462703046300638,2.4627677942523354,0.8910329047365739,1.5752353285684377,0.0,0.2511583361212578,0.3365699068887325,0.12609695769943197,0.19918302007420474,0.086991779216373,287.117975410044,288.6810517147825,290.3059259994633,291.4173862077978,293.39675295921444,1.1787346715657132,1.0962204160678486,1.0854040797415232,1.0321922051838335,0.9778016888859256,train,moderate_pi_positive
13278,0.20030890406259616,1.6456110036718257,0.18972877883757813,1.588909284767078,6.85347344788528,0.7827564256186187,0.10414959911839808,0.049522119023022816,0.0030285303480786234,0.06054332589188173,286.4079769207706,287.8778243440892,289.50618814107844,290.62421045616975,292.741745978857,1.5627511408829016,1.5642652814268565,1.436599962134658,1.1336633452628113,1.3005333495367912,train,moderate_pi_positive
13279,0.7953805847852429,2.309502025076578,1.2,1.5504013964300634,4.7114173368786805,0.06149080549929436,0.07696496533441129,0.4898916800026,0.3361707584271974,0.03548179073649706,287.2041696055411,288.74613401602636,290.1816857437285,291.4313220743471,293.69455981609826,1.3611320994118947,1.6730022252871397,1.3764109683376349,1.2661362065562927,1.459012828385048,validation,moderate_pi_positive
13280,0.4069351832179315,1.8689130082240406,0.6421214589058578,1.5582864526228528,4.7774762675591935,0.31847844597304625,0.0774421207023512,0.5260552731372061,0.004312032533150271,0.07371212765424608,286.7246506930438,287.8987668720547,289.1852670986897,290.69857203421316,293.46808590329306,0.8852600740440294,1.1816689446718687,1.1830770226752352,1.249341856819554,1.0406890380000688,validation,moderate_pi_positive
13281,0.791840731947023,2.2786366670273432,1.0859671439968466,1.5056940319745926,0.0,0.1466371397476609,0.26141154479456036,0.2117434094096784,0.29140609489630387,0.08880181115179632,287.0531119044237,288.55987676543174,290.0469309326461,291.11180157362435,294.02589879729504,1.5999237765789478,1.2331101277047802,1.6668432467436,1.4890344776117928,1.3818117264334548,validation,moderate_pi_positive
13282,0.6614052279663641,1.9620819310137825,0.9490906247091395,1.4376990105652634,0.0,0.20453582925478828,0.21513444394399747,0.2625133918156391,0.22072139447475148,0.09709494051082357,286.82606097544385,288.25186306560437,289.47826145929736,290.8548366024607,293.18670908675597,1.125369621993099,1.0972217931698638,1.2983670212628908,1.1669956266040435,1.0094884512111666,train,moderate_pi_positive
13283,0.24477863553720336,1.9406255647081663,0.3603307142780046,1.6724027459770368,0.0,0.5904479032335442,0.24368217530378655,0.08076444267851668,0.0029420481478506714,0.08216343063630187,286.69926293935623,288.17238165199734,289.8577198850074,291.0694368251144,293.3368057827835,0.9504120287708525,1.2455808453644381,1.0810313179466124,1.0536360124721338,0.8794930439934685,train,moderate_pi_positive
13284,0.4911903725332632,1.9973545042418923,0.4999243397443439,1.455967123030468,5.315042821514595,0.4763206343469789,0.30799378979916103,0.1329525416493526,0.014489004147915121,0.06824403005659223,286.7761102189814,288.07371406262735,289.6215225251269,290.892549881901,293.39588068815556,1.1062473201459762,1.205282605366326,1.1377735344307331,1.1588847029352307,1.2474559426398797,test,moderate_pi_positive
13285,0.2729112193096785,2.3822747051322044,0.7665005796601908,1.3342493400963922,5.820947562035757,0.3238058754586595,0.14670155376376837,0.34428121626366986,0.1227589048163763,0.06245244969752596,287.1121684444993,288.96066814205545,290.1902558290722,291.30170689246876,294.066436218093,0.9340876232320096,0.816278015233244,0.9994780323219333,1.2158252244663936,0.9199967536214008,train,moderate_pi_positive
13286,0.8148711150126998,2.4396246092815583,0.9230650353906309,1.5686505733386633,0.0,0.2215005409994203,0.267540865127246,0.21947798563623466,0.20302309231357515,0.08845751592352404,287.2012128676275,288.5411685800723,290.5567082602666,291.47053676758594,294.02178440209445,1.2175545543689856,1.1366896241749318,1.1670410036006582,1.0726143806010693,1.309368631580276,train,moderate_pi_positive
13287,0.32810223080256057,1.8616104234966766,0.4279702522932181,1.2863083118724667,2.0058608405553553,0.5383953424626513,0.048621141798447516,0.32128266834897024,0.014033221072900197,0.07766762631703084,286.55877594414704,288.3341049069566,289.42236296245585,290.57976369703204,293.02856733291367,0.9024730513222965,0.9968710475520411,0.8982597546069664,0.8975621527367464,0.9096076580277026,train,moderate_pi_positive
13288,0.7746802873527502,2.496156376396726,0.7444062416991716,1.592651826277054,0.0,0.28260040841837236,0.1985631408031938,0.2364613813943628,0.1396908597508075,0.14268420963326364,287.28397663102675,289.02393034691653,289.60282970668345,291.53101512676886,294.0585054001696,1.41708903813005,1.400048696688841,1.2737355365509082,1.3939918038857886,1.3805921626472741,validation,moderate_pi_positive
13289,0.41855685894339184,1.698777676749668,0.8112389950480995,1.7210032041171575,0.0,0.14481780105215702,0.33298779281625734,0.32605510673933635,0.06109804774625286,0.13504125164599654,286.38466031748743,287.83206812543676,289.3139940718982,290.8668232203919,293.3867403269041,1.6678355802034925,1.612897449729861,1.8753157909259255,1.5014155849570345,1.3322129683118424,train,moderate_pi_positive
13290,0.7257751104852204,1.780836086498181,0.960920422720619,1.1979190192394016,0.0,0.22191964758747426,0.22289260111648018,0.18473732096546738,0.2616452503193357,0.10880518001124252,286.6624126437151,288.1928114801261,289.65165820331225,290.8003731810784,293.37289911448846,1.5324064873827985,1.6946998212136815,1.434970540535802,1.4429146986995645,1.4844057764530318,train,moderate_pi_positive
13291,0.6487416596329674,1.6458111572193967,0.9208779147284244,1.6993335456469645,3.8107595977119257,0.24905221172139128,0.40442344369003425,0.13127979781187782,0.17758733661325615,0.03765721016344041,286.4933592010375,287.7412451547314,289.4840722367611,290.7916260390632,293.1881335541381,1.4867649863079628,1.563129262375797,1.7013959390673175,1.588131699936141,1.4724121813179798,train,moderate_pi_positive
13292,0.12233209005598115,1.6760767893289095,0.23416027551667248,1.4858787869116081,4.286828462748284,0.7469495445109272,0.050501994025576286,0.15333380379443215,0.00016223884833202714,0.049052418820732344,286.56852014535684,287.96147450041525,289.25608041124224,290.79161030932835,293.26030020501605,1.4435002354627204,1.4494878540948637,1.1869021987173207,1.5054900818116606,1.5876477584763518,train,moderate_pi_positive
13293,0.4806975007638503,1.7173302118794682,1.0015625255984664,1.4400912185646257,4.828247135263679,0.1995454380507856,0.48580846369283115,0.06097472569983778,0.21238966810289872,0.04128170445364666,286.4402531137699,287.7706251851159,289.4714300533173,290.5650885405224,293.1312285739067,1.3038852104315364,1.4062337199606965,1.2022578550605991,1.511585794643968,1.3211890697427995,train,moderate_pi_positive
13294,0.31775065151515364,2.0760295502713118,0.6641748342822033,1.6836465975740105,2.2878488148455407,0.32963212680471404,0.5158314776138735,0.0687266806053971,0.0248083380314663,0.06100137694454915,286.8127933402963,288.616520976418,290.02246811291025,291.35617383537164,293.02291188991444,1.2340595345762866,1.0898118575719316,1.1834845758184263,1.0589454010605255,1.012558823096864,train,moderate_pi_positive
13295,0.47612035249945334,2.112221035236698,0.9825129910959238,1.6919001749373348,0.0,0.18952417602181615,0.31546422686146997,0.16027205921407703,0.23838835251018842,0.09635118539244861,286.8904803083851,288.0636570600876,290.03368789024205,291.015956619826,293.26729364246887,1.0825735885530479,1.1661925380567928,1.1949241671543027,1.3715974894363094,1.2613570322613692,test,moderate_pi_positive
13296,0.5079220201909462,1.8290127620047176,0.48519935233457734,1.3649281247118574,0.0,0.43616061011487767,0.2092816479767732,0.2459177043578041,0.0,0.10864003755054491,286.59319502215965,288.04081398989587,289.7077767430419,291.0560610684132,293.45835651269925,0.9426221719987725,0.9200730046339662,0.9350697154394738,0.9687960897711589,1.114935784262956,test,moderate_pi_positive
13297,0.3963096372420175,1.6692349056448643,0.8138514216512106,1.481282949688364,0.0,0.22192843637206602,0.18763981174678657,0.31570968613826594,0.14025096188307906,0.13447110385980224,286.46577020976576,287.77591159655526,289.47069354889254,290.87680750002045,292.8828357785893,0.887936629279189,1.0857964982539088,1.07206041705123,1.0529733123392917,0.9429721030675327,validation,moderate_pi_positive
13298,0.6535725393936251,1.604097662976364,0.9633215950630585,1.2782646231002073,2.3520685976214515,0.19853879184412718,0.27963873362792757,0.3260562100215932,0.16381332570676888,0.03195293879958319,286.36778023619496,287.57089437733765,289.4826231723818,290.7784301219353,292.80155680139023,1.0504404621114805,1.2657203286035206,1.217433639659097,1.0796949363070296,1.345740392646111,train,moderate_pi_positive
13299,0.7900859665709931,1.6712027435469823,0.9144200933721465,1.1336340141558592,0.0,0.2809908418488528,0.19912246674788703,0.13412107389981096,0.2755882763622242,0.11017734114122506,286.4596150662659,287.9058350997146,289.45129943620583,290.76467671049596,292.833885716728,1.172849662677412,1.2566123073428226,1.0936399497281433,0.9370965017018567,1.0819941300458702,validation,moderate_pi_positive
13300,0.2888608614503677,2.42792001294274,0.3074622379109244,1.178042614872944,0.0,0.7269930819239195,0.0,0.02121973179759646,0.12812125305666397,0.12366593322182012,287.3162919118878,288.5368963118382,289.97884109875,291.19978447673356,293.7049495680761,1.5177320357682234,1.5920944643761021,1.486762193395616,1.6902918677436052,1.5495548220874984,train,moderate_pi_positive
13301,0.8360249047605419,1.8413166657509827,1.2,1.429865112003049,0.0,0.03694010969278524,0.416446355289365,0.12560346023199434,0.33132221570098785,0.08968785908486766,286.68098328851374,288.08216794223085,289.67975329130877,290.76008169329594,292.5349170929188,1.4159228159147492,1.2587826365424415,1.5709054219270306,1.3165724890405965,1.5102574393995125,validation,moderate_pi_positive
13302,0.34090892403839057,1.6695834938970067,0.8618045597042181,1.405189952210618,4.3559031191506286,0.24375310383222443,0.43490484998990736,0.17161586336212037,0.1126419231760952,0.037084259639652666,286.48579024378216,287.8503779566832,289.1926082427153,290.76402765804477,292.8594026569691,1.524421659403349,1.3369285872586116,1.787963038673685,1.6992941676928015,1.1033229534653226,train,moderate_pi_positive
13303,0.7041715674386178,2.1349094511970206,0.5461332534793298,1.6163846400452366,4.0977324131841,0.47679876097256707,0.40569597053534,0.054883384065374484,0.027776949439307655,0.034844934987410814,286.6990844301849,288.2686306412736,290.00968276518364,290.96936717517826,293.69711807024,1.3639600302916381,1.1423151364329944,1.3053940385540976,1.2283747781406937,1.1507778842034293,train,moderate_pi_positive
13304,0.5216018097215939,2.0211377619752735,0.5012494088350115,1.4814410133463427,0.0,0.5687888242752666,0.027805844253771847,0.13465478873046233,0.15439438792538868,0.11435615481511055,286.95576252037193,288.15545725938296,289.8672970951081,290.8862379080397,293.3653615385159,1.3263428978806528,1.3334655137612792,1.4650787735594932,1.3652646016296668,1.1973778976729066,train,moderate_pi_positive
13305,0.42897113110609536,1.8345833202275363,0.8745345587024373,1.1484352004065175,3.9940158640611316,0.5286361989379915,0.004565927596200524,0.021547416291779996,0.4092106074072284,0.0360398497667994,286.68282306612997,288.2178842551427,289.34066486311997,290.4820837272952,293.02927230498204,1.429025031384119,1.3868786351282196,1.4967379236600231,1.4463033301474704,1.3512679746598204,train,moderate_pi_positive
13306,0.5594171884018705,2.318510189897839,0.4824551260181734,1.2236911059721904,0.0,0.4005639127246843,0.258310907228355,0.1941442187898185,0.0,0.14698096125714238,287.09287318641987,288.6090876169746,290.1619944941113,291.19520744281687,293.8250558595686,1.5920118035592847,1.586912407033717,1.6692573901124677,1.5275005957428518,1.3979858371953213,train,moderate_pi_positive
13307,0.7133042852216612,1.7555967290433498,1.2,1.5814100795971266,0.0,0.04602206168309031,0.0,0.45565753264884395,0.41416656403215374,0.08415384163591208,286.5838142946607,287.67992885085584,289.6308920834285,290.90706226213103,292.7918878835491,1.4870501898072301,1.6207210467960464,1.6914196360427503,1.6596614190607748,1.377095421019254,train,moderate_pi_positive
13308,0.11806465230609903,1.6659788587874838,0.24124491060023817,1.1944121886575998,2.9178668682957944,0.7222236147402411,0.0,0.18447277696958023,0.013386066815328973,0.07991754147484972,286.32543479611786,287.8435881771918,289.43103180461975,290.5298768913802,292.9334617458114,1.1274766702466175,1.2441464959856572,1.3882680363968984,1.2695968423024986,1.1474255928940793,train,moderate_pi_positive
13309,0.5110697704793438,1.973750820043207,0.7829230175386882,1.7458332186506,2.4895813266919675,0.24655663675322315,0.18763607238667218,0.48278107374692114,0.04125293570254745,0.04177328141063609,286.7109299921865,288.59157433015145,289.6304463354385,291.12210450149325,292.85807750413136,1.2496266396131035,1.2062694502879383,1.1324024940233453,1.1629412696176205,1.3557400303975988,validation,moderate_pi_positive
13310,0.7791655151835404,1.979349667669371,1.0676914928604286,1.6038385615986437,0.0,0.06390528347447265,0.27722233008483427,0.30599539782068846,0.22723688247745302,0.1256401061425515,286.7940430179534,288.188705600342,289.87295581927356,290.91703784614896,293.32078927333686,1.487647732534487,1.5434129645258028,1.6660262959160939,1.6147733376690359,1.7430026957018274,train,moderate_pi_positive
13311,0.3034933305352746,1.9653112636227883,0.8452607509755768,1.1016121846072915,0.0,0.35753199704519534,0.08901148789182273,0.1762315399811526,0.2750088615513008,0.10221611353052848,286.8523721621376,288.3721956313366,289.95988808826024,290.7286502940513,293.00364173336925,1.181440555320982,1.2081872569502448,0.9617561237691697,1.2579670888735601,0.9790564775820286,test,moderate_pi_positive
13312,0.3534971488292299,1.82825174319755,0.4123256657088395,1.269063420853945,2.5840527786785,0.5755487998083706,0.3272187247554746,0.05244412682643385,0.0013314070634655533,0.04345694154625547,286.6520002507118,288.11846695811414,289.67298726223953,290.7571089700499,293.51681710949293,1.2979066734928775,1.2819957596480702,1.3958381417844834,1.1856418880391024,1.4503096676090221,train,moderate_pi_positive
13313,0.6579954814440948,2.370217059259139,0.5614739274236343,1.2873009811258171,5.352434327978255,0.476553856003282,0.2722367949744935,0.17999626649200567,0.039620432978567564,0.03159264955165118,287.10055914406354,288.3257132087723,289.87507370192884,291.3314285896804,293.86469311865176,1.0988578978534502,1.024933477192138,1.0228750883561777,1.1262787506298444,1.1034128508070327,train,moderate_pi_positive
13314,0.44135994449308574,2.120393019502273,0.801606931091744,1.2793273463323316,5.151138026127402,0.321203340946707,0.48530128531827355,0.016134463602398525,0.13508559108553594,0.04227531904708494,287.0603199186679,288.50067585695115,289.68295084356015,291.4348006400665,293.3481058729156,1.0818451282444834,1.06247276657832,1.137998413962622,0.9254296630778597,1.0390802908478713,validation,moderate_pi_positive
13315,0.7887772774950523,2.2181558896964813,0.7125667373145759,1.2545904521562004,4.0982378599786955,0.3159040315257838,0.5411115069034435,0.06653567917634796,0.037459775617392214,0.03898900677703258,287.03545594205684,288.42281752412913,290.1470969710134,291.2434670945776,293.7078046910031,1.186402288275754,1.5048019972547726,0.9073139268499719,1.1304641988226105,1.1592319159021551,train,moderate_pi_positive
13316,0.7696350587965243,2.340260295764504,0.4623484068089241,1.2861647280504527,0.0,0.5142987052521057,0.3029601223002251,0.07237392928051278,0.0285071776140931,0.08186006555306323,287.03627881466736,288.87428859883977,290.03916492389175,291.21114635503136,293.54579935274666,0.910185383902825,1.126324812698382,1.0643852718750915,0.8947603002136693,0.839173434999597,validation,moderate_pi_positive
13317,0.9101046273401469,2.4587407092964653,0.8080928445875298,1.3358272952439991,0.0,0.38450544489583643,0.0,0.23638635742021652,0.27085324358365664,0.10825495410029033,287.3457666464993,288.6202770541281,289.75798125537307,291.34837803600584,293.5132797643932,1.7770690151689594,1.4990489123306654,1.9141604748652985,1.5906423201316342,1.402142483738162,train,moderate_pi_positive
13318,0.44329233306905713,2.2367475834760024,0.6378848166795814,1.1903982118695304,4.654312893776754,0.5096927242282697,0.28898330325910554,0.0,0.15945075671023792,0.041873215802386864,287.18394796942016,288.42754623316523,289.88719790773865,290.9983304298632,293.7335849442468,1.2252960186024242,1.1868626515058132,1.1762297508578725,1.2842111397232796,1.1053066967789373,train,moderate_pi_positive
13319,0.2691550704392172,2.423001867766847,0.5781499904001456,1.2888086931410658,4.991450421756618,0.4656306648071378,0.384481771226518,0.0,0.08183410958681381,0.06805345437953032,287.4188009360861,288.45563884866544,290.31967620063705,291.5251492942074,293.7089749887531,1.3774822629055752,1.2988521167604932,1.1661068710249782,1.171176648203117,1.1355452969945439,train,moderate_pi_positive
13320,0.19757435498566087,1.8226387018896468,0.27512765246507603,1.5910168863985164,5.360056442313718,0.7599041394091186,0.10642224797199579,0.0,0.06935270224654012,0.06432091037234532,286.52885788569233,288.1554826668519,289.52821834727365,290.9289486590238,292.56520467025786,1.1777169231088929,0.9240404367610272,1.2512856182579661,1.0411388143782414,1.1264007280410457,train,moderate_pi_positive
13321,0.14913050012457268,1.5695558579134326,0.48878342679945386,1.1331188080448056,0.0,0.6043654360416219,0.12852070282258693,0.0,0.16513136198843348,0.10198249914735785,286.2488720142844,287.83526707109985,289.3622957650869,290.46818725931473,292.34757894456,1.3394003662409242,1.2968676678041409,1.1763737179819216,1.1043890514724015,1.5542629340326588,train,moderate_pi_positive
13322,0.7910814820998916,2.405402214229611,1.2,1.6169613660086057,5.292535134436462,0.007923307972310544,0.48599497411057774,0.0,0.4657560362634069,0.04032568165370476,287.24710324388064,288.6417446559656,290.1081673930789,291.1555209112322,293.41186424545464,1.2608004750655042,1.1648191529159289,1.2479693422082831,1.5190595460629022,1.2387836326460306,test,moderate_pi_positive
13323,0.039286629583994745,2.350918436923045,0.31008646371666015,1.3557935109064803,3.353247962783868,0.6760399803572509,0.15657691655861894,0.12350954715804119,0.0,0.04387355592608884,287.4384306142999,288.8035418933071,290.14548207283417,291.600745760076,293.4654679031844,1.558005923777422,1.3923145374045944,1.4038168369437245,1.548233040341643,1.4379533495464563,train,moderate_pi_positive
13324,0.321983975432464,2.3231350431733726,0.5630231494727014,1.2285660374316516,4.81463310506396,0.5865098071485163,0.1813632592803481,0.0012836939492929084,0.17518809812153022,0.05565514150031258,287.0295225469236,288.777896714004,289.9800751304784,291.09612630732056,293.5570397852992,1.017393391249209,0.8487545893571028,0.9282749534570133,1.0900810359381368,0.7743202770288644,test,moderate_pi_positive
13325,0.4119711234180677,2.2584849984725857,1.0755310618090443,1.6437001676972618,0.0,0.09216850019938876,0.0021992252854048317,0.5822948275716132,0.23051850447601316,0.09281894246758009,286.87469166906146,288.4482175137433,289.7208689615569,291.25554371085786,293.97073982859973,1.4544591190204967,1.8151227904261336,1.8353656582120899,1.5199994367583236,1.9584927503549063,validation,moderate_pi_positive
13326,0.42073696894251833,2.3933282909862745,0.3724349318722065,1.3436442833374365,0.0,0.673903556341739,0.09384321448800613,0.034289041321835856,0.10715133803118226,0.09081284981723657,286.99966232564356,288.54902573254736,290.07368229782827,291.63545608685166,293.4255147530846,1.7441724840038246,1.6617354064224936,1.5275412252633018,1.1894110349775853,1.5728396770792636,train,moderate_pi_positive
13327,0.6447310947104598,2.251502585789904,1.1399302583214572,1.2084672155710667,3.0627417298139337,0.1741663708016874,0.3741676281309351,0.07898952132354825,0.3283865544334869,0.044289925310342225,287.0952932258959,288.56738245250483,289.8261006038189,291.15703499973245,293.5077639191416,1.043393273820924,1.0775439956735042,1.191994782035154,1.0998038225043107,1.2273905866503367,train,moderate_pi_positive
13328,0.6036228458691656,2.2347938002161465,1.1266211044618064,1.1764078572854493,0.0,0.12003643822618851,0.3007511219034168,0.16552583974177432,0.3151720714083076,0.09851452872031265,287.1462569963399,288.49516661918994,290.0203528506276,291.28377417178575,293.30807868400683,0.9666346379301025,1.115573591322781,1.0529363607377527,0.856554635113268,1.1980669865822264,validation,moderate_pi_positive
13329,0.44825055297434585,1.9785456892846236,0.3621674282953603,1.2308015102098657,4.437416787178206,0.6087872931281737,0.04323596276100673,0.28893146553435356,0.0,0.05904527857646608,286.901754461438,288.15765374750544,289.5801950792242,290.99340384610576,293.03296497814233,0.8438599163234884,1.0516644394007233,0.9450079482416562,0.9611208803498276,1.1072510625643868,train,moderate_pi_positive
13330,0.39148596651731576,1.9473221842637476,0.6567239635721642,1.4827510071180554,5.698424845901291,0.5248609780837913,0.12332851985706429,0.12598721938987933,0.1887041121626103,0.037119170506654725,286.84815237625065,288.05868581867065,290.1847108647952,291.15110062526213,293.00656639870294,1.0602571894768307,1.0776265552421986,1.2596074012865344,1.0571784934606783,1.2180686726853935,test,moderate_pi_positive
13331,0.629872552491296,2.495674093147438,0.7379025667106223,1.3256675508177957,0.0,0.3037940276754625,0.44039410818094576,0.015259274358868782,0.1261245920854039,0.11442799769931915,287.1749750545658,288.91168469778995,290.236092741493,291.61745936027245,293.9984997046553,1.1536630531614205,1.1619699476911132,1.4091481330528124,0.8636728596216696,1.1373748498995655,test,moderate_pi_positive
13332,0.47057773507286926,2.486761945246403,1.2,1.2924562725058166,5.122690253568763,0.05540144402736466,0.19957144294318288,0.16414280924904828,0.5496514581603957,0.031232845620008443,287.280096403301,289.0193763118049,289.9005691132201,291.4424667914299,293.6460970025608,1.2556480123896263,1.0496852543836104,1.3262406490629102,0.858082121748084,1.4326482314592963,train,moderate_pi_positive
13333,0.2533147032921031,1.9674979668599106,0.7213342988638002,1.2529746248879259,5.325965558395618,0.25212775058898534,0.46658055857207315,0.21379351420658993,0.005480113042568504,0.062018063589782964,286.6103113247986,288.1658725130357,289.732932648696,290.88600651866636,293.1706803760114,0.9295418909112888,1.0643184495818003,0.9233093506024798,0.7973667222921386,1.0901276596704235,train,moderate_pi_positive
13334,0.28597514721580203,1.8929606783287767,0.32258760328484914,1.5636877428498694,0.0,0.590289588924808,0.2244911854730479,0.06809641781180126,0.0,0.11712280779034273,286.69083300558003,288.2440722134996,289.3535786767502,291.1040518915282,293.04940497264766,0.9670058700346555,0.9037797014997869,1.0170523014934825,0.9473573884001381,1.0054203924984244,train,moderate_pi_positive
13335,0.17423634390551107,1.5506404599336738,0.50931704068348,1.4300405359329873,5.835898928667945,0.5231836772843833,0.0,0.3505512298938582,0.06438290539481097,0.061882187426947476,286.41037660180945,287.9292760082878,289.41003053843156,290.54340028123573,292.9820548244178,1.6816422006471887,1.5101398012113476,1.5419132881616893,1.5657357598374522,1.4601500338802769,test,moderate_pi_positive
13336,0.21151176298909777,1.656964049949134,0.27061974882341777,1.2991505861038968,6.550638207512712,0.7373765819834418,0.08089131189004664,0.10562029186722383,0.027054072533073657,0.04905774172621402,286.50296983383106,287.76306408986613,289.5139695668125,290.66992415002505,292.8513529327362,1.2588709985273787,1.475107107228687,0.9754016354521113,1.4333997148130373,1.3464919326421732,train,moderate_pi_positive
13337,0.868255655261518,1.6781339359365357,1.2,1.3782037068899662,5.204030011122302,0.008142136815421593,0.3178322204983522,0.17752042320294506,0.43096578210252723,0.06553943738075405,286.34689852981944,287.7551305372921,289.289659735372,290.81564867791883,293.12779360195503,0.9877384975809995,0.881406823988926,0.763525339038828,1.0497144568407237,0.852966814863915,train,moderate_pi_positive
13338,0.5132454938913027,2.035875527144588,0.587962599958681,1.4170400428732501,0.0,0.37614219759160894,0.3469982424340783,0.0899797948398953,0.06049228134235371,0.1263874837920637,286.7295526716484,288.39863818443797,289.8435503235806,291.3801867494728,292.7941463702712,1.5943244142251065,1.4423912027246983,1.5404809054797044,1.6543785342251218,1.6066617443872948,test,moderate_pi_positive
13339,0.5303629941214951,1.9307333367391668,0.8319248920955655,1.3209246203564255,4.927445249704942,0.2626952256821337,0.48781202112520694,0.10479019170271522,0.1046613396338217,0.04004122185612245,286.91131071632554,288.2622835222329,289.7452266925455,290.75716634017067,293.22696303538584,1.351372336960109,1.0952344901270339,1.5276977547842512,1.2204746295953786,1.3007797788550992,train,moderate_pi_positive
13340,0.020297388664410332,2.1495680765759637,0.2137322634721198,1.5908950248320726,5.2567271852822435,0.7828728912246753,0.008319824214635218,0.1599355479533261,0.007738445652079254,0.041133290955284285,286.8998949959595,288.06355500770985,289.91166419064774,291.23304976863693,293.3755459380202,0.8812125743648671,1.0155133765920337,0.9771781596562348,0.8518453113196652,1.0924386793597007,validation,moderate_pi_positive
13341,0.4227899147425226,2.005615340942886,0.4390733546369112,1.5026062399171027,5.739362495051588,0.6785702176080005,0.05878654800332593,0.08311651607657757,0.13358514527850385,0.045941573033592,286.7902996109624,288.2415488632788,289.41761433621826,290.9506434952264,293.1831455743491,0.8705092820891105,0.8692209201333686,1.001774522715952,0.9966089340939231,0.956588869209149,train,moderate_pi_positive
13342,0.3204841507797946,1.820248509003528,0.3271389994667846,1.635065339003968,6.852592087666733,0.632971164588902,0.2445909129212464,0.043277261898194544,0.004635412323671858,0.074525248267985,286.5090869639829,288.04331807077216,289.4040697815635,291.00945214064086,292.76755449951287,1.0249825207185783,1.0035464646236603,0.7287605709493271,0.9808681689010933,0.8622377457720566,validation,moderate_pi_positive
13343,0.8017803447195408,1.9247214437101103,1.0242663802517682,1.5616232206227088,0.0,0.05257343392039681,0.7147717471938967,0.0,0.13974731652893577,0.09290750235677078,286.8892311526053,287.98343189187557,289.59946741901877,291.0057703165856,293.5038771701413,0.9679610681960296,1.0297865077935633,1.2213801787894627,1.00830791766965,1.176860446060873,test,moderate_pi_positive
13344,0.4993052532317492,2.0686470721477312,1.0813592265491807,1.6586281065690793,4.615643709570029,0.3673465285723014,0.024538328844303823,0.0533242326597646,0.48674833252255617,0.06804257740107397,286.9121315679944,288.4356378151267,289.8554713457879,291.19275070442575,293.4522544238421,0.9282112904731534,1.136427671433769,0.8862653921301439,0.9986074201588699,1.011178200660992,train,moderate_pi_positive
13345,0.7873335338558826,1.8709764225438192,0.4409330460422872,1.620900321688909,5.967334083261833,0.5803920467622308,0.1467165550750911,0.19203939311402854,0.03608854892658381,0.044763456122065726,286.78658400426696,288.04761568501925,289.330418508648,290.94847823511066,292.9891635561711,1.1225466480750121,1.2982445678570416,1.3093174557710292,0.9697946439098836,1.1528906326692163,train,moderate_pi_positive
13346,0.4010021012286483,2.0119057740660997,0.7678483092927164,1.6418448154633036,3.0732996786781412,0.24227376093964642,0.4013787519297168,0.2638625563055359,0.03630350052873191,0.056181430296368996,286.8125592821456,288.3838419747997,289.6404677418726,291.22078813848105,293.41134616720603,1.2808776498639534,1.361815308538864,1.3566634776582207,1.2055546875193695,1.3500162278758239,train,moderate_pi_positive
13347,0.23582464942089998,2.4612853130670937,0.8202694322012607,1.6827061997600818,0.0,0.28164416231821626,0.16911470416458518,0.23545690666206817,0.19284891068730367,0.12093531616782681,287.26846331317836,288.71040391225495,290.0710677229889,291.46381601662017,293.4746960060444,1.4493948564403443,1.4420913245916986,1.5050630131662412,1.3296175870746216,1.5057060515102283,train,moderate_pi_positive
13348,0.5364254545596336,1.516276232731268,1.0732768501723808,1.4541488248477639,0.0,0.09870606477802607,0.0,0.5009462644299192,0.2711652928712308,0.12918237792082388,286.34575396683766,287.56943712469445,289.1684978303915,290.6559656564577,292.5267489911847,1.5077617649985855,1.4032955240474596,1.7463067988113352,1.5865062311965241,1.5947174864311124,train,moderate_pi_positive
13349,0.8330839628514202,1.7874747312291936,0.948519341000669,1.695848160250458,0.0,0.14318584578108098,0.0,0.5983533051039752,0.1600830179483469,0.09837783116659693,286.5697545135029,288.1600010308981,289.3170018853646,290.3459083256794,293.0817435588537,1.6095002109273806,1.4823465007545968,1.421160491107074,1.2365416960056974,1.2650749475818586,train,moderate_pi_positive
13350,0.729475458327144,2.135421157375888,0.6482548342483202,1.407760387215653,0.0,0.2668327970950587,0.5142289990433724,0.1040258352049478,0.0,0.11491236865662126,286.95675990707844,288.2924686053801,289.8912800994407,290.98730127586913,293.38789780820093,1.1556223374214043,1.2116089523336437,1.183184456323421,1.207171886969289,1.2608969553884195,train,moderate_pi_positive
13351,0.4264214972256603,1.5561140564475768,0.3666581394849585,1.276650115024738,0.0,0.5740230490843282,0.0,0.27358046204905456,0.031538838717951975,0.12085765014866509,286.27435920223417,287.9841006108926,289.25597837578266,290.6549541318481,292.48922901204304,1.0489190026779687,1.0629637784055517,1.0254948241577424,1.131155929623174,0.8694362642867913,validation,moderate_pi_positive
13352,0.5136810020936775,1.7558551971587257,1.2,1.7091318266948772,6.8170292454420025,0.27394312810124366,0.08095788483793552,0.0,0.6118642631296101,0.033234723931210686,286.57424219195497,288.2097491344745,289.5666939423515,290.6726694348864,293.2174539797491,1.4732018652241647,1.4008700091756234,1.690252898209848,1.6213681422352277,1.637602505234466,train,moderate_pi_positive
13353,0.2146807004829326,1.6915498301235976,0.5419905204681951,1.5059864937742748,5.5444118502585855,0.4403398392438649,0.32048883710235737,0.16051266043531381,0.015494511465261969,0.06316415175320202,286.3583490772513,287.9767466231787,289.30920940351854,290.7842470383511,292.5625294595462,1.431384158455265,1.219494845761946,1.5145261131874417,1.3985561870042051,1.6526606542841114,train,moderate_pi_positive
13354,0.04138974730344658,2.4343404726714946,0.21754708132802592,1.3673169364624698,3.7107890003649273,0.8617099660649457,0.01225242036212507,0.009441393137586842,0.082926633914157,0.03366958652118564,287.2146506576289,288.8335457037099,290.22481507046035,291.2832638788089,293.2094019058004,0.798284774319984,0.927422268143447,1.003690577582526,1.1216566834823727,1.1964918992844735,test,moderate_pi_positive
13355,0.5233580187928332,1.6434978060738543,0.8953609723952363,1.2836894089005373,2.571434649784501,0.0830783560853165,0.5260465442999595,0.33931442809527684,0.0,0.05156067151944734,286.51788660862576,287.841526156786,289.1505984298543,290.61418746154243,292.9783995384836,1.1966098244484242,1.3868274555638005,1.0835492536043387,0.9679778431537249,1.278092473152161,train,moderate_pi_positive
13356,0.14343077352847197,1.8310919144745346,0.3933501621038002,1.1560201286292966,0.0,0.7145800425078455,0.027496106915741027,0.004474826992072655,0.16568961409799327,0.08775940948634758,286.6374883193902,287.9798671608689,289.2958234624104,290.8357276926397,293.09146773543523,1.723613420288749,1.8732884952393125,1.4990148796867493,1.5081764404488978,1.5896928686398413,train,moderate_pi_positive
13357,0.4345163858951587,1.929000631932822,0.9357650148428093,1.4391944871848332,6.20735949291751,0.14256071975762236,0.4257839316457829,0.26057909751018815,0.10970099284341911,0.06137525824298762,286.8528871700648,288.2875744826137,289.52049907151815,290.9329767426856,292.67693614703677,0.982085147049089,0.9741956450555553,1.175530429975382,1.0252646639177072,0.8515471828852358,train,moderate_pi_positive
13358,0.5961039094385738,2.3521177718517583,0.8143796060798081,1.6733923121513854,4.278318257610957,0.2716871587629761,0.4310801150060344,0.15189534815005934,0.10070207146185718,0.04463530661907288,287.0441670800891,288.5805513031095,290.1531292955111,291.95668622329913,293.3959570983492,0.9917837699498944,0.9917250656929661,1.0771340664748075,1.1323456495217115,1.1784771827836527,test,moderate_pi_positive
13359,0.8122458365585942,2.369431625324532,0.8763541604609854,1.608065481669287,3.6319711339251453,0.44744181323498006,0.0,0.15441947817992377,0.3459673411405308,0.05217136744456542,287.1605989154598,288.6423181225823,289.4374994123134,291.25458888581176,293.21758913987964,0.9155702761182505,0.8184569620985297,0.9398805107712277,1.1767588540771288,1.2033123529578282,validation,moderate_pi_positive
13360,0.40766841572449575,1.5521554824367594,0.6593289906542056,1.4253151359718335,3.4483401142283374,0.3448983761226288,0.2920450787534554,0.30157917396248857,0.017852368969130783,0.04362500219229646,286.22190883020727,287.97232142258565,289.5282960902757,290.5272215713735,293.1399776451948,0.8945898038804695,1.0400694743168464,1.0284251800666577,0.8579142925821005,0.9893292864427509,train,moderate_pi_positive
13361,0.9264069403778534,2.050584303395919,1.2,1.5494998231641568,4.977897353478674,0.11048790835280897,0.5314980463763169,0.0,0.3218440906496979,0.03616995462117613,286.8500538775526,288.55997241284194,289.8561439011858,290.9893195748266,293.0616319585194,1.1114338452557069,1.0465844344498554,1.0990524822182721,1.098910351452947,1.083979244650472,train,moderate_pi_positive
13362,0.7933845521454261,2.392426784492339,1.2,1.6421451588180422,0.0,0.023553629687182723,0.31231334946322753,0.19400181108427395,0.36166239200823674,0.1084688177570789,287.0789544694191,288.7642741559111,290.45562079411815,291.65087588875537,293.8201993263859,1.4929707025836692,1.332676697655768,1.3239936328333328,1.3543756889664538,1.4412360907430992,test,moderate_pi_positive
13363,0.18060917582260855,2.3691057306867362,0.2389402205019061,1.620209255302701,0.0,0.6755076368200794,0.0,0.20891045182938509,1.4884336260514372e-05,0.11556702701427489,287.33611164245474,288.5119433888651,290.1143209270435,291.44399685255877,293.7647604856019,1.0804234372811619,0.9239503427985463,0.9711584615993374,0.8367431518222171,0.9939113900620661,test,moderate_pi_positive
13364,0.3796786701642705,1.8202021055368967,0.7859601678849797,1.2974915680290589,2.030583713800383,0.4136646495829892,0.051558807034518594,0.2601461577051397,0.22212760157266073,0.0525027841046918,286.5827674112569,287.9592197216088,289.40944759090274,290.99668180682033,293.07025248653554,1.3752081854434053,1.248603041172429,1.2661517968223193,1.4924747681778436,1.4435302494460367,validation,moderate_pi_positive
13365,0.5456510802979037,1.786174730793216,0.8693788824199424,1.1091304966659417,0.0,0.10098715255966344,0.0,0.6971688568334736,0.07110501279323436,0.13073897781362862,286.5920758603222,288.17633411914835,289.25019204805636,290.77597870857466,292.8183215761485,0.9112016055860832,1.0923553803105857,1.0724989582436806,1.1176912974102042,1.2465847052809342,train,moderate_pi_positive
13366,0.35666112584352005,1.6119620452266386,0.445585014709511,1.3005848667139992,6.516894732701278,0.551951210518727,0.3719799490357459,0.04360506567376514,0.0,0.032463774771761975,286.4904418244083,287.7331348150127,289.489187249295,290.53777404998914,292.7750711321855,1.2211527455759128,1.1671866984915487,1.2888805078953907,1.3125662920032848,1.3172326734859938,train,moderate_pi_positive
13367,0.277883147147069,1.6980820544295652,0.9564235778719681,1.2733193347326828,2.8788814913929057,0.38983329087125973,0.1492964199723572,0.08327668731922927,0.3469252352901908,0.030668366546963078,286.52244981200266,288.0857126947574,289.4351462026902,290.7707252209426,292.7420708226892,1.064055163873309,1.0458777432673718,1.2362254655940015,0.7767816039150957,1.0302888585285404,train,moderate_pi_positive
13368,0.32203855540679976,2.4029607064655263,0.14587757358440456,1.6932397723777997,6.267651972658309,0.804839525255014,0.039442723896593486,0.07643484968781107,0.0,0.0792829011605816,287.430686735939,288.61436182814555,289.8862284717587,291.2331644187907,293.51177526950386,1.5001444792238456,1.652436808999102,1.53968370343786,1.6036403189873654,1.517687891192803,validation,moderate_pi_positive
13369,0.863844635902663,2.086027015797345,1.2,1.6483005186496338,2.683479660909763,0.09591146433770942,0.4638051146993726,0.0,0.380779190549917,0.05950423041300115,286.77967044215285,288.4407473178226,290.0224355846251,291.1668437899054,293.3690152701034,1.240647977270085,1.2140005803216831,1.5432189167706722,1.3011878523863314,1.7092763139316176,test,moderate_pi_positive
13370,0.26401034178509647,1.7832199492770076,0.33423322076320383,1.5888684118791252,0.0,0.5833710473771236,0.10276141829266507,0.20147180247053878,0.0,0.11239573185967258,286.4835568254623,287.95716450195897,289.56566540799304,290.6856013008773,293.1848350029287,1.0060342608773523,1.0226011197738152,1.1604503511732527,1.0689833800964064,1.2847208533656373,train,moderate_pi_positive
13371,0.7776319066785324,2.080314354275847,0.8745631669171418,1.1719085649581067,0.0,0.21178742410467238,0.14592531394503144,0.34907032387995557,0.17478376454607736,0.11843317352426325,286.83120804908475,288.35139464120937,290.08447040559076,291.1364756073061,293.2584007931623,1.492488221968315,1.3944340654296175,1.1875887150694824,1.6333291830356373,1.3504118529595097,test,moderate_pi_positive
13372,0.5309964516783915,1.6843028592529397,0.6138136279791679,1.3727850609976733,5.064761017933559,0.5204271418315957,0.1314581806334518,0.17836116619258072,0.13699714057656773,0.03275637076580403,286.52421736106777,287.9010007777847,289.1932149342312,290.678833386736,292.74058892360796,1.1425559185965914,1.3974292852437327,1.1946405764714396,1.042389483032814,1.611140585188602,train,moderate_pi_positive
13373,0.7416059394001066,1.678413427906282,1.2,1.4253528806089866,0.0,0.029303615114717102,0.0,0.15370310230566053,0.7095890476179071,0.10740423496171544,286.4359069251876,287.8708056999073,289.54233631352713,290.8774730082594,292.8449362538063,1.0518858922488448,1.180262992239331,1.199433126804999,1.141758478162952,1.258662080349677,train,moderate_pi_positive
13374,0.564949404686789,2.2410099122853584,0.9724663631802071,1.507009850607694,3.2797679426295465,0.287212269230323,0.0,0.3410330686722246,0.3007166472539912,0.07103801484346112,287.0936030273122,288.48038283008094,290.2607862639633,291.17413923191276,293.82508018306794,1.761155270414365,1.4825370068162806,1.7364678152386313,1.549283048388847,1.6788181259954114,train,moderate_pi_positive
13375,0.24525672120794795,2.239479559142766,0.4308490988623104,1.5991356760724806,5.976855254211188,0.6473095898295497,0.17677097173218184,0.03922093009247333,0.0924285985188276,0.04426990982696763,286.98660494999507,288.4046460385088,289.93795535382685,291.3767643945632,293.6341215424323,1.4235902970779986,1.1284216692894562,1.3772677555492796,1.2480744385825455,1.159110071161389,test,moderate_pi_positive
13376,0.3347585397855515,2.274083900416451,0.718553510767298,1.4735092517246233,0.0,0.2407763609410287,0.6032423727581441,0.0,0.04265556900457693,0.11332569729625018,287.0716692125558,288.54252313014024,290.00993317433245,291.29428294867375,293.4278697176812,0.9539954274082327,0.976644116469322,1.070230223674461,1.082115566189359,1.040568100929669,test,moderate_pi_positive
13377,0.8275366562898985,1.568562121062996,0.9961326429036029,1.5029134292583852,6.583823750435706,0.3211735991602589,0.11414237534622193,0.11839344674790546,0.36679841040473776,0.07949216834087587,286.3684601480323,287.67857714140575,289.3452528433515,290.6735461332339,292.54180654971026,1.2784048948830844,1.2983612375257625,1.2571086952205055,1.3706038861078313,1.2003664086624681,train,moderate_pi_positive
13378,0.3993521202165046,1.5483956065418636,0.2914181788125299,1.6423906948513323,0.0,0.6232309280401939,0.0,0.25078749288676405,0.005315342962882918,0.12066623611015923,286.38329722349334,287.86406811563006,289.1380853480747,290.413797151365,292.74343969747537,1.510446459572453,1.5274487392054386,1.4328661965350236,1.5098932364338873,1.272331053670175,train,moderate_pi_positive
13379,0.5521679418874303,2.4235194622783096,0.683829616231921,1.1290578989231916,0.0,0.32525512971087317,0.5298446651251952,0.0,0.061992475553362854,0.08290772961056894,287.22403275966724,288.66730297136763,289.95073076556525,291.3171994257521,293.5158959708434,0.9447392937145802,0.9795244423556546,0.7,0.8982965143505437,1.012520684259854,train,moderate_pi_positive
13380,0.15867468727894024,1.788797398526997,0.31824052729444835,1.6881205182286214,0.0,0.5655528458028297,0.13681470113613514,0.15106804954972594,0.0001788883042936431,0.14638551520701554,286.49015633306817,288.11066205127,289.3400950824831,291.14954127856686,292.9818399952429,1.3041915851476797,1.518760858759745,1.3793043273188281,1.4210074195984088,1.3296337226352404,validation,moderate_pi_positive
13381,0.8199240796035087,2.3051151117239503,1.2,1.3167283420071456,4.42406178853769,0.05886918865508804,0.10899859745109156,0.39136795595606455,0.36886134964547945,0.07190290829227636,287.195563541851,288.29003532477566,290.0484248917979,291.4114765067636,293.3340715087081,1.3208297078007711,0.8946390762822434,1.0666786519183615,0.968881795364482,0.9825387492087664,train,moderate_pi_positive
13382,0.6365527901631618,2.334653673096349,0.6962093608556866,1.1354316674560891,0.0,0.27463991829161816,0.4923669613510119,0.0,0.08692119975233735,0.14607192060503243,287.1709906340935,288.6528384297663,289.91219244628985,291.4656508673794,293.787453364739,1.4500219312745906,1.4916174235986737,1.567193107469202,1.3133012510324673,1.2800196374185695,train,moderate_pi_positive
13383,0.6841278239153626,2.2965374000128684,1.1522202435169437,1.2417902663805755,0.0,0.05989848587065793,0.4108312241843322,0.1756334400674571,0.2678777896325772,0.08575906024497557,287.23897860229846,288.45978931864767,290.30538860046784,291.35253368909196,293.44317435293004,0.9914855758041121,1.1125029986735147,1.1730326315908692,1.1634711357285286,0.9738976614180582,test,moderate_pi_positive
13384,0.33581705024244296,1.872311450779239,0.7232369039119143,1.6486980474950386,3.676132788911413,0.2694713826080735,0.6082419935357116,0.08499491037620266,0.0,0.03729171348001211,286.7771707649496,288.2015090912547,289.9578617932079,290.89907955540104,292.88694608430893,1.315889445833011,1.1555382759976516,1.4697643614738032,1.0923893261363764,1.2971408789798329,test,moderate_pi_positive
13385,0.8878614795173392,2.0429964346647354,0.7410282342003263,1.133051841514027,5.908296752875664,0.2362466935598543,0.41469476550248235,0.2963334686978439,0.0,0.052725072239819405,286.7431541580823,288.28603218309115,290.0799309805897,291.2371649165754,293.4256704702073,1.2828234524994298,1.586134540640271,1.4365047108705793,1.4258682392648006,1.7403810782360016,test,moderate_pi_positive
13386,0.3781313467038255,2.3102928036841544,0.4760901871048677,1.3367986160554017,2.1250406621775046,0.6394286142077167,0.18652440959796995,0.007286114347176232,0.12613983157986078,0.040621030267276606,287.04299092328085,288.45980827013557,289.8552762597652,291.38408064372805,293.7150689724991,1.245980981681946,1.3308768409857232,1.4477078451777265,1.2488125910316556,1.139879002124277,validation,moderate_pi_positive
13387,0.426401083666946,2.381385326907804,0.6429970229207858,1.3717170411379915,0.0,0.33729492520514,0.32236564854155,0.10849902204688032,0.09106617616617776,0.14077422804025205,287.21845255478934,288.6352206199923,289.78133182258784,291.64149151315945,293.25430913676706,1.26177143911069,1.3028416145805708,1.2852149535863264,1.2241862448593193,1.0002369468057881,validation,moderate_pi_positive
13388,0.6462542941719619,2.4031882080090448,1.2,1.170409348499697,6.644176136458621,0.07911745326344165,0.39718006417482143,0.12438407036474322,0.33632419428361415,0.06299421791337952,287.02184407342423,288.4713809330885,290.05208321136035,291.63348363128233,293.4330768165486,1.1554804602790605,1.2535314733651302,1.1480841517927725,1.185209315700186,0.8990316654583174,train,moderate_pi_positive
13389,0.714882204807775,1.9850500558645847,0.9786962610352723,1.623778788793337,6.074284032105737,0.04176115266239045,0.7274328274132443,0.17698846125022455,0.02213748618590175,0.03168007248823901,286.8119725947064,288.31630685995583,289.7149820506412,291.01054178117766,293.3607819065769,0.9734496944556559,0.9792309469765784,0.9651476646008076,0.8860100510816863,0.9620441377679628,validation,moderate_pi_positive
13390,0.5456901203484944,2.2892216053604666,0.567141357381048,1.5477342944237216,0.0,0.38480264215293747,0.33842258997298746,0.15457992751198585,0.02206941994803733,0.10012542041405208,287.2486587225827,288.56670110815173,290.0872877607213,291.31862923992935,293.6600670689572,0.9627563964137316,0.9935766737043915,0.8764160355283043,1.0153828143286612,0.9519069583388086,train,moderate_pi_positive
13391,0.46170090844401274,1.7658166270148548,0.6599199814649879,1.2689676635352416,0.0,0.4024411936653385,0.3215292270514533,0.018975674742505236,0.14470753983551465,0.11234636470518838,286.5938561686384,288.3150314029424,289.4675351504751,290.86634142384963,292.6518847329561,1.756473688260392,1.4451423725762669,1.8181534720857593,1.3379957040995238,1.7776186565584386,test,moderate_pi_positive
13392,0.2332291930732362,2.2820976664896273,0.5318008668259446,1.743204138814174,0.0,0.5400340432418989,0.19732499698045738,0.038599056719448244,0.13293840656301953,0.09110349649517595,287.0271280392785,288.55393746504774,290.0657889530817,291.1909950588706,293.8717562399793,1.3701683375670297,1.227585246149923,1.1964902172540741,1.3678039667011013,1.484979028210482,train,moderate_pi_positive
13393,0.08747695916541068,1.9810529140605158,0.42660873665354426,1.3922867224998425,0.0,0.5648745304489827,0.17523546977703722,0.00455689427377955,0.10840818630136374,0.14692491919883666,286.6495797549407,288.2548287880338,289.8568694136183,290.9320312622247,292.97546868721986,1.1242660715948447,1.0664155899966485,1.0016172541537665,1.0722025220070828,1.0291054802527155,train,moderate_pi_positive
13394,0.6365542273321306,2.4327512392658504,0.6376013366713991,1.508679460142051,2.8441863048674856,0.5083478255642089,0.0878709030465156,0.2221031149080179,0.14881365935843274,0.032864497122824896,287.18099523841056,288.7069804444191,290.0723882257335,291.4287039108685,293.4365389846407,0.8657084698525132,0.8464971293892587,0.9966701831555206,0.8979597871776103,1.0158135974981939,train,moderate_pi_positive
13395,0.8649250296739674,1.6814136482132187,1.103127517508172,1.4449387129180384,3.377266194696051,0.11463670256429213,0.283919129138524,0.29095749790176273,0.24912544523394267,0.061361225161478454,286.64566777594086,287.6254846532251,289.6010222981413,290.44778706469424,292.8248234494758,1.2979788872847373,1.003327097964687,1.029491369750496,0.9698208558649589,0.9534133383111427,train,moderate_pi_positive
13396,0.7648388813727339,1.6417993196851874,0.5808145941692407,1.4100026127881506,0.0,0.31632738777425534,0.45936524830078596,0.09144934586845481,0.0,0.13285801805650385,286.37066590991316,287.82301314974353,289.10299923181725,290.62130270264896,293.48560719012653,1.215134084118015,1.294298974582467,1.5756209877902692,1.3717101358549715,1.3382639148475173,train,moderate_pi_positive
13397,0.4448247249532844,2.2968378149109743,1.001471634298358,1.5448975654175063,5.036547527628788,0.16397848840495663,0.04785854198336012,0.5281676812537772,0.19772270553061036,0.06227258282729574,286.9693794215549,288.5322734220386,290.03675477726114,291.3347784262273,293.15549850099376,1.3742360852500914,1.7403058430992802,1.53362842018,1.537393903612132,1.5251275499754795,train,moderate_pi_positive
13398,0.6846671784179785,1.5627243426226705,1.1512823489186732,1.2848094774260626,6.272893054652293,0.16094664812833392,0.3555836761708632,0.12634484651753844,0.31967691311513585,0.03744791606812854,286.3237441400019,287.76417289929475,289.48414734920465,290.7733988465853,293.03469224633994,0.8875129530400461,1.0263127389169098,1.0182089760913373,0.9735027754323461,1.0805308571715952,train,moderate_pi_positive
13399,0.767056895304964,2.016631429754901,0.5299625374607091,1.5757058399227857,5.714985746505963,0.4899357088212977,0.3890416824972801,0.0,0.055460427481714494,0.0655621811997077,286.9713740200146,288.17846113276516,289.6774059698349,291.0432229984705,293.5320335732526,1.5287604994058726,1.2717935798651383,1.6478220980127964,1.6360347175285905,1.3858974779927538,train,moderate_pi_positive
13400,0.6072298726346281,2.142484234989659,1.1364807052873016,1.7311602497621363,3.0480339762018867,0.14678707881850697,0.44927966149564497,0.08532677157094394,0.28593713611035637,0.03266935200454793,286.6614775084972,288.542426892203,289.91260176764615,291.0550173613362,293.32923113980394,0.9768691852765776,0.8679853111143826,1.0379174818287151,0.9243782251538638,0.8679181492675581,train,moderate_pi_positive
13401,0.15785304858404778,2.268257154649719,0.036383269573161424,1.2501455262681584,3.546937744471522,0.9440291225717222,0.0,0.005533233064882104,0.0004250182541396614,0.050012626109256164,287.14663860880023,288.80017647086026,289.82918351487325,291.27096488600415,293.2234159008283,1.1333405064157598,1.0079130244511738,1.132322623619568,1.1685335349900452,0.9814388625857315,train,moderate_pi_positive
13402,0.25857267059665046,2.4311922736355647,0.8269532557587537,1.4504955321929243,5.053742919032734,0.22653557336316676,0.5497389285865408,0.08028047211625625,0.08346692752797831,0.05997809840605784,287.2820314529675,288.63842769504953,290.358949120092,291.3232765471688,293.9831208617456,1.1376326616948005,1.2123869445827968,1.5679550588986175,1.0808795143470518,1.2297200591993909,train,moderate_pi_positive
13403,0.13106070329960723,1.6607531539585612,0.5418055301179393,1.715295006468213,2.3940770500351167,0.4848756480456018,0.31325260877320177,0.0849166144118052,0.05681815346646617,0.06013697530292492,286.5416576985935,287.9636494991649,289.39995552713987,290.72791582669953,292.9086919131722,1.0168305382618519,0.98317768759395,0.884165527614619,1.0274675026288893,1.0097089196646436,train,moderate_pi_positive
13404,0.5417747326026724,2.317534067733725,0.5267825762603052,1.1539750175799266,5.620651195025291,0.4575401791171539,0.10007027589642914,0.3669416164413754,0.014885341961250362,0.06056258658379112,287.177765982833,288.9908035592116,290.1668804364929,291.1056012466901,293.37606316429753,1.4493898227481492,1.4942138228439747,1.2274380379721255,1.3411315235513204,1.1458522876259325,train,moderate_pi_positive
13405,0.29059806826006496,2.134220932315965,0.4360416943422615,1.3849203414921765,5.812867343799612,0.5600006491135626,0.33577045045786386,0.06227463075007774,0.003998306567159956,0.03795596311133553,286.90815540467776,288.43201708997253,290.12639094077736,291.05033781090305,293.5552270562086,1.49443421047436,1.2750537727244844,1.4053202624322347,1.3671863504244404,1.1716556993291998,train,moderate_pi_positive
13406,0.4840891965318739,2.4965390121948134,0.9258068887881324,1.6213205005532214,4.397256134073116,0.41702845890603174,0.05739194438991128,0.12482925374501755,0.3567928453266018,0.04395749763243765,287.34466059470424,288.9524023712086,290.1803030717217,291.5465369990368,293.47332997042423,1.3298048322336362,1.159196922563486,1.2681732026790922,1.4145543531377283,1.3301916880448283,train,moderate_pi_positive
13407,0.25851368073101444,2.2617447256234264,0.4391940858503759,1.400103422440126,6.490254474316574,0.5972033386841005,0.04164474454966438,0.19715687415547797,0.08519623357261677,0.07879880903814027,287.2474471828158,288.4502188480412,289.91783895803223,291.46817743874203,293.6480190517922,0.9654327303459525,1.2275318218243312,1.3006484673774512,1.0579962450396365,1.1089559523015726,train,moderate_pi_positive
13408,0.22464455256540164,1.987921120677166,0.36389288634868844,1.5483067619672306,0.0,0.5622605079738703,0.2524431223350708,0.04307517436164782,0.019187294825984882,0.12303390050342633,286.6864691701879,288.1765741407345,289.7518910410097,291.2992175694082,293.1741839009391,1.3399547517918307,1.3643011060995174,1.5235667473471264,1.3257506520884355,1.2107210151377998,train,moderate_pi_positive
13409,0.49335361912684733,2.361140740312042,0.5346739560630982,1.5688492565696144,2.363423195173887,0.44418970696158516,0.24165507134506767,0.24448089337822212,0.009268995669904214,0.060405332645221015,287.11628077692444,288.5850692424551,290.48278842898446,291.30312112206366,293.5178109086358,1.3299881258639732,1.2972715778023596,1.270420739119686,1.3054627604865403,1.4336485021052578,train,moderate_pi_positive
13410,0.7060494194563134,1.7507631907781982,0.7662231110575347,1.4662883766296386,0.0,0.1687962609836391,0.34462975912425275,0.37655132220654064,0.007521014863370628,0.10250164282219702,286.480444323,287.8717411106649,289.32933106087734,291.0099068350773,292.4830566768333,0.8083143636973857,0.8776514022182346,1.0617396145072517,0.9082938722783296,0.9569075931093382,train,moderate_pi_positive
13411,0.41463093381599103,2.172414898249164,0.721039700293435,1.5907960716520537,0.0,0.34634652391298854,0.32121716487983754,0.1332279165439454,0.11829730943482603,0.08091108522840261,286.8722002533877,288.44705161994267,290.1461332526565,291.1284030232785,292.97695896790106,1.2308864281587069,1.2897468965852126,1.2279285466746352,1.3037543019713156,1.5858469386064842,train,moderate_pi_positive
13412,0.2123546584876919,2.034115406454609,0.5765301940218736,1.3362319964786842,2.4300178092190485,0.4143544645696465,0.0800436418240966,0.4408900788050719,0.012798236696352536,0.05191357810483258,286.8637283806978,288.39422321603047,289.65512936521026,290.8529772430202,293.8118652515086,0.9891557678277648,0.9449434076069101,1.0386903005384678,1.0232674235246395,0.940941373289728,train,moderate_pi_positive
13413,0.3830554499667215,2.490244108427423,1.1729480218723556,1.702412522745814,6.866547824273374,0.2583756850701986,0.12119471956864455,0.12466249543844342,0.4485454034326338,0.04722169649007964,287.32640128807543,288.6615801339844,290.1858985034517,291.28509577331334,294.16544319535416,1.4178257448643048,1.638038847122675,1.669097495714086,1.5007054602763803,1.3241203539477626,train,moderate_pi_positive
13414,0.7783532573156786,1.7998473078678061,0.683492477746602,1.7341004924475798,3.94554603456414,0.28870596204553767,0.32349308578108144,0.3190460339115065,0.0054766790270071265,0.06327823923486725,286.5302466293857,287.96472519431194,289.6530299440567,290.5775559103091,293.001767339,1.6549206469584423,1.5026875009633733,1.320530779270525,1.676711733414845,1.4778759355136248,train,moderate_pi_positive
13415,0.16703398006227244,2.4409422377257926,0.34639825171144933,1.23152692475517,3.9972165830241133,0.6594881089802264,0.1861688699576861,0.04120848396110838,0.04451044889632745,0.06862408820465177,287.4089430236264,288.5400131353656,290.1430663764976,291.2907420008641,293.7009978720775,1.3373118565673001,1.2174393867420028,1.354134847256948,1.363370447599696,1.4045045396900127,validation,moderate_pi_positive
13416,0.7900505511951793,2.256352008862307,0.42586210183857837,1.2789794208216125,0.0,0.6216140885414047,0.0,0.15559815422656328,0.12013197380600754,0.10265578342602463,287.10697446666927,288.33009306904154,289.96288508051555,291.39860334626155,293.5303617254229,1.4339106016945526,1.3062940894345412,1.329346553614186,1.065874155843594,1.1887791604353941,train,moderate_pi_positive
13417,0.152793397862497,2.2858654976827335,0.6671175278774566,1.7101264804622782,6.563512088072963,0.48441966706026424,0.27970598019293264,0.05093008242093315,0.15324073263179538,0.03170353769407467,286.99151261880013,288.3841770538198,289.8347066769992,291.47305608364815,293.3739772145834,1.0590705184667606,1.0674316572237519,0.9427385895522059,0.982868349742858,1.1778543679104283,train,moderate_pi_positive
13418,0.46717831378341607,1.7159981050527326,1.0052273396680227,1.7340752307246592,6.207237591179942,0.23821730419962342,0.24546633801275153,0.18426367319142353,0.27274866423192384,0.0593040203642777,286.35068119165135,287.75323075037414,289.46207441636597,290.74757788340224,292.9672108950035,1.386704672100825,1.5557636836356619,1.4623167225608182,1.5426259743612718,1.5108821422165657,train,moderate_pi_positive
13419,0.5368064422304429,2.2426692229335696,0.9342003968544761,1.6976812726604493,4.096392027432046,0.1324014155664342,0.610563054227021,0.08696065566012999,0.10333834348366253,0.06673653106275243,286.9078592142626,288.63635964305575,290.24336332962736,291.5082433717463,293.04401878787024,1.0343574568753464,1.1060057356312176,1.2470942435863586,1.139166723504847,1.0972292189234063,train,moderate_pi_positive
13420,0.7071275725386936,2.496754030429107,1.0377249907988617,1.6749846356524971,0.0,0.23543182667584064,0.23639799916855697,0.0,0.38566349581515236,0.14250667834045003,287.41702318989115,288.9675801422249,290.47164541144446,291.4615855790117,293.42539215309347,1.2609251592679553,1.1180186629523512,1.1225119428008905,1.0606993589793139,1.329362420360251,validation,moderate_pi_positive
13421,0.5334988300401615,2.1348150747771237,0.6945841518439526,1.5312354565736315,0.0,0.43975237239106674,0.21121710400535174,0.014999846384201066,0.2191836007271999,0.11484707649218055,287.0872911760935,288.283231758625,289.95969092145947,291.4971347797951,293.0654300869043,1.0157480548444053,1.14357943975514,0.7821639704003595,0.9465413627972077,0.9102161180761006,test,moderate_pi_positive
13422,0.3969731037018323,1.9594414509046159,0.7008530178547296,1.4566545616480817,0.0,0.35392261574110445,0.30684515462710893,0.14871007481895754,0.1076488942043316,0.0828732606084975,286.685228783939,288.07414756177684,289.48003168620494,291.00808027586834,293.2582011779205,0.9005326896076584,1.0516803280638152,1.1780301938998647,0.9932482339143849,1.0204261039720486,train,moderate_pi_positive
13423,0.5491008905753234,2.4639794568828277,0.606196947291191,1.7389947310718306,0.0,0.3142419272129397,0.05296673748362824,0.5232302098075627,0.0,0.10956112549586929,287.22752274972817,288.6053602741657,290.31157480072386,291.5785190507889,293.7660741568497,1.482341765368897,1.3716440132071979,1.515711510536548,1.8547098250856904,1.825168367601432,validation,moderate_pi_positive
13424,0.8033957203314966,1.7138383860392388,1.1445326872443013,1.7107934185862184,0.0,0.008615812442066814,0.43719175079618716,0.24403113354143235,0.21665490145334093,0.09350640176697268,286.65448061417896,287.8046509133384,289.60966476883755,290.7347627862759,292.95661299121093,1.1382205111658243,1.1169127977116071,1.1185677853695255,0.8986095147481883,1.139161389588935,validation,moderate_pi_positive
13425,0.7249568587827204,1.5976381239965676,1.0968103792432904,1.5251627730693937,0.0,0.3039504351408201,0.0,0.08246798533379418,0.49217119695474815,0.12141038257063769,286.47247265731176,287.8707893777377,289.6280931269943,291.01938465745616,292.6207065424471,1.1501253603367336,1.147821271001207,1.153203340312002,1.2166040537077203,1.2175843551879943,train,moderate_pi_positive
13426,0.6117977407256154,1.9217648158257075,0.7453431209982759,1.5757427606500498,0.0,0.2350659625718722,0.38788820152901243,0.1360905011676464,0.09568220915080856,0.14527312558066044,286.65127256344874,288.0209278959104,289.8967127547248,291.0442711666486,292.7193848750179,1.2255849914844725,1.3971181596118925,1.5801319734373793,1.1111255663814328,1.7178999047883565,train,moderate_pi_positive
13427,0.3975835344572719,1.8239072198226354,0.8759601787173674,1.1878547459676052,2.1158849199735226,0.46713558422006396,0.0,0.07304966374784647,0.38645525748476045,0.07335949454732918,286.44122695989785,288.18585185716717,289.45098964511976,290.6330864354483,292.9486538938535,1.3075356066462576,1.5278396481621959,1.6376031826314235,1.1018965453654266,1.426242168550877,train,moderate_pi_positive
13428,0.337861271345401,1.8240946064182455,0.5512774083597671,1.5516003602722015,5.329260583927394,0.5118913027957446,0.10286017881621558,0.2867857328383448,0.06581574835260338,0.03264703719709155,286.64836401570966,287.86791696739374,289.50915047969664,290.861176015463,292.98430844724356,1.0410516487485955,0.8237100041573472,0.8777393345081301,1.10435788346975,0.852011254985464,train,moderate_pi_positive
13429,0.5869489468351776,1.6612985275663301,0.8144088441266435,1.6182840499069906,0.0,0.47497792837581676,0.056169675975758844,0.0,0.3641195840754423,0.1047328115729821,286.4897457619233,288.0167360065472,289.2896546448903,290.8822751573185,292.94010278223595,0.9888315508661758,0.960648286249711,1.0203929861794767,0.8594782198058342,1.1349082534788089,test,moderate_pi_positive
13430,0.6091858194677422,1.5845285466453594,0.23935719844801145,1.5122107202649455,0.0,0.7149869852515298,0.11168562746426225,0.0,0.04883578549187461,0.1244916017923333,286.4670758142085,287.94473046759134,289.1180620707385,290.57282073106853,292.83565335980893,1.3893170334138658,1.5255478017322606,1.6584097289418631,1.182477732632079,1.5320409430854907,test,moderate_pi_positive
13431,0.9279337938599725,2.343759472919559,1.1923533791863017,1.6922129744710643,4.8257106991861445,0.0022829104388622113,0.6382388161066378,0.0681017702715044,0.22800639640407977,0.0633701067789158,286.9855666377257,288.5335630287784,290.1570240940773,291.47236934864816,293.49810673074296,1.3450607675095203,1.5541272183813732,1.3198206913987882,1.3332570455595185,1.5403409196648357,train,moderate_pi_positive
13432,0.32367908516349986,1.693051059938535,0.5896727785961814,1.699490508944242,0.0,0.2952064919458316,0.44317996241224705,0.1118001282752276,0.00234634395435341,0.1474670734123404,286.4631594740968,287.9879552481882,289.3929925621821,290.80929737820406,292.6795921407782,1.280997157560983,1.3851957817830367,1.5159535488835223,1.5853054972183243,1.3737346034694387,train,moderate_pi_positive
13433,0.2716751316197789,2.1691870024931625,0.683224440787149,1.5008095798378247,3.5342735821045044,0.2978708266782767,0.034114353421685714,0.5713150973535897,0.023897495005936787,0.07280222754051127,286.8753841977015,288.2678613823613,289.95249441342895,290.96917558882035,293.4716437629695,1.1603657869700212,1.005277397473274,0.9147948643858591,0.8441916111591579,0.8864309377011561,test,moderate_pi_positive
13434,0.4622947853640261,1.519614660295145,0.8688378571688112,1.4060674614645352,2.5787556760061454,0.2664495216327613,0.2982296992016791,0.24420670036995493,0.1482007287985886,0.04291334999701612,286.4149064649428,287.74752745957414,289.0065429045108,290.80376142981754,292.3908777651785,1.2033806702781338,0.9272436656500443,1.1427389444154092,0.926231480601732,1.1036100388987287,train,moderate_pi_positive
13435,0.8107214338645168,1.6953935743708146,0.7721691435008758,1.2276715995759488,0.0,0.23800342869231747,0.0,0.5698286268370154,0.0861702583319302,0.1059976861387368,286.570372306191,287.83705251536105,289.46225943967306,290.8870773440275,292.8191234547262,1.0523006258788972,1.1883647148940424,0.9250090326825776,1.4393192695144092,1.16200096701152,train,moderate_pi_positive
13436,0.3485878757962441,2.4096855314418657,0.5010441592172383,1.1455331888250169,0.0,0.5242280711609872,0.17062215129456546,0.023435474499113217,0.13849326671177983,0.14322103633355415,287.21035238273544,289.0570989602486,290.1344221459367,291.42585744808514,293.6261088235964,0.9549807685023042,1.019320222470762,1.0250488975290546,1.0664417846866752,0.7,train,moderate_pi_positive
13437,0.5878504404988705,1.6626914277713865,0.7814128591130078,1.4803366212274933,0.0,0.3328275927540801,0.17516817642324556,0.16254020042645081,0.20685224113165573,0.12261178926456773,286.43316491417704,287.9647894657422,289.44188879048414,290.4927477393819,292.55244989577517,0.9980887284906248,1.136092224306322,1.5688032799845435,1.3875482384891529,1.2481119663994964,train,moderate_pi_positive
13438,0.730499119273889,2.062660255472397,0.7934386085586418,1.6455277962543724,0.0,0.28915758223896926,0.0,0.45294134851129897,0.15524863002367137,0.10265243922606043,286.95155909277594,288.4434861609626,289.66352067057613,291.03535158192915,293.070348781843,1.2282625950965322,1.3068148976134302,1.1986214822831385,1.039705484772577,1.3381871605509663,train,moderate_pi_positive
13439,0.7617702678146678,2.3086961173515794,1.066275636443872,1.5169761675906424,6.558789274164338,0.27637768629585713,0.3034911063270393,0.0,0.3663922650584164,0.053738942318687165,287.3036348000603,288.38088936713723,290.1286837783437,291.3197505517714,293.599313708121,0.8009938957530683,1.0789260747932363,0.8775387677824943,0.7838613752151026,0.9683638635968513,train,moderate_pi_positive
13440,0.5877832390916085,2.159472224809002,0.9594854185272846,1.3468842641492307,3.379346746281853,0.2707290838140475,0.20361433341537555,0.25552598308933216,0.23517255101128848,0.03495804866995621,286.91014480507874,288.3323618633187,289.5165818881896,290.9409787850236,293.3861653610717,1.2988659139776582,1.6382078583210107,1.4099654622531839,1.3883552546325522,1.4746022189772414,train,moderate_pi_positive
13441,0.4571728253317533,1.8661083465610249,1.00527727614956,1.6111879965632365,6.752681123534815,0.3085789263806484,0.0,0.2559122924244426,0.3596824918625588,0.07582628933235032,286.61551160874643,288.2494311327408,289.8281999249455,290.9527431204498,293.0161133478638,1.2196010421267907,1.3866614026938826,1.4808709679021244,1.2538098167105507,1.378564700411998,train,moderate_pi_positive
13442,0.14493749194234204,1.588572037402089,0.34431171994917137,1.7097400353167722,0.0,0.6018402956277421,0.06676225675370183,0.2320665402229906,0.007741461486239479,0.09158944590932598,286.51313332417277,288.24286873875775,289.5479302187575,290.82644374023533,292.5337278326411,1.317019936500157,1.1751982514412151,1.3521016548538298,1.392382724976373,0.9387648803126589,train,moderate_pi_positive
13443,0.3183602198337631,1.6672972536950343,0.7991393147824482,1.4885650639211416,0.0,0.2618847960354354,0.420867420671553,0.08544591500022566,0.1314129895553347,0.10038887873745116,286.45149966741474,288.0096131213032,289.59631453106965,290.7329589261149,292.99662064114204,1.3155677723944261,1.2380992306883907,1.6356027575235403,1.2334785040422787,1.4436408253583186,test,moderate_pi_positive
13444,0.5455590482986935,2.1829216938615956,0.5270020905013435,1.709242513603769,0.0,0.48534965986111855,0.12632665591823394,0.23420248914952366,0.06823647271679294,0.08588472235433098,286.9414723112734,288.3496297127491,290.1706215670803,291.05033485919625,293.43064407050156,1.4333452536090279,1.42463418479067,1.3382422641781015,1.5378685552516753,1.4303325427954197,train,moderate_pi_positive
13445,0.37979967438817025,2.0886526420474425,0.3266086018285589,1.4436624031027974,0.0,0.6569874317034885,0.0,0.2232429968352005,0.03668280249667922,0.08308676896463178,286.9142311024517,288.61243048736947,289.7330429151036,291.1287301780365,293.0459112127866,1.5167619381291009,1.3912639916095693,1.6296971012774748,1.0924502106218832,1.3999687495120305,train,moderate_pi_positive
13446,0.35948494222016764,2.3751285608435064,0.7537685163112118,1.193887563192032,3.5065231860247232,0.45179453406842024,0.11523154908196542,0.16442716209311348,0.22205490256806645,0.04649185218843432,287.10278744116283,288.802082040962,289.9920570477671,291.2166488864401,293.44573685860166,0.9213795248724312,1.1493308861975486,1.0649038343039117,1.0186908664201497,0.8817941656947583,train,moderate_pi_positive
13447,0.14334357425438912,1.9035571092202757,0.56211296269135,1.545012650553251,0.0,0.3912481606355171,0.2836448661761269,0.16422338527471952,0.042122355620251815,0.11876123229338474,286.7735054595203,288.44354229364694,289.69436575547945,291.0619778867426,292.9472521082599,1.0528761942909186,0.9383404183682579,0.8190151842097384,0.9614131368305165,1.0797062457978979,validation,moderate_pi_positive
13448,0.28414666610954054,2.339315673615886,0.8013328088840852,1.5425209366704793,0.0,0.29844115560841966,0.08175187889428857,0.2922915022284657,0.19864471388066549,0.12887074938816054,287.2915193087929,288.65151581138525,289.9997836908707,291.1982327210252,293.6291088553489,1.8178838245523339,1.503429513259115,1.595026843008206,1.5054464773578478,1.4899421643070339,test,moderate_pi_positive
13449,0.612898145730834,1.733619007375912,1.1223888586253992,1.7318742533676452,0.0,0.2622692665794238,0.11025045925753274,0.10744281594323878,0.4373477917123138,0.08268966650749075,286.41607702566813,287.641836818683,289.91357296537086,290.8843703916894,292.84780263405895,0.8792114515585907,0.990176869237755,0.9125419284233924,0.8850439416931943,0.9444595346758696,train,moderate_pi_positive
13450,0.5221070217542466,1.5602989134473892,0.7294123715198118,1.6500032853331592,2.9059563147704655,0.5080929457727635,0.12598976114721952,0.077680505488919,0.24787105244183663,0.04036573514926134,286.3531656702857,287.9822752581233,289.3125580359238,290.5360195443241,292.5767656371327,1.304386311736029,1.2739153236710818,1.5363881215132822,1.8522184089918885,1.6169088775748974,train,moderate_pi_positive
13451,0.501247493194504,1.5731865876252762,0.6188369379853212,1.1413210102758162,3.284518467653595,0.4915236133465622,0.3589619690761571,0.0,0.11493748445458206,0.03457693312269863,286.398441442965,287.82631605783524,289.451469163586,290.6954848783847,292.73645623895743,1.312026367414655,1.368304771997237,1.4586109599052732,1.2655744674584721,1.485532258197803,validation,moderate_pi_positive
13452,0.6912361863750002,2.4269013442037832,0.9514445236085931,1.6842585461623678,0.0,0.34136251783209515,0.07446655775115367,0.14459164827074136,0.351193158793349,0.08838611735266078,287.1769324911676,288.57159388016987,290.1434918421412,291.69887744859193,293.7301003162827,1.005871148520336,1.0724053672405072,1.029306962638712,0.9553039425033889,1.0562743873017924,train,moderate_pi_positive
13453,0.6874702495843518,1.7642859434732152,0.7698597375483747,1.3961210476755974,0.0,0.2274721320766042,0.2549369857147362,0.37165102220203095,0.05663586481580375,0.08930399519082483,286.54490947314724,287.9527081320405,289.57250680550806,290.7129132288917,292.92213000655937,1.4776981230453923,1.596385161151507,1.4883488651756827,1.5430555418770018,1.3768934822231889,validation,moderate_pi_positive
13454,0.07011872808425304,2.259050646711311,0.5168443332015249,1.3859325450769528,3.093747886703918,0.6729384966622864,0.006942889104537747,0.0882424399050083,0.1958295020959894,0.03604667223217819,287.1857521090201,288.63002959677493,289.9268240316079,290.88088109081275,293.5883261967994,1.3260822954565221,1.0029536829860881,1.0007774097048259,1.0747529099744135,1.108811518210812,train,moderate_pi_positive
13455,0.5216114544335582,2.24072212758658,0.7107461071839284,1.2316575859845091,0.0,0.2593234039900886,0.23344678456036938,0.37636681097356334,0.03546625582499779,0.09539674465098097,286.9823841276241,288.3305618490061,290.1672409381964,291.5281396712052,292.9746946793634,1.3019525338985893,1.411091762848147,1.5921475405929975,1.396572881919638,1.261882638900064,train,moderate_pi_positive
13456,0.3771183830727543,2.0886544566641265,0.734466573166146,1.2114415903351048,3.5462334566574705,0.3167570228114702,0.42694453096018914,0.11354230979173556,0.08198986620711067,0.06076627022949429,286.9675101708682,288.3649013225878,290.0976884919286,291.29443987785004,293.29370557867276,0.8677728693962035,0.9080247435278794,0.944832103314255,0.9292323193283651,1.0158884561928618,train,moderate_pi_positive
13457,0.6727466614798959,1.8864117598073245,0.7601979711923592,1.511554274025413,4.3521232625096555,0.31268416141542843,0.48252305576858096,0.06948888648071076,0.08909301447153378,0.046210881863746125,286.6358292649865,288.1693453695841,289.2444304323443,290.9193486179422,292.86502225814155,1.3131709454843803,1.6566185987738162,1.6148673949399683,1.43442446941153,1.4415440073579795,test,moderate_pi_positive
13458,0.8079024280857591,1.8320559724633902,1.0607219847609124,1.4634963837534358,0.0,0.20435930014697165,0.2733397658125089,0.0,0.37869110947420176,0.1436098245663177,286.64145050092,288.31694394077215,289.6891120589346,290.81171723024806,292.971432924848,1.2761038153570885,1.5471753936771722,1.781220442474627,1.7217615908779038,1.2625785123011855,train,moderate_pi_positive
13459,0.4514526776373091,2.218877877300867,0.4072807667727048,1.504058034877619,5.031558116454533,0.6098283871406157,0.16647169448817994,0.08711593157919888,0.061846570352663,0.07473741643934238,287.03662115728093,288.4757574899915,290.0319782339485,291.5782274224444,293.45447534771023,1.1758502262526374,1.5433079670049068,1.4025712013316356,1.6527664736564296,1.554339422949626,train,moderate_pi_positive
13460,0.4082877839107386,1.6580590781017257,0.39032736601765144,1.58191399668819,0.0,0.5551518568520312,0.22197933566648334,0.09202890010447112,0.023159565123348498,0.1076803422536659,286.7144620766704,287.9593333580469,289.1716614249912,290.39244950014086,292.9391235105416,1.2928621046720856,1.5596309761560352,1.4398594263588267,1.8308223041919387,1.4761916508127972,train,moderate_pi_positive
13461,0.46457743361276443,2.0548280606548355,0.6259189087049944,1.219746988146991,3.910816537659586,0.3639585331482775,0.2851658929205829,0.29345195057624646,0.008650532604082517,0.04877309075081074,286.8410660611612,288.6485917172557,289.83792145369614,291.12745972646866,293.4717073473503,1.0459069858726813,1.121310038550907,1.2206659976255307,1.2306703851334704,1.1875795858157046,train,moderate_pi_positive
13462,0.11301537467486332,1.9531484407079978,0.1396698981322482,1.1357327045642611,0.0,0.7956195048002233,0.0,0.1046659594291759,0.002501969351536145,0.09721256641906471,286.6345456249366,288.1840666625177,289.5598679198923,290.8844701770217,293.5942983737579,1.235933705593625,0.9668803709492573,1.1139479887794776,1.452386723286724,1.266564933179053,train,moderate_pi_positive
13463,0.3526617585525367,2.0016846437881157,1.102411091228858,1.57651309612246,0.0,0.33222185302618285,0.0,0.07917083078751547,0.4966201302206713,0.09198718596563042,286.84841588687823,288.23289374887065,289.84918664595773,290.9507190007789,293.9568150579025,1.1190238680645421,1.0734075924131719,1.1256351953500605,0.9022768094690883,1.051476272693759,train,moderate_pi_positive
13464,0.3537988746824929,2.091660194546596,0.5113984326090881,1.1719060101933008,6.9013041582328025,0.5463792728093819,0.10867257325557472,0.23955886728224443,0.06658349603563447,0.038805790617164465,286.8301248050132,288.31618415286295,290.2076857197937,291.1972479802647,293.250498940987,1.3204873480041794,1.406608735476174,1.6407855146257493,1.4263336546635004,1.4837321827791488,train,moderate_pi_positive
13465,0.45299128647000825,2.2505764184240915,1.1549836922060432,1.2380872654945696,5.525958663212231,0.15513214521970548,0.3935785789156959,0.06852669788171042,0.3314392077043184,0.051323370278569834,286.89743277185505,288.72134214989205,289.8760434447539,291.2819209608222,293.6565459494166,1.221959927821703,1.2537956352365511,1.0589153926577046,1.3341045503325024,1.2812665466912763,test,moderate_pi_positive
13466,0.20330201013538032,1.531856972449741,0.43063249321228597,1.667407097248396,0.0,0.608602875952047,0.07938596636377744,0.045564319394746935,0.1378411037268808,0.12860573456254779,286.4186055487494,287.6844909457193,289.1728214561519,290.7040404975489,292.5218205810788,0.9576178089543115,1.1168742545236,1.0808192146666407,0.9692747777033353,1.0650370079831928,test,moderate_pi_positive
13467,0.3530762055608443,1.7997885034222425,0.5537578124327378,1.3211733322630905,4.31003519024086,0.5334686225483496,0.0,0.3014194568622485,0.11116917778524465,0.053942742804157215,286.6494425281423,287.940319378989,289.5875491625529,290.75382752954374,293.0426615535241,1.231626493758203,1.2215810233918538,1.2392873475383936,1.4622873922556636,1.235919740695797,train,moderate_pi_positive
13468,0.06884883046986291,1.6330126481180898,0.18663005973043093,1.5039658846065953,3.8224529736174393,0.8104243268142338,0.058144335979479385,0.018748773850403348,0.039868474950274096,0.07281408840560934,286.3751009352687,287.97520483114783,289.5261528347975,290.69209233997384,292.7008755162548,1.0473763071460873,0.931936683978275,1.016926132004585,0.9798355431464402,0.8612703795854325,train,moderate_pi_positive
13469,0.4017037746699046,2.3081749869865233,0.5129342608318984,1.6192361277933403,0.0,0.4482059658139444,0.010247629394031477,0.32299460313121575,0.0748460141533256,0.14370578750748286,286.9733071517432,288.777000130564,289.8493750289392,291.0311901594085,293.30027766380346,1.0524183721416869,0.8263700892305308,0.9959284003399986,0.9067017298840756,0.9537563504736956,train,moderate_pi_positive
13470,0.15659167976318078,2.4355037606189196,0.3736608057931682,1.1499558682688014,2.6120780122479634,0.7036967601380496,0.0657490518485122,0.11346827107060095,0.0822217414370275,0.0348641755058097,287.2419980729252,288.8945948529758,290.4590964449529,291.6520728494749,293.5527247154631,1.61157899445135,1.6068211011893043,1.5418224648504235,1.811542555600551,1.4807828840303696,train,moderate_pi_positive
13471,0.4121422921398872,2.2880128085921956,0.7834946653839256,1.407302964642464,3.7035823474309493,0.3270746054706249,0.0,0.49524618376298046,0.12912424081047255,0.04855496995592223,286.9871635167625,288.6264930450193,290.21121912058453,291.35407617682927,293.7876616899674,1.2236746481443739,0.9411541541910159,1.0771449982939323,0.7068131307118839,1.1200069922199118,train,moderate_pi_positive
13472,0.34596174110793704,2.425670525638958,0.30791649637294227,1.3221449913428325,0.0,0.660186027412282,0.10253143493958407,0.08032600716745729,0.04752952713295045,0.10942700334772607,287.3659727838245,288.72087398070914,289.9874655048895,291.28484854201855,293.36912718746976,1.0970875194175207,0.968969187276423,1.0242392418373842,0.8919459867693526,0.8267868776640686,train,moderate_pi_positive
13473,0.3022668157972655,2.373773524317999,0.3959894944965491,1.2055214474970315,0.0,0.6766588878498071,0.0032507082385203464,0.033193013547552164,0.1647728863552383,0.12212450400888224,287.242671069115,288.76209201119,290.30444389719514,291.64916510278425,293.3002346289695,1.5501171547756047,1.5266531905646927,1.609101384314752,1.8178155358602688,1.4052462151933798,train,moderate_pi_positive
13474,0.5332228788327482,2.460462599421943,0.8968000981133525,1.1314728968134884,4.667298930710264,0.31310615313810486,0.3067388169659307,0.0750540248823619,0.24250362813252996,0.06259737688107256,287.29094923197,288.64578013925995,290.1184750500243,291.65034296041364,293.4905650143075,1.409055011090459,1.5070208401163656,1.4062507728777696,1.5968604817371275,1.3889097968636126,train,moderate_pi_positive
13475,0.5662962277908653,1.9422123443538748,0.8996607991862722,1.4773482590492564,2.3475412169267296,0.40495752782944533,0.13117366878282632,0.03348765221666342,0.3524997390933912,0.07788141207767378,286.7209072896794,288.01259839464325,289.6667632657836,291.03946280637746,293.20783469967915,1.4482964040343234,1.6115513351808421,1.4279079178651541,1.4439219611022898,1.4846336271997624,train,moderate_pi_positive
13476,0.45863077690879783,2.041075787873327,0.6755045216874163,1.409808659893678,3.6188713850374006,0.31725407006463285,0.16932363878830198,0.3962441070857541,0.039968387906680135,0.07720979615463101,286.76159988149504,288.2719033757857,289.85825283202576,290.8707359758353,293.4712414387649,1.1471215277364524,1.3313665474044887,1.24838698199757,1.270175055922863,1.353744931803846,validation,moderate_pi_positive
13477,0.22462406340660118,1.6333262744476214,0.4530689078404898,1.4465928176732799,0.0,0.6220533341878286,0.0,0.09731874369666572,0.16287508207191204,0.11775284004359352,286.56134203747615,287.8965710606589,289.65927381771456,290.4158939795008,292.63467885706945,0.9174831076293423,1.0205442960191713,0.9504131300807181,1.0188080022252228,0.9618419234445706,train,moderate_pi_positive
13478,0.49600368615226476,1.6834786740058907,1.2,1.6849376115018764,3.6447305438876274,0.2702130876433284,0.004253201271395308,0.03100837857570974,0.661986236571597,0.032539095937969525,286.33112412065134,288.0735481963113,289.34116579201304,290.95779914448815,292.8760113578274,1.5805075071463408,1.426280715765626,1.3377009664285868,1.794291615663912,1.7675581897974784,train,moderate_pi_positive
13479,0.379875247107583,2.3805731414447266,0.540290033886751,1.6479746135614248,6.050035677032502,0.4401943612780815,0.4434614944251821,0.0292774068017383,0.018775566329915304,0.06829117116508283,287.22640257182417,288.4141259602281,290.14726899005365,291.4798842775866,293.52574819634265,1.142521165868549,1.1495940149313864,1.2353261644015252,1.376535372768409,1.3614323350329791,train,moderate_pi_positive
13480,0.4531797415113983,2.47224226856092,0.5659685177577499,1.169269158729896,2.800560047763606,0.5506039396604405,0.26187801356317053,0.03043732841827249,0.12182658788815344,0.03525413046996316,287.28731304663904,289.04113718705463,290.32825479733106,291.3267584134918,293.84736933682575,1.0952491040271533,1.113217891163303,1.1606859276382686,1.0488693151894541,1.0336395877321956,train,moderate_pi_positive
13481,0.2366232945112198,2.4132722543340073,0.5169023903438418,1.366711726079031,5.4950136602566975,0.4481720751928029,0.27576469917321994,0.21113769117062187,0.0,0.06492553446335542,287.1959559128175,288.6726763010765,290.08125962297913,291.264888801045,293.41930572613217,0.9657572132542896,0.9498043842068877,1.017063121600462,0.7874018068447217,1.0677441422256997,validation,moderate_pi_positive
13482,0.39539818554391737,1.6050000982424937,0.39641376591684047,1.6062871995602173,6.878476148960122,0.5898273374355927,0.3627354689502473,0.0036782969665932297,0.0,0.04375889664756687,286.4171861818876,287.56345593124854,289.42005981761935,290.8387192638517,292.5820977048659,1.137952617885919,1.001509925640304,1.1453178915225657,1.0963834266412658,1.1548030375365808,train,moderate_pi_positive
13483,0.32521162113125424,1.9264478922652737,0.23759413739348245,1.3145558651981932,5.870638948352241,0.7281657872003728,0.20420119918959248,0.0,0.0016964691019449886,0.06593654450808972,286.69339778007776,288.38206971575016,289.59655607231053,291.1765174142322,293.22673343869957,0.9460736178612077,1.3012597887154616,1.029030322979228,1.3230338597632598,1.091717277378955,train,moderate_pi_positive
13484,0.48687319134288803,2.2450460082878303,0.798880325290805,1.4128362019358671,6.678493616781743,0.286518532631346,0.38962064378633604,0.20682166291721044,0.08621900929362927,0.030820151371478362,286.96850103224585,288.55718467877784,290.2825981666382,291.4467492110325,293.08324071385226,0.9159406198667709,1.1755401696393986,1.1829293000544183,0.9667767685951323,1.2969352647356078,train,moderate_pi_positive
13485,0.31043288311451495,2.4057591512006202,0.5892323702517013,1.2571100733595681,4.547146806087414,0.4693173939582193,0.2408189676838629,0.11418598213055006,0.10211371021864414,0.07356394600872375,287.1670813474492,288.6464314366338,290.17954666159983,291.6817315408849,293.9334224692189,0.8838385802292702,0.9441993057590296,0.95887192206755,0.9126047181599997,1.2407070235087874,train,moderate_pi_positive
13486,0.27921894791648677,2.091541717497331,0.5849785795569344,1.3283627046055482,3.043909651777615,0.5300633430859958,0.06983032895142463,0.23631372248143306,0.12441726406203835,0.0393753414191082,286.88560632573484,288.340465338788,289.75279960229,291.1172252608576,293.3510902997792,1.505172100965076,1.7399573642037816,1.455643356250817,1.5543156231146908,1.458814160529925,test,moderate_pi_positive
13487,0.33737860708488726,2.326411496669488,0.318058726306076,1.7243116201733444,5.995862315324757,0.6697593425664132,0.27577109766968333,0.002359929238451133,0.004963849698970752,0.04714578082648171,287.1477223068782,288.59732583699434,290.1563295375724,291.063582495222,293.614413379894,0.9914839119464786,1.2027576578222645,1.0776223275759909,1.0593151812100583,1.0284305282456085,validation,moderate_pi_positive
13488,0.4491927059410272,1.747169504490616,0.8723421776690579,1.3493281992991086,5.035224930268167,0.339705579311934,0.36870633627604465,0.04889912224907146,0.2123683595719709,0.030320602590979066,286.5854375937693,287.79830200688485,289.4762904225656,290.76499223942454,292.60289548306724,1.179193188862441,1.4789168082024957,1.1275889511319892,1.3438225282757286,1.05009760713104,train,moderate_pi_positive
13489,0.36393430448119213,2.364668038019713,0.6923827868621073,1.6781641718563782,0.0,0.2068678602919303,0.40691655745671124,0.2554662294053961,0.0,0.13074935284596245,287.31952635242715,288.5519556359147,290.08787844813526,291.6104049316516,293.3476643874322,1.0415525124774143,1.5782387294901283,1.3468057106760785,1.46730647463401,1.5338333544979927,train,moderate_pi_positive
13490,0.6100830810112433,1.7211266950697244,1.1540914520779657,1.596629536846594,0.0,0.0878949593171223,0.501592448995877,0.0,0.31124950154104436,0.09926309014595643,286.39358644195687,287.8184509913476,289.30807730147507,290.7400854693453,292.7759935819289,0.9073886928896779,1.0314944647071818,1.1365610946339513,1.1093982128214455,1.118185241424962,train,moderate_pi_positive
13491,0.14924793986850035,1.8613448363000473,0.41149741254648947,1.6855753492734995,3.539358199257401,0.6041734184488369,0.209442892490119,0.11113268405771877,0.03046091799932584,0.044790087003999376,286.62152394903177,288.20013964526197,289.6348563065167,290.9096208637393,293.01776935880247,1.2356413018948202,0.982497363663506,1.1545156597617412,1.0176213109435648,0.9891055794148886,train,moderate_pi_positive
13492,0.8819984712978302,2.4754663180258207,1.0726160694521276,1.4193908417549228,4.0542748597917395,0.016861660039969046,0.2681983394741776,0.5430973256777644,0.11566020215009278,0.05618247265799612,287.189819345708,288.74148300429465,290.4109955679803,291.01490245326306,293.908156012725,1.0378861535721378,1.1765051097659958,1.1964289986163295,0.8746283261531408,1.2465898404775846,train,moderate_pi_positive
13493,0.6634314799519853,1.6418061489297475,0.7768588233002944,1.6081117523415696,5.032157874555885,0.23313142612757853,0.3308542285289833,0.3850156398330281,0.015494477469141526,0.035504228041268494,286.492921723158,287.8544615135315,289.1257959272707,290.3334886907018,293.1132021779612,0.8446671531774516,0.8678922240092022,0.8420195508936434,1.1399214650447078,0.8804262501145192,train,moderate_pi_positive
13494,0.7070852581719896,1.5269723680131237,1.0569645137344061,1.1192235003981443,0.0,0.21184005157897992,0.1609058728448716,0.16247036229579712,0.3517941392968687,0.11298957398348271,286.240311799481,287.66931526865443,289.3795007794498,290.6624266029023,293.16108997059206,1.0834730140790831,1.1868652703633287,1.1566122701811974,1.3458345592995467,0.9906706466735757,train,moderate_pi_positive
13495,0.7665976638413287,1.6767445020795972,1.126398944932541,1.743656762744888,5.156329567411441,0.0770299779042612,0.4581766710174504,0.1903786749201845,0.22392179949745297,0.05049287666065091,286.44469808437594,288.0579244750367,289.371276127678,290.4010857796494,292.5436449443234,1.3160358500094205,1.2570323784923145,1.2005294212182132,1.19275715819949,1.258155657525391,train,moderate_pi_positive
13496,0.8638900725163227,2.331235771632941,1.1298281235215295,1.3043832636510024,6.277316801086996,0.006285759709512805,0.6772559712155264,0.1495555122334538,0.1365083200362747,0.030394436805232287,287.06692878232894,288.6434353340086,290.2014389782101,291.70390849486057,293.94304097538463,0.9293474868953838,0.8526324989939268,0.8865740759770988,0.9600652449061763,0.989270327054088,train,moderate_pi_positive
13497,0.42482382193846047,2.4034929522661117,0.8039973606991332,1.6791470541705715,2.1054948419913266,0.3227259899612519,0.3235217615232043,0.16341965954324866,0.14352796981634014,0.046804619155955136,287.24535893273134,288.6411315419688,290.2981001747644,291.3869169933141,293.7657291213585,1.2556530528334466,1.3270517351011486,1.3867731511528527,1.6412117870173912,1.2357193236364268,train,moderate_pi_positive
13498,0.46130183415808396,1.7188174972352428,0.2851751579346216,1.4687209521758255,5.626335576444681,0.7301994837207596,0.204126337792412,0.0,0.025524410071104814,0.04014976841572354,286.67277578745427,288.0662694652522,289.16419669726093,290.81676829587303,293.0331167075987,1.469653551796295,1.7438867391762563,1.4322560503174773,1.3165763850194496,1.531944979971807,train,moderate_pi_positive
13499,0.16551055326325775,1.5513227246055306,0.7126745059400101,1.16087053791308,3.286818677559963,0.27967656330991136,0.5437642394114987,0.1389102665285114,0.0,0.037648930750078746,286.23255734251006,287.4038463484778,288.94488241611333,290.79155330953796,292.305467555317,1.656048147710051,1.577237325907222,1.355816540541732,1.4218066464728056,1.4640543389541527,test,moderate_pi_positive
13500,0.6841607229191738,2.371546526089617,1.2,1.1605671566917797,6.872558605759511,0.12949587820195071,0.30472283477634804,0.10397985013821547,0.412452895533241,0.049348541350244655,287.06181257669425,288.5990549889415,290.18127582244693,291.3566872952326,293.8022012087554,1.050323798047267,1.0667663049841078,1.0077657422598327,1.0231440530940463,0.9013560504956395,validation,moderate_pi_positive
13501,0.4417233234787114,2.3902216618616787,1.1651253962209176,1.3890382249564457,6.444328281772371,0.1548822342870433,0.3950705726819783,0.07884811013715202,0.3306033567008937,0.04059572619293272,287.3719456939051,288.6216301721454,290.3808960405716,291.69544156255023,293.51490141001665,1.3038807660897924,1.2684966781509441,1.2818126926962676,1.396686776131986,1.5530003931915055,test,moderate_pi_positive
13502,0.141525805092219,2.2770441536319708,0.05042904209869537,1.728689092003201,0.0,0.8604998351087015,0.0,0.01898502800811174,0.0007220070452918149,0.11979312983789507,286.9154653535206,288.37597697038666,289.9173020978623,291.5212533788369,293.28320830686084,1.4511628543831006,1.2056051759392852,1.4478843632687834,1.1599651016277728,1.5814859507320356,train,moderate_pi_positive
13503,0.8441395186829395,1.7710101075030291,1.0248437628601605,1.1375487591732087,0.0,0.1313492309312904,0.20463346012083367,0.3083645406450197,0.24092288104715365,0.11472988725570242,286.4509452650753,288.0347522252776,289.5578430537747,290.77457524571355,292.76301677710796,1.224472651201003,1.3878537482184323,1.448003755006242,1.2548886312678929,0.9760153292606214,validation,moderate_pi_positive
13504,0.4797557304521953,2.0429286354165557,0.5109301327878356,1.5534925730708058,0.0,0.41150187773417246,0.1280466151409301,0.3007581240335096,0.02606269680669797,0.1336306862846899,286.72803279360414,288.3365949522908,289.7276361833438,290.80115872987477,293.25715519522925,1.0967195481250016,1.18474177438986,1.0661315831531495,0.9938392479545403,1.307088170807038,train,moderate_pi_positive
13505,0.37080752833158137,2.137485102603681,0.5176239161026761,1.2947588112170065,4.652652192606677,0.571793457660234,0.2795260482576662,0.005503788606369228,0.10129703961932038,0.04187966585641011,286.97538955607115,288.4476257700924,289.8362604880832,291.16457368006485,293.55055032488775,1.1501316905430912,1.0013288592075804,1.2847240688579762,1.1186196366280674,0.7650655382295931,test,moderate_pi_positive
13506,0.12778336466952306,2.3577891290411954,0.5905076503987639,1.5381273335622578,0.0,0.36395253593317284,0.5190859271671624,0.029665096178634602,0.005878313526483455,0.08141812719454664,287.0223762190508,288.46718226193514,289.9174266715571,291.3223225730184,293.4139127591924,1.5381482555194095,1.5110238201697301,1.8833467172513347,1.4128642490104673,1.2715924893773973,train,moderate_pi_positive
13507,0.28198452085148756,1.552419719132251,0.744918762142317,1.108355549333471,0.0,0.27539166709899704,0.4066755845865014,0.09789014408816009,0.10517651673382779,0.11486608749251363,286.3043228091468,287.8298060773393,289.4975345232154,290.66922589134407,292.61288972826236,1.4518283281513515,1.3220554201051025,1.0444296232756325,1.3887190541612473,1.4396091449666286,train,moderate_pi_positive
13508,0.5691832430009198,1.7710396726403856,0.8332673314860727,1.4408411051046273,6.408132093562633,0.3496764306690291,0.3859796946818899,0.0,0.2086438184020914,0.05570005624698972,286.5245660405215,287.9878788702413,289.30873872551024,291.15645787410455,293.25002254272783,1.1301071973804895,1.5357222644314255,1.2892596881689253,1.3708241089913384,1.156729359000293,test,moderate_pi_positive
13509,0.4256051798313442,2.3768293778494782,0.13900139711443033,1.3555328224347933,0.0,0.7860424349200278,0.09319576961202386,0.0,0.007902813751203228,0.11285898171674519,287.15897448046263,288.50910475079246,290.25715179751086,291.26789777438825,293.5178864355472,1.3247517842179428,1.3379518766173257,1.1450729998725777,1.5136136660607682,1.2675702644024998,test,moderate_pi_positive
13510,0.328518999319003,1.6884938724064216,0.6240069162307681,1.4879500942966017,5.6320718583520195,0.35011336579119046,0.2729521174185996,0.3165657284207837,0.0022445351956923714,0.05812425317373409,286.5022717225304,287.8044138004429,289.5582005549757,290.4467065603948,293.04313757319153,1.1053853970110303,1.181287340459939,1.3876916680589078,1.4274047231656242,1.2901641771357422,test,moderate_pi_positive
13511,0.6647905821917229,1.8995602671283374,1.0664895312179261,1.2158404007304648,0.0,0.18594226555905113,0.163421406515508,0.1901805640366264,0.34144378033289585,0.11901198355591855,286.56825743640485,288.0492329433789,289.95829123605284,290.9083466155698,293.2434907569021,1.4712802382705734,1.3577512185292417,1.323417354195044,1.2275491551296398,1.2716172021773853,train,moderate_pi_positive
13512,0.5060706251735967,1.5025439709089539,1.2,1.1139433293002845,2.4254599026862755,0.10308729794933223,0.13673461273584284,0.24640522522513228,0.4619149735584366,0.051857890531256196,286.151930243881,287.6513859789014,289.2534258513733,290.409352027776,292.8401211249711,1.0946823649803974,1.0162716606937903,1.0630692734468752,1.0601833192680354,0.9313476453326334,train,moderate_pi_positive
13513,0.2221143797662647,2.263861368904475,0.40819538403031475,1.7361047598062422,5.083939112845699,0.6664069043927072,0.10622808810460801,0.03801960724296331,0.11697384434137169,0.07237155591834991,287.16751451012414,288.60536692098714,289.8496585312296,291.4774567397265,293.78019710543026,1.2930067402902228,1.0846208257016199,1.284525668403353,1.331575006275551,1.1600135535177911,train,moderate_pi_positive
13514,0.6449220915225012,1.6370468288430984,0.8297179874074414,1.4756287664303664,0.0,0.2566382500213888,0.3526809489175015,0.13135206331480664,0.15784248758756664,0.10148625015873627,286.40874213877373,287.91967722414716,289.29899103233794,290.5802932901789,292.4456652416357,1.4053359285976874,1.2805229884938765,1.4215410589508104,1.2709978388397163,1.4410362455063388,train,moderate_pi_positive
13515,0.5353738316710275,2.4592092860889956,0.8059288545784977,1.369083836271276,6.091565646013339,0.1737853464208861,0.17507662196166124,0.6008522326168365,0.0,0.05028579900061619,287.25033755762684,288.75523962549164,290.207771494032,291.72594349018163,293.912081606101,1.5996567584232069,1.413229840100235,1.8813875984068273,1.5103386658644227,1.3784922854308126,train,moderate_pi_positive
13516,0.2663567425969575,1.5996798251165258,0.2802306630609306,1.4782444121717675,0.0,0.604299002435599,0.14163806036904225,0.10859260269188832,0.0,0.14547033450347058,286.4511941358184,287.9671945392731,289.43944057082933,290.5289140287064,292.9253429938942,1.1447081278475273,1.2005896597341323,1.0733989708301426,1.051429272430411,1.2809077085328446,train,moderate_pi_positive
13517,0.24911872377614844,1.7174685783238708,1.1608806245516954,1.3358870825770526,0.0,0.16954784778376,0.317135433460882,0.010210865809842118,0.40176716264048556,0.10133869030503029,286.48195984373126,287.773038032565,289.196519788642,290.78000464957813,292.9265570068817,1.1306195323776824,1.164783386611899,1.1004882129475104,1.0051858774868345,1.024324632541942,validation,moderate_pi_positive
13518,0.250146081922226,2.022375421450628,1.0391568599782595,1.3358288551134847,0.0,0.30563715456147045,0.025239144785440683,0.15493391288088854,0.41449190115596507,0.09969788661623528,286.7291524904175,288.26409968313476,289.6351374202591,291.2582044199576,293.34911204798095,1.223692090619549,1.3346589251364112,1.1655449291775368,1.1972549871175835,1.1052162991435388,train,moderate_pi_positive
13519,0.15896974915834394,2.2397334027587124,0.9559417111942154,1.6354215595170711,0.0,0.33159943110160056,0.0,0.23983374718106906,0.34305398200657317,0.08551283971075721,287.09342410273354,288.5890977990776,290.1051139887094,291.319969925683,293.4612096699314,1.161775483373604,1.3808987208627652,1.309060432429539,1.361191874188435,1.2489452152863492,train,moderate_pi_positive
13520,0.32759431049075877,1.6525564315517438,1.0107897945231203,1.3943279729282887,5.2103026060223785,0.2528100620700998,0.21356211259599023,0.18814872845397712,0.2895394767365765,0.055939620143356406,286.5436686230674,288.064755601144,289.520476844467,290.8375148009611,292.92741220964876,1.245133884454232,1.1514212390699046,1.4223945958550888,1.187042724952882,1.1341133800693763,train,moderate_pi_positive
13521,0.721842043568069,1.9344214253834897,1.2,1.2679735125055203,0.0,0.012015982250198372,0.07280691142580728,0.13859359701327809,0.6684253241289059,0.10815818518181047,286.80720307148164,288.144704874641,289.830424324362,291.15419094698325,293.1558198300394,1.710881999119965,1.35145274703573,1.80086784099773,1.5286704659667085,1.3914728118906219,train,moderate_pi_positive
13522,0.0752872515562297,1.7495798449363416,0.25683317225781904,1.3743999045951119,5.944318610418366,0.7350740785195795,0.056354396894377864,0.1322907329938261,0.01909402118480754,0.05718677040740893,286.56482161763,287.91202431614875,289.50090975285195,290.7722171703223,292.9162070712314,1.1081823256409926,0.8826617989866121,1.0850002612508178,1.0026404892929495,1.163177224830643,train,moderate_pi_positive
13523,0.36183636547924214,1.6464643672894166,0.8012240948325803,1.668867190262326,0.0,0.3718087769370604,0.17074452156702685,0.030094069075270437,0.2851927520951415,0.1421598803255009,286.4453872477494,288.1089124950261,289.39231621238787,290.9836493897591,293.01656170728756,0.9800658682890119,0.9855614587007362,0.8398723006656225,1.0464881720051307,0.9573190817171576,train,moderate_pi_positive
13524,0.2019189782753725,2.0223358396475852,0.19391774899965483,1.3487373587013063,4.229823673272389,0.7761806609585058,0.0955058432641652,0.06841190573548964,0.0,0.05990159004183933,286.86673168206516,288.2574903462908,289.70666230858905,291.35022904298637,293.1659718853335,1.1239903334442176,0.9405613867379398,0.935206032052257,0.9769123237767272,0.9643549252886546,train,moderate_pi_positive
13525,0.8320691329219491,2.2010301933153804,0.948686556336849,1.3855323951911651,0.0,0.1981013345461424,0.4030513839337472,0.04614842031184423,0.23474337604562875,0.11795548516263733,286.91344008839275,288.26225650736757,289.9296795049484,291.0765248652311,293.27595436864556,0.9654905770507995,0.8128063612633154,1.0297316092816546,0.7226706668060576,0.9937841663088979,validation,moderate_pi_positive
13526,0.5623412178279013,2.168062935413816,0.794628954758027,1.5701145056858459,2.4067857098600074,0.4683413977331346,0.032965801940791725,0.10991630002085188,0.31087342639819165,0.0779030739070303,286.9346100729132,288.49178575610705,289.83772031532993,291.2034316109732,293.2535435260333,1.5404011800475805,1.3846606969984605,1.5701879264320173,1.5959539399417624,1.3241521907998286,train,moderate_pi_positive
13527,0.7668152177031925,2.1705818292453887,0.7878425431095812,1.171741955602082,0.0,0.2990177386798254,0.09200168868639223,0.36931851644153496,0.148261168990827,0.09140088720142034,287.01736971095266,288.5559611929209,290.23490610322483,291.185000351088,293.3394258499781,1.382629991486594,1.2650903124426343,1.332980375203399,1.0927674602764874,1.3589729576586271,train,moderate_pi_positive
13528,0.5344672626267111,1.7161642934941894,0.5215837893319086,1.320819295293128,3.557493478338511,0.5642873112435592,0.0,0.27754971560294844,0.10701703686448012,0.0511459362890121,286.5640310388829,287.75482499089367,289.1784481552377,291.0683345892101,293.1325415014946,1.4983734507683106,1.3307336099909859,1.4703938551250408,1.6802514553249601,1.6657223356871278,train,moderate_pi_positive
13529,0.30510328976251055,1.9128367101132877,0.3818185835240955,1.457230701386833,0.0,0.5468058322401329,0.0,0.35021753099042663,0.0008005262668343982,0.10217611050260594,286.6654588498062,288.2533912929605,289.80055271621757,291.11273625499,293.59155867802485,1.0835448181939271,1.1657747042353337,1.1430438896654442,1.0996270414080878,1.2065288587970047,train,moderate_pi_positive
13530,0.6050070416372751,2.0375370034371825,1.124348837843523,1.5722062685127975,0.0,0.15792821189832792,0.14515499645032848,0.2139794828174167,0.36760717928788894,0.11533012954603789,286.77299981931156,288.2635429146446,289.5962781907175,291.32460528688296,293.5442505755647,0.9397089018709596,0.95196088569101,1.0747612400014257,1.040924535540112,1.2571341690118125,test,moderate_pi_positive
13531,0.500078429565441,2.0799360884809093,0.5518357756958315,1.5413347429158446,3.7462521795983186,0.4048306302681574,0.5139007031190206,0.0,0.003967536288405438,0.07730113032441638,286.9927844188024,288.1871828644148,289.4548708807039,291.01866566752955,293.1627373889911,1.3886979271200057,1.5208321954143054,1.2210982217584139,1.1909344714472792,1.2565168571364007,validation,moderate_pi_positive
13532,0.290183336698075,2.2670665685182674,0.8522880645968274,1.4996965784606264,0.0,0.2998104764364529,0.0,0.4077805704009772,0.20725374709792513,0.08515520606464484,287.0881855610434,288.5754671000168,290.1085527781164,291.4852219596778,293.6909464492406,1.524633383955461,1.3772904584140042,1.6683079524295994,1.466263502752461,1.7302960470708153,validation,moderate_pi_positive
13533,0.34725937461101786,1.79513759457467,0.7753744609629589,1.603077554151159,0.0,0.2052268008854045,0.6168246568241222,0.04635014207040161,0.04109983103421758,0.09049856918585429,286.63689060127183,287.8245969742223,289.34099898880424,290.9710331053802,292.9696172576411,1.085809611361194,1.0888548658708506,0.9804147011749278,0.9417843218118489,1.024386291400603,train,moderate_pi_positive
13534,0.472662580980658,1.566207242825544,0.5431522430721667,1.636985764356821,0.0,0.5925432278501263,0.06586089966518827,0.07234308251964904,0.18747413044366473,0.08177865952137187,286.2843705658476,287.88643773974115,289.086803951872,290.8726668471503,292.857306721448,1.4119507459407645,1.1595033939834314,1.3270603661167277,1.2934553075048842,1.5764993621994163,test,moderate_pi_positive
13535,0.27177318526002175,2.068230845391319,0.9177273400453698,1.5589329087529336,0.0,0.2952900643726749,0.0,0.26162341051836346,0.31305196476350317,0.13003456034545854,286.73744456393126,288.2763344713873,290.11745303791287,291.3371053910697,292.99488669997237,0.9087413228165604,1.1913442283293338,1.0807823493056663,0.8058348681337117,0.9026740960140509,train,moderate_pi_positive
13536,0.5262852008970336,1.9555219848114032,0.9716234134493679,1.2484024371370452,6.461329627288899,0.12618363528986748,0.6221647882444075,0.06982225824957908,0.12481818347769062,0.05701113473845538,286.7269808642321,288.2857503928651,289.22192958257995,291.05381557220574,293.23008529636564,1.2907840896783958,1.7274669457520242,1.6571060503891548,1.3555109656536952,1.5262283859434735,train,moderate_pi_positive
13537,0.7648143239229633,1.7270915399641704,0.9506923012644286,1.2488622577183919,4.713841701517646,0.03351371958641003,0.5026571618993909,0.4180351393650376,0.0,0.04579397914916149,286.4154355336583,288.2257727746534,289.5817315736053,290.9495588282291,292.7850132086557,1.2561272396492391,1.5512881445028865,1.5072928724067611,1.321117989680188,1.2499922593247053,train,moderate_pi_positive
13538,0.627312178903955,2.3405738899684216,0.7973383231708956,1.121637965793998,0.0,0.14195786248347414,0.5936336881324489,0.05748558034604545,0.058109527346200604,0.14881334169183102,287.20499945902714,288.5382445205345,289.7223307355729,291.15471284849514,293.9042831123308,1.3188381407738194,1.2779296151565265,1.4404669451421417,1.2493137758174098,1.4576256473872047,train,moderate_pi_positive
13539,0.36371911267131185,1.8589254945013622,1.14033008300619,1.4024311370401636,4.2057152597682546,0.22362401387005112,0.24734894029782833,0.047273312774364674,0.40785391496699847,0.07389981809075745,286.72736587294713,288.32142189476684,289.8127321589135,290.8501727328557,293.18534444008117,0.999368478037692,1.0426461290853826,1.1219804630813601,1.1917080036719536,1.348571069739575,train,moderate_pi_positive
13540,0.4752851007937048,2.084049051438434,0.584834819059316,1.377843208919908,0.0,0.5087807712392146,0.25995767656378893,0.0,0.14743857124776355,0.08382298094923304,286.79527890167316,288.3490230717228,289.91430646257083,291.0507009863777,293.2348616806098,1.4415716028721262,1.5143834205772109,1.2886890544622054,1.0665911698247958,1.238237549953675,test,moderate_pi_positive
13541,0.1586507230817733,2.107599306781503,0.24207642437157878,1.6373898219027507,2.765018726182128,0.7220106286835709,0.18931351992474704,0.022762904446831725,0.0,0.0659129469448503,286.81524263202357,288.46336246719386,289.83394678916943,291.2555118851869,293.66134737014755,0.8414525747389618,1.2104631813907083,1.0400033452098294,0.9809065190842826,0.9617605910096672,validation,moderate_pi_positive
13542,0.7591701453499115,2.186088827318302,0.409522568379609,1.1924204121700543,5.904649970055482,0.6386486342746797,0.19613764983192955,0.0,0.0916924592738397,0.07352125661955101,286.95247911494477,288.53265598045095,289.96986014117624,291.0847577622746,293.6976564001342,1.3926914469944405,1.3137981460317623,1.5018187209800404,1.4633916403247218,1.7058138159539378,train,moderate_pi_positive
13543,0.27712677019716453,1.9875234837288223,0.15746989504157452,1.236119961330175,0.0,0.7806552961823104,0.0,0.11976069853482715,0.003854598253373685,0.09572940702948864,286.80288182420884,287.99802941573904,289.799230409177,291.1642577028874,293.4320125024151,1.3351824441791142,1.4025795014808653,1.2940074918714037,1.1932021396777615,1.0596593242023868,train,moderate_pi_positive
13544,0.93274893580356,1.6351770737773847,1.1921127121319137,1.178573751506776,6.595219914702743,0.06492612317269662,0.13164277968822344,0.4403606438547897,0.2950546442944502,0.06801580898984,286.4563744246684,288.00812102072524,289.5265790175094,290.348251149177,293.24758013438736,1.451673735603804,1.247913251017272,1.3154802677128727,1.3714047130115468,1.094423803402712,train,moderate_pi_positive
13545,0.7674248446156335,1.6731335458145975,0.8249491293049029,1.6706319205442655,0.0,0.19466907501098854,0.3874413961283444,0.22840045214996138,0.08955364051329853,0.09993543619740698,286.40375883073193,288.2699884222719,289.3865118413588,290.39350417479403,293.2454126787238,1.2836164130649586,1.2165724069853328,1.0093264063230771,1.2082669382216316,1.0891788438358387,train,moderate_pi_positive
13546,0.09040611770009485,1.980035807462162,0.5544954569675742,1.6735426348879128,2.3118604500474094,0.42482310988581956,0.4368917106256902,0.08052417413491746,0.003539786103483269,0.05422121925008957,286.8007720464882,288.4521922514624,289.70934411537576,290.86153486568156,293.12197155391,1.5478103765931404,1.3761086598319467,1.3707134488894672,1.5863809634960961,1.378532627556815,train,moderate_pi_positive
13547,0.8627991828948439,2.3568708179422275,0.8262780540838156,1.2237161566611874,0.0,0.13154794350574364,0.3673908830223659,0.3489544367937237,0.039966367133863,0.11214036954430369,287.1466833396329,288.5450246017383,289.9980898953519,291.3807894336998,293.8193494814245,1.5767641381942514,1.6431965115445692,1.3442112590610484,1.7925512560853967,1.5124325843611073,validation,moderate_pi_positive
13548,0.5923469029729084,2.002165079048942,1.2,1.454874196403479,0.0,0.16034715687335954,0.28554791541671637,0.0,0.45470828963532284,0.09939663807460103,286.92050577315774,288.4411676999352,289.73395251884045,291.1832957574364,293.0892741901247,1.1608724166103166,1.039280257454773,1.1082895482490884,1.365748991155976,1.4485980935030107,train,moderate_pi_positive
13549,0.15329154286938407,1.9485020107917754,0.5580453658566685,1.2589447505099471,3.8255458820722104,0.3993620183740262,0.2970573629609359,0.23098800289573262,0.0,0.07259261576930533,286.85304239487834,288.2696210172306,289.6576296051987,290.4782156935575,293.0631637296182,1.3258962526593856,1.3733079537011967,1.2716102492692969,1.3192364067844033,1.1890461539364505,train,moderate_pi_positive
13550,0.6756671707957853,2.0831351276931005,1.2,1.7489063003153325,3.212974835224448,0.06302570141281315,0.14702868879128306,0.3149015433473384,0.42660475443176327,0.04843931201680205,286.99090495258986,288.2997578568909,289.9271512841608,291.1289030493917,293.160895839326,1.17719345779914,1.2079654410775338,1.3058761750694963,1.0263335884936127,1.3331106601738976,test,moderate_pi_positive
13551,0.4203215999944399,2.3394999467163244,0.9194826649681593,1.309757861891559,4.48042268196358,0.11522446212742449,0.5865945067042675,0.22033017298690877,0.04127899263849155,0.036571865542907665,287.1230340791428,288.59176966730644,290.03443030341515,291.3543663280175,293.42772586575205,1.3443806947734271,1.0769651536636833,1.1146825336377588,1.2534193758051306,1.2314661558371878,validation,moderate_pi_positive
13552,0.6858552734815332,1.7977289109174932,0.5296177650342323,1.7431421016417863,0.0,0.4904272703842855,0.0,0.32155387237988153,0.08903194632717536,0.09898691090865756,286.5658702944368,288.1614688101786,289.69068646895886,290.91590060962363,292.7002289043645,1.5162970198190047,1.506952759677653,1.1827256917370044,1.4121629763326222,1.3449473397050482,train,moderate_pi_positive
13553,0.47951757655367416,1.850275782949434,0.9615267646396525,1.106390572188487,0.0,0.07605746654204092,0.5840367636279031,0.11907643422405294,0.1142067833938482,0.10662255221215487,286.671080174096,288.22987857487055,289.4715109050766,290.78625105859135,293.37881923230015,1.4118812173338486,1.2782606499028988,1.500722715214492,1.3551986711440906,1.4017614042619158,train,moderate_pi_positive
13554,0.14396373291629022,1.9782433850054733,0.22140488246845666,1.103502197293703,3.561974126523965,0.7347376000831346,0.02273884250481985,0.15691388139725135,0.005876079283192744,0.0797335967316014,286.746994494162,288.06592083609627,289.7613046419198,290.7529414760207,292.8049907595117,1.1153764849854695,1.121134432054594,0.8027685308608753,0.9411313921465639,1.1069801920848754,train,moderate_pi_positive
13555,0.7762680220487098,1.8190619481599564,0.9889461843234014,1.7416706228051353,0.0,0.18838967770729254,0.4130349688043422,0.0,0.2729556077595296,0.12561974572883566,286.5487701284969,287.9933244468618,289.6294373531588,291.032810585413,293.2201004954564,1.1231553245764285,1.5160038319640563,1.5119317155597654,1.5046416203132384,1.6282639751891872,train,moderate_pi_positive
13556,0.6672092722993067,1.8601661400701044,0.947802505742654,1.449413062406105,0.0,0.2326675938935912,0.44452152901236824,0.0031784017199102945,0.23505128750518772,0.08458118786894228,286.61370608676884,287.88875074774785,289.69273960223865,290.6352419777591,293.10963356856587,1.500157237024771,1.4231748313422807,1.3943690328997498,1.3308607496290839,1.2256957755946132,train,moderate_pi_positive
13557,0.6970002209363397,1.5148979661790678,0.9982896925765061,1.5629090640194152,0.0,0.16442121354013275,0.1848275735235844,0.2754581733169058,0.25400197286800796,0.12129106675136904,286.1987835835856,287.6350440935783,289.6807307675427,290.30474755950166,292.6714193040119,1.4252943514628569,1.4817694656340668,1.6630155603735635,1.4030811318875378,1.4324529541628765,validation,moderate_pi_positive
13558,0.6092865879928865,1.866504675670102,0.5549134732457751,1.7169772221342687,5.399754730811834,0.45227222794740485,0.3785088604135328,0.10090958931219858,0.02274751176002181,0.04556181056684172,286.70154967277534,288.28798110489396,289.75450361311624,290.60792769275014,293.4476315289966,1.3469177227731934,1.1179188124079416,1.3190666189195828,0.9718757807398078,1.2586036528346602,validation,moderate_pi_positive
13559,0.22553616651885916,2.1867047475034447,0.5634077533870274,1.237509943169496,0.0,0.3767627910738565,0.5295465848179177,0.0,0.0019305842845548623,0.091760039823671,287.0288341772674,288.36938728044913,289.81827421879285,290.88483242841966,293.5403139288334,1.0202713679294315,0.9700372067290172,0.9572465428608865,0.7890406783501174,0.9726407258891372,train,moderate_pi_positive
13560,0.7580174623397027,1.534630433040058,0.45273367650653534,1.1537203791308221,0.0,0.4953770760204709,0.36226104997200703,0.060472626534528284,0.0,0.08188924747299388,286.3329154246893,287.8031741365948,289.3466333502774,290.99584441065565,292.82734221832584,1.396945616176314,1.2539594349220786,1.6101019010584228,1.416152909883105,1.5005296724942316,test,moderate_pi_positive
13561,0.34099809551533283,2.0936614410621694,0.41018149114443864,1.3714986034128331,0.0,0.6112338976389893,0.04451725446599097,0.13013065315122518,0.10276679176361124,0.11135140298018341,286.9503194462368,288.22923804682887,289.5192817350473,291.15110512363094,293.19599391804536,0.9414087949527578,1.0516060653401609,0.7859167622351346,0.887067821567396,0.9907768881169803,train,moderate_pi_positive
13562,0.5719647678668714,1.9920091666811328,0.6943048705393956,1.1330791860455285,4.4837922105393755,0.308735139023823,0.0,0.6489572853892854,0.007673792575055059,0.034633783011836505,287.08980111571657,288.2646224516594,289.374593018696,291.10600273902844,292.90443340206485,1.066914854073125,1.0285961169050377,0.8815092180173554,0.9956633448563276,1.0553019701748894,train,moderate_pi_positive
13563,0.7512135387292876,2.28629570578531,1.1836441433041243,1.6440674630278242,0.0,0.0847123828370205,0.0857169992258861,0.32676741068223136,0.37057986669800347,0.13222334055685842,287.1794713547008,288.52180656203103,290.009152768461,291.2883779441026,293.49937863411634,1.0886948738132831,0.9674861709251749,0.8968179379892027,1.1493715260606618,0.9396046220892789,train,moderate_pi_positive
13564,0.6469261156083159,1.8098321720489197,0.8995522214120877,1.2581092346462768,0.0,0.19760327017236892,0.18334964510951093,0.36356532883186116,0.1613186237353578,0.09416313215090132,286.5713193170873,288.2431900963481,289.60803427569925,290.8625803785548,292.9086269996645,1.0099967735474624,1.02470331688817,0.9766053722647525,1.1317548887688231,0.8401392731339669,train,moderate_pi_positive
13565,0.711425898596445,2.2777678913006274,1.1711567940704408,1.7478774948929314,4.068427997277233,0.07598531091308866,0.45003542872946284,0.18345440657515863,0.25383347938290973,0.03669137439938006,287.2030936034211,288.51906077559624,289.833218170901,291.1696145459497,293.32235255003854,1.0557430680467939,1.1617573708126447,1.109432319872499,1.2828822780336628,1.0833130215601003,train,moderate_pi_positive
13566,0.8221321127190109,1.789003063581248,1.2,1.2922089948704119,3.970428526364577,0.04828878458542609,0.26032659707677874,0.3723280704564302,0.2874351756591622,0.03162137222220264,286.48426456298785,287.99710950441283,289.2636766090394,290.7119952629138,293.21560651349137,0.8551292894534404,0.8685294757692492,1.090712357659544,0.893660209490008,0.90849021807961,validation,moderate_pi_positive
13567,0.6222197183463837,1.5043730777779283,1.2,1.1976398145594862,3.23359579781471,0.03636389621820344,0.06581125414111712,0.16170783980059056,0.6896399491257313,0.046477060714357546,286.1257868471995,288.0877094038959,289.4367165210075,290.309200783405,292.9777885298901,0.9164565406502123,0.8920353053838306,0.914676371393161,1.0717413286244364,1.0394367320313187,train,moderate_pi_positive
13568,0.47507509453043284,1.9435733054911193,1.2,1.224992025768868,5.179704615656257,0.10934014729423068,0.1101776462201547,0.30114633257964424,0.43726841949360806,0.04206745441236236,286.67048434209374,288.2615870005849,289.56694224701613,290.68069664442527,293.36586868978094,1.257067771578929,1.2341763613055199,1.2552081112540805,1.242443096117209,1.0555934971049101,train,moderate_pi_positive
13569,0.46615659679306565,1.719014723811147,0.6453592387683978,1.4340900116184403,0.0,0.3248274583500492,0.16353552104681512,0.2979414583427943,0.07694112968939419,0.1367544325709472,286.5493347115499,288.2910574607717,289.3259571577913,290.7502887864109,293.0200703993966,0.9018977289276461,0.9321915224355841,0.9151954258324284,1.0882307738201966,0.8574581076677575,test,moderate_pi_positive
13570,0.33911391732262625,1.6684305787574494,0.5758113302682053,1.3434306990277327,2.9429643206819494,0.4739600463066563,0.038250883716936454,0.32435346434018375,0.09160349110554258,0.07183211453068093,286.4889746986795,287.6329222100453,289.37949561788315,290.7438874306119,293.10928860759736,0.8653168680568998,0.7,0.8590607091084291,0.8784890576100953,0.8938721080774663,validation,moderate_pi_positive
13571,0.8149208466696035,2.461203413514205,1.1415105972946464,1.511005728291227,0.0,0.12334785830512633,0.09777836998076256,0.3269338197066141,0.34339920380363487,0.10854074820386218,287.0084658295988,288.2156473262407,290.1069107223489,291.52003634135457,293.7420679081054,1.2558267899550226,1.1269980996287325,1.5184139276854849,1.330237610458846,1.1987578162759636,train,moderate_pi_positive
13572,0.6289021736751772,2.3737558289807557,0.8386793479887226,1.6515515099076423,6.0582653650201355,0.1568777703106046,0.313169621103568,0.411289418991938,0.04211015394660829,0.07655303564728111,287.16505818242774,289.0337913424577,290.0525244139781,291.3512130370783,293.4563669730664,1.1137668755613135,1.374347262378143,1.563060492059977,1.1911954757629646,1.3264231784115286,validation,moderate_pi_positive
13573,0.2769317933330754,1.874056638987819,0.4744349475068089,1.6191692809783333,0.0,0.4976273938285885,0.3175834172643371,0.07430315156791378,0.026274189337279045,0.08421184800188157,286.74462401403497,288.2032775116375,289.48863667355494,291.0189906392362,293.32571535587687,1.0164164240030598,1.033642966159633,0.9479096146744563,1.075175986336249,1.047748615869825,train,moderate_pi_positive
13574,0.12246335700049377,2.369586311287851,0.416025935402177,1.4479294805799858,0.0,0.6588321821300204,0.03424290562630835,0.0,0.17589151488793434,0.13103339735573694,287.2317013428696,288.7411873824586,289.9935729924034,291.39351392818526,293.66803520711426,0.8392646643505398,0.97586494534633,1.1212843483664123,0.9258750807504006,1.1798536191046138,train,moderate_pi_positive
13575,0.2230617561282367,2.1036286116593863,1.0355068386849504,1.1071267939402767,3.736011507734361,0.1751001923372222,0.562565751274815,0.0,0.2214705437050677,0.04086351268289505,286.96016355491986,288.52245883039114,289.7364299170744,291.18985215981286,293.7280120326813,1.3621149072654148,1.2356839140838287,1.1856572078735435,1.2103541732619028,1.3114978354354203,train,moderate_pi_positive
13576,0.8590291394112317,2.2933070287916886,0.9929625559728683,1.5130991386239654,5.582798282607975,0.16673693314860177,0.29548453447529344,0.2586461879966627,0.20441591675045606,0.07471642762898596,287.1628339441025,288.64177764796347,290.35444487125505,291.2406430687052,293.31856960842214,0.8768293385991968,0.8545076856527452,0.9702067052075984,0.8931092103816745,0.9265466166461666,test,moderate_pi_positive
13577,0.5124591566629259,1.9448448808998395,1.2,1.3647647026172196,2.7270318268268166,0.08966244869074017,0.21810206705533866,0.2259002188050322,0.38903334014098817,0.0773019253079008,286.85836504788335,288.0819599727903,289.7324209268284,291.20959830237564,293.0098267118055,0.7987038893103622,1.0382383839943814,0.9519140213949598,0.9933898640053007,0.8993762331834362,train,moderate_pi_positive
13578,0.24385288579221454,2.445527267042266,0.5376278582992543,1.2227872695418174,3.6028366739807516,0.5145293121465716,0.13761076645984954,0.22411971543764372,0.0729486882008805,0.05079151775505452,287.17471044071493,288.73613545290937,290.6000542719615,291.4426816898032,293.40486472071257,1.541905900868692,1.0428988373512738,1.3466781573619373,1.3861995262396611,1.404037671265184,test,moderate_pi_positive
13579,0.5353644839677888,2.163120424074048,1.1233656879664489,1.4865850378975725,5.156325169517145,0.07771390667218649,0.35122002018729115,0.25644493942181984,0.24285036417866893,0.07177076954003347,286.84273038602134,288.1488877476394,290.0217492210016,291.3005865159199,293.1939649225715,0.8383626804720937,0.8888922353947362,0.8686048308007688,0.9500410811174568,0.9969788959429224,test,moderate_pi_positive
13580,0.7690723326073199,2.2219359462820454,0.5626112367388647,1.4786132120858426,5.820644279736099,0.4318281210704771,0.31807593930312317,0.21453529743574148,0.0,0.0355606421906581,287.0555834732133,288.3197791875731,289.963575282604,291.0091037781051,293.5941208543745,1.38075119959495,1.2059490890429436,1.388731075722841,1.2673752325005363,1.319659947454916,test,moderate_pi_positive
13581,0.6595304565736831,2.2758387210612168,0.6440078503088575,1.2956182934936327,4.143761300796597,0.42845046241570717,0.11447065216608843,0.3177685412268388,0.09088432845796515,0.04842601573340044,287.05929541260065,288.64657192114333,290.41058241456125,291.2320466763584,293.45649725507644,1.0940844973208137,1.244041243077447,1.2251446958078727,1.1156473486870258,1.169947196903812,train,moderate_pi_positive
13582,0.10906050849498904,2.363184047770158,0.7028160395758793,1.5028283980015074,0.0,0.3456004548923504,0.18891867977150553,0.18678410139666055,0.14855662920385665,0.13014013473562674,287.166492659736,288.71279772460633,290.33763157758807,291.5471429325787,293.57434226539584,0.9960456336614699,1.0616863443880178,1.0045898887696803,1.0491398379091588,0.9670904862999221,validation,moderate_pi_positive
13583,0.45636211501375057,1.6464289327629338,0.5106311463103917,1.6598497487653066,3.610023425928459,0.4484440801563256,0.04721994334214391,0.4334112029682478,0.0,0.07092477353328272,286.4801087723739,288.08652877023394,289.3084542896508,290.8043744302176,293.1042674000437,0.9591379526831999,1.100942899646163,1.0157547386817265,1.0884446747734284,1.098462304477644,train,moderate_pi_positive
13584,0.5839470573443449,1.9405412984761168,0.933342931174471,1.1609067719415305,3.655377022377884,0.1920945329235615,0.5763956600401383,0.02544524701475399,0.15075101205978927,0.05531354796175685,286.6416591683969,288.15938947233394,289.710070365881,290.89407543135735,292.80724144026533,1.0301265660767986,1.1481312262797443,1.3510272241554366,1.2130230112166596,1.2376861129895451,test,moderate_pi_positive
13585,0.263072498292837,1.6993426073545548,0.3863314374634047,1.1110919991719468,6.708773627513931,0.5929956675025253,0.33011512555306777,0.016185353550886714,0.005015479179725071,0.05568837421379523,286.51439065545657,287.92570702633526,289.5229067072365,290.69325515649064,292.8054900797569,1.221606992568438,1.1095205541986284,1.0413909518584836,1.1668029218279357,1.3645692924692576,test,moderate_pi_positive
13586,0.16129424990575317,1.5589291750932879,0.5835211773250529,1.387008579556871,5.607533516174854,0.41615191272847885,0.421551658524362,0.13169148794131938,0.00013901542968580087,0.03046592537615389,286.3321202391255,287.9549835965771,289.1843855615967,290.6716617317017,292.67315530757134,1.4849442989385642,1.577842560546018,1.5094255006723225,1.326744031340863,1.3772798595288258,train,moderate_pi_positive
13587,0.8536456942534658,2.1983875481810267,0.8565783781259168,1.2823027557477973,4.397083190661684,0.2401042590690036,0.1564817938278126,0.4593756236932268,0.10536048030243865,0.038677843107518255,287.09636983000894,288.49239745502217,290.4181505535924,291.2847552720249,293.8511524559273,1.039849864018374,1.0390635894503193,0.8422815738589166,1.051484422014402,0.9940844197414336,train,moderate_pi_positive
13588,0.8999580082716773,2.0618160034117965,1.0237751788510807,1.2489786904011466,5.9032296850416905,0.2245064644153758,0.25085746604330805,0.21257239480431933,0.2651726590017267,0.046891015735270165,286.7007953970696,288.288843705923,289.88432587729994,291.0929954917712,293.38307043788456,0.9625460267815433,0.7609398016103084,0.9297871285892263,1.0483803804513923,0.8464483569768031,train,moderate_pi_positive
13589,0.6301578062814657,2.358776190448113,0.7910726991142003,1.3339987718797417,2.867865064800346,0.2256446840465655,0.6785992151763568,0.0,0.041236741968921735,0.05451935880815592,287.04449022333495,288.9420824653207,289.9805727742734,291.52447241972845,293.4887202625955,1.3719584466619796,1.1290737982784986,1.4696996977323213,1.1361384957596028,1.5622960662166785,train,moderate_pi_positive
13590,0.7714456374900344,2.337236119485026,1.092518764499468,1.4140792779848461,3.864017639933171,0.25984436213330364,0.0,0.29234558403871996,0.38508659023037406,0.06272346359760234,287.0969348541479,288.5789612925941,290.4665441890487,291.5827589422753,293.1657680990981,1.73461759291564,1.3586412161461923,1.3687993162188756,1.5243647552828414,1.3383627907372546,train,moderate_pi_positive
13591,0.29239104993241066,2.2420438556252145,0.7390714190375804,1.7261884566401493,6.741270250703199,0.2172795747917864,0.20004850300493673,0.5090229160326437,0.0,0.07364900617063316,287.11010007121905,288.5186803770775,290.32284645793476,291.4087536297409,293.4254876351655,1.3380715061626505,1.403071385850694,1.4117905250444067,1.4433542884343993,1.2954054537535253,train,moderate_pi_positive
13592,0.13654684990904098,2.483463570507254,0.6344623083334178,1.3122973760940084,0.0,0.5007204397109798,0.17623098964169956,0.051339404357538546,0.1884459571670898,0.08326320912269222,287.25816372107056,288.7216269884929,290.3695193225066,291.55017432306175,293.19088219200285,1.066429877728803,1.5864297876932714,1.5105411122569024,1.4275250927389669,1.4060803550773397,train,moderate_pi_positive
13593,0.6732689626853713,2.36650266254099,0.2631004773567004,1.2713452469912772,4.016670136083304,0.7285702413025273,0.1364448018762956,0.09665567548040481,0.0,0.03832928134077207,287.3066997915586,288.68007938005627,289.9981440100524,291.12687120003187,293.7912195482359,0.9706883432373046,1.0763410812821697,1.0019406474410057,1.147618746268261,0.8459404554863176,train,moderate_pi_positive
13594,0.5796874051508534,1.6345845968578097,0.9634325385151901,1.5684158684623384,0.0,0.11478141382882434,0.20487535948152386,0.38749737145492474,0.17052990378937075,0.12231595144535633,286.5420912718239,287.7945607235438,289.1535088271623,290.60727554836063,293.02162616059655,0.9559151795392337,0.9123747466309905,0.9494930564441201,1.0358957861159266,0.8265062413334785,train,moderate_pi_positive
13595,0.37811824201922095,1.5702354080934247,0.6028656245439914,1.4639584464259088,0.0,0.5247638445961164,0.11590959868851602,0.013238896772226186,0.22185856454162456,0.12422909540151703,286.43050317235634,288.0003087721799,289.4644245937935,290.58702953584253,292.85332074960564,1.3418860324906956,1.3206991151870202,1.0660988078049227,1.022301647591714,1.0566095948848466,train,moderate_pi_positive
13596,0.6414763204683842,1.6376711497745409,1.2,1.4969562910679517,0.0,0.15097718651123876,0.20010850831744928,0.10958156263741707,0.4450928483213742,0.09423989421252084,286.3045923927536,287.7707493591503,289.16093825994864,290.6560948727397,293.03094736896315,1.4107504192304996,1.2552717737445247,1.3096716149350192,1.4547641890627938,1.2230966260206508,test,moderate_pi_positive
13597,0.6996598153688457,1.6618146757500454,0.7584190660672381,1.7089599063114238,6.604855211355108,0.3335061172611869,0.45420478373142387,0.06165187902290733,0.10628120165645345,0.04435601832802857,286.22515068629457,288.0234637730895,289.1352753956613,290.54958873846664,293.083013703125,1.3666248217238113,1.2928387374939996,1.4998884818556253,1.3934573937760875,1.3962382514721192,train,moderate_pi_positive
13598,0.5841299756619747,1.9607428029041736,0.6887644182472145,1.518074036533344,3.412998072513076,0.3645844388784457,0.3195496964093927,0.17643123808430805,0.08139174187675685,0.05804288475109666,286.71557058250966,288.543448636464,290.02406690431934,291.0492170244159,293.1844753587957,1.357995637774888,1.195729695076849,1.3161248412606605,1.2692955979430054,1.2443736075428646,train,moderate_pi_positive
13599,0.5125111781566537,2.023612560396315,1.0258183078588565,1.150256026846167,6.131471000432702,0.3677292230558878,0.11970742318337435,0.0882893049325655,0.39391078987145833,0.03036325895671395,286.90925748204796,288.14852482166407,289.5243738816338,290.91246542802077,292.853432606029,0.9186693523028807,0.8964232280984522,0.9109852652013547,0.9083396964297249,0.8969041286962297,test,moderate_pi_positive
13600,0.8410795964096276,1.9797721876648389,1.0327861403481697,1.1797424224629856,5.466614418381521,0.2468171190530986,0.25973171431341385,0.1966206781392875,0.27321687394773414,0.0236136145464658,286.81397043921606,288.2495718854188,289.8240288825726,291.28407812392413,293.34285524986706,0.9559732164031937,1.3948451772594537,1.206891657192992,1.4049196071666838,1.128481334941652,train,nonaromatic_multiplet_positive
13601,0.48976761007003,2.1413039019108004,0.754905684374338,1.7391841641367036,6.309201413026102,0.3677136493933122,0.2942377873269618,0.2454292295120758,0.09261933376765016,0.0,286.9003642033098,288.3713692189035,289.7270605239976,291.0381837960532,293.4363206736838,1.5021909296167888,1.518823513962285,1.3860422791395666,1.5200184016414595,1.5998514586890638,train,nonaromatic_multiplet_positive
13602,0.28794487795860635,2.1453521729834946,1.0377058248476403,1.353649490274318,5.892380575591609,0.3560036528318704,0.2280328032876183,0.052254066201000364,0.36370947767951084,0.0,286.76164445873684,288.42408758782585,289.75623822759485,291.2003691672716,293.73636118342307,1.1403792472958638,1.106516601415361,1.1315231334837927,1.1556683443347722,1.1272505564251882,train,nonaromatic_multiplet_positive
13603,0.4119930910177271,1.970290380022416,0.6236443105676226,1.1502958723498942,2.78232751314959,0.6450038996502642,0.0815260040760922,0.03482188605575684,0.2386482102178868,0.0,286.6989731276643,288.0794796056037,289.7318304854331,290.75328426020064,293.1219207490275,1.5335125029577457,1.3877648036723205,1.2561522710772322,1.0483549589643053,1.2512248452438812,train,nonaromatic_multiplet_positive
13604,0.6613744790701369,1.6929628400340353,1.0902671540021711,1.6845868863074864,2.3122936437513917,0.042779564041037395,0.7944142942537133,0.0597594236620409,0.1030467180432084,0.0,286.63811483180626,288.1718288729583,289.6161551586713,290.8212468488483,292.610410902366,1.2969352144433504,1.2689790402949086,1.4411153364086542,1.2646144294461685,1.3819661678952826,train,nonaromatic_multiplet_positive
13605,0.7184941428789734,1.9044649246179621,1.0610129959943573,1.6328432602731278,2.0188867612979093,0.02254730404140944,0.6650832555383126,0.25880914038451136,0.0535603000357666,0.0,286.722107679253,288.23071616810995,289.60675234237266,290.87023985910815,292.9702612541778,1.0185753027347921,1.0413644934236197,1.0283055368437513,1.1199002304026793,1.1020852622123822,validation,nonaromatic_multiplet_positive
13606,0.59724921354025,1.5580378948477263,1.2,1.5753630968093137,3.094870215158574,0.11945496613761228,0.24614724745569663,0.11166079012132331,0.5227369962853678,0.0,286.40026994277605,287.65629571982856,289.1567770262785,290.56792709722396,292.5301022765082,1.0813835455450076,1.080601172957051,1.2558348987917731,1.3008021462529376,1.1886379463130354,train,nonaromatic_multiplet_positive
13607,0.6453917445123992,1.842742378116002,1.022190069403722,1.4065860117950346,3.2720773486675374,0.0865240160059985,0.6376664730547577,0.19709542552952328,0.07871408540972054,0.0,286.6825458372629,288.24222255041656,289.74659694769684,291.4984059187829,292.85894348160474,1.3751468011752384,1.2937194504066787,1.141809327691446,1.2029314051327242,1.3966939855245044,train,nonaromatic_multiplet_positive
13608,0.386748000629529,1.6485597230045954,0.3950618855756075,1.5842047216129387,6.741017539288606,0.7048275931590863,0.14183162122614376,0.08345130688007588,0.06988947873469392,0.0,286.45008392186907,288.1143470706219,289.28604948872055,290.4904912692999,292.8059412234823,1.6003404620669002,1.4971856884290282,1.3939307326897292,1.4354731516559398,1.433983607385208,train,nonaromatic_multiplet_positive
13609,0.6961512238546043,2.401441759446279,0.8407001433155552,1.4485043367834451,4.071595102714491,0.4625600702642737,0.0,0.26411028849977997,0.27329492740788763,3.4713828058742165e-05,287.30060102148315,288.5739271485016,289.97789322869517,291.5298917688317,293.41692387821314,1.0953778702976231,0.9104456715331416,1.1199720410477376,0.9969676126703118,0.8883314206841112,test,nonaromatic_multiplet_positive
13610,0.5883063030505273,2.397928707006341,0.8848259762427818,1.6496535932061493,3.8757104361051633,0.15273156042835723,0.6466790847926788,0.1930318181078247,0.007557536671139155,0.0,287.14660344156425,288.5725321902679,290.307626741439,291.2780391670662,293.36690647995755,1.0808567875222663,1.0331510125651289,1.1652162474760939,1.19567348477832,1.2847750098757755,train,nonaromatic_multiplet_positive
13611,0.33490466803544344,2.237796948020023,1.0951976902596599,1.4004209653647783,2.1350993747284512,0.34759030595037993,0.060726499397853774,0.1788951984417266,0.41278799621003975,0.0,287.07112941101525,288.1927713905827,290.2282332880567,291.36501580665254,293.51981925647027,0.9160436963650354,0.7732548186503577,1.0043770149323306,0.8746550239272128,0.9610361484244508,test,nonaromatic_multiplet_positive
13612,0.6895487188951805,1.7655158736461671,1.2,1.1489847226779244,3.557316179613509,0.12292551832045413,0.10995894666203553,0.19370981806354662,0.5734057169539637,0.0,286.66540826034037,288.01992367451777,289.44374610844073,290.78796332332547,292.9004418118804,1.2009512986670505,1.4402155075099523,1.3351267929949988,1.217720907823724,1.3773091855000845,validation,nonaromatic_multiplet_positive
13613,0.5213305906986425,1.9308899644776085,0.8043428765585461,1.350833936837399,4.099447950586293,0.4944743400062487,0.0,0.23203903856341454,0.27115191899756574,0.002334702432770787,286.7564507776734,288.2328527299346,289.45038113372675,290.93737931887443,293.2831432613888,1.2954869627921999,1.540655586825534,1.1484899368599426,1.3470925294561413,1.1411707505539135,train,nonaromatic_multiplet_positive
13614,0.5463649952853443,2.0552420945542087,0.8946568294608117,1.6184721449665065,6.284227230440097,0.26490827513686116,0.3737633995417995,0.23176322072366648,0.12956510459767281,0.0,287.0298337950977,288.1529287381383,289.6927926507031,290.9688611407805,293.3678763156071,1.406838830409448,1.2982479699809173,1.3069742098170918,1.1804595536112854,1.3646959850702622,validation,nonaromatic_multiplet_positive
13615,0.4870025631314225,2.3954164305549877,0.8938035229289214,1.3132241777748175,3.6216850089850396,0.33080911195836804,0.4288647419343133,0.045713511220029264,0.1946126348872894,0.0,287.0643430980352,288.7633095657559,290.12841123610605,291.6129099955362,293.752478435972,1.5654061492081244,1.700548820213272,1.5313254009066921,1.3913469390695286,1.5660267015135287,test,nonaromatic_multiplet_positive
13616,0.5946739746571759,2.3848217081953944,1.1108442397091642,1.404829815845435,3.630654668842088,0.15770195429991557,0.3115885950412465,0.2921632566497584,0.23854619400907967,0.0,287.2493200906017,288.58650617366516,289.8996856502033,291.2646897167294,293.2327053351137,0.8986470544294698,0.8343260622828758,0.9670122763602585,1.0002390356504847,0.9460941201352023,train,nonaromatic_multiplet_positive
13617,0.3971209955974218,1.8438524789183761,0.5815686444233861,1.407855066957535,4.783037059192847,0.5246734205270317,0.13982732241355,0.25925719210900017,0.07624206495041795,0.0,286.62999516925504,288.087587165601,289.81072122092115,290.90703022524093,293.0021497451519,1.3621385379596989,1.4649953005594374,1.6234990290754696,1.7336113114383263,1.6040671000706708,train,nonaromatic_multiplet_positive
13618,0.12633239114763728,2.0824399261884765,1.2,1.2111428884748896,3.2266017204053012,0.18607721874750885,0.023829861305267302,0.3646091683456928,0.41439834914745416,0.01108540245407673,286.9073695657788,288.16311679456635,289.74487931133876,291.1929310817605,293.2077371229146,1.1739803538798896,0.9377648735280774,1.1412745752974043,1.248235067918393,1.1232334880661108,validation,nonaromatic_multiplet_positive
13619,0.46048029389688244,2.1541410478222556,1.0382506866535923,1.4043967416463086,2.7637441981427,0.2861921582839374,0.3622789867451198,0.056845106193854834,0.29456329685730875,0.00012045191977904492,286.9693348727176,288.5542482157599,289.848311997791,291.56714455405967,293.16490406211835,1.0487926902742546,1.228261593973347,1.1085376717419588,1.0495887402791368,1.179334575113732,train,nonaromatic_multiplet_positive
13620,0.49096517198984385,1.5663218325454467,0.7123630845193601,1.5918003687028723,6.356231384112467,0.4170484283124581,0.14103697728961903,0.34250308156610476,0.09941151283181819,0.0,286.5032434532481,287.8309081914269,289.42996281930175,290.546926672037,292.9718964340309,1.3519011435652195,1.1620232138160744,1.3670092505180516,1.040411438604022,0.9913436172867696,validation,nonaromatic_multiplet_positive
13621,0.5105156820597482,1.8609121769092787,0.8682281542873476,1.5652165282508224,2.8603470769319403,0.1876397663517157,0.406668436980924,0.37982387602829665,0.025867920639063534,0.0,286.5328959839715,288.1631585704576,289.684577555276,291.0621908886529,293.4239340821394,1.6616545854859397,1.6878110493596508,1.4166873437098255,1.524326832455853,1.6662003795231144,train,nonaromatic_multiplet_positive
13622,0.29861439562568065,1.918120908895184,0.7172104688178587,1.444823382050937,4.419543298478876,0.4179928580612958,0.41278939648847124,0.0640144185710788,0.10520332687915428,0.0,286.84163835553886,288.3397398227792,289.3909398597208,291.0069143344711,293.1539194143691,1.3453931705780318,1.159284646027554,1.6299579678409488,1.1946439894181484,1.2600473054591856,train,nonaromatic_multiplet_positive
13623,0.216420991966041,2.1302971869505187,0.3833224155085424,1.3265437825536213,5.200338576855573,0.6970103925796134,0.027718667481960925,0.2249381318502698,0.050332808088155816,0.0,286.9026915830667,288.4595929307355,289.8940205832779,291.135125448488,293.22774219071266,1.6811526329066229,1.6464506022386156,1.5840092034740163,1.4986429110012869,1.505067071642158,validation,nonaromatic_multiplet_positive
13624,0.7219285618639224,1.758173479375412,1.0419418002166898,1.4667329914157827,6.265346218235448,0.27197437889308945,0.02928070659585972,0.4148287354012715,0.2839161791097793,0.0,286.5583002368137,288.0693047047225,289.13776456668626,290.4425867012472,292.66132172181847,0.8329582622255475,1.0874645412863873,1.027816759379257,1.0321149071345317,1.1246233597437811,train,nonaromatic_multiplet_positive
13625,0.8202445870852285,1.8938412498084838,1.2,1.5933666410150147,3.9531540448652507,0.03167312058258232,0.39234155126949927,0.33841857253655255,0.237566755611366,0.0,286.6694262860978,288.0984566245221,289.86321472363215,290.77383443474787,293.2796914149983,1.0270053456709518,1.1329275956477818,0.952167716400178,1.095835211954175,0.77956444316629,test,nonaromatic_multiplet_positive
13626,0.3909977720793575,1.6370031545223647,0.9832337399601225,1.186014321651229,3.3125037400709463,0.38896765389775206,0.15523411495300773,0.11359683729136533,0.34220139385787474,0.0,286.3850084747769,287.759501825222,289.5700147563291,290.3686561337823,292.52084307784406,1.148446016806451,1.2007972468108978,1.2001901686960643,1.330817103862071,1.4474297106178702,validation,nonaromatic_multiplet_positive
13627,0.5726564058370713,1.8567759030092472,1.0403536963188835,1.3669258765404289,6.40862176352586,0.2559608088019991,0.0,0.47772468410593194,0.26631450610647583,9.855929769490578e-10,286.5447609006072,288.0517893412768,289.60153319543906,290.90227135114657,292.7761980594785,1.3284475507474034,1.1745347788792686,1.4556839772556807,1.2523031349446039,1.35701258978927,test,nonaromatic_multiplet_positive
13628,0.626720370431802,1.8044964083228692,1.093032340325228,1.2344368114214155,6.183194791971107,0.1409041403765276,0.17431876206477895,0.4808406168569379,0.20393648070175552,0.0,286.74736822323587,288.0602401215958,289.2873450212122,291.00339391375053,292.8228605092483,1.006500795263869,0.8376677903217363,0.7,0.7,0.879785157263169,train,nonaromatic_multiplet_positive
13629,0.6682828919194392,1.6853598319042593,0.9935668974099852,1.5149304037253548,6.736525694498352,0.15412626753498493,0.6726461951601901,0.055534372359855054,0.11769316494497001,0.0,286.3258793457442,287.9317180067914,289.40818268140737,290.65936172389786,293.17687162523947,1.5320596944871583,1.6519562500519183,1.5011340573848286,1.7143172732672676,1.5284320748371867,train,nonaromatic_multiplet_positive
13630,0.3663562989025413,2.139072904858962,0.8600272123363467,1.5696443060916052,6.333016304874323,0.265184209898779,0.6112482813742309,0.028356086491864434,0.09521142223512567,0.0,287.04605429000947,288.3669734996505,289.87233345756516,291.31937199610275,293.64494188880957,1.1150266135644036,1.2678401583351189,1.1621690583049107,1.2103967967047093,1.3168638245912927,train,nonaromatic_multiplet_positive
13631,0.5635515794806727,2.4632156897895023,0.7389127229333661,1.3483101425232746,6.388594807362795,0.5101476109533813,0.18825687395579702,0.08253518120407419,0.21906033388674745,0.0,287.2268945396085,288.63620510017245,290.4410716504234,291.76494594398883,293.01825147187384,0.9641534311868055,1.2965059006281883,1.0971640498572641,1.075945796948326,0.9549997122505401,train,nonaromatic_multiplet_positive
13632,0.4902705064385809,2.2107716899832144,1.2,1.6623804196321652,6.343467350028254,0.2952416076056988,0.17237951685460204,0.0571021216652904,0.4752767538744089,0.0,287.0962216980208,288.59364745865435,289.96497843460594,291.4127920638404,293.310937074126,1.676804736207648,1.7858514753259256,1.4875915008573766,1.8437394046612436,1.3933476405791412,test,nonaromatic_multiplet_positive
13633,0.297486577307299,2.3506861622920483,0.5069048591229895,1.5626487475096922,6.795117001080832,0.5681375251366204,0.2518054706996168,0.13501461990415284,0.04504238425960993,0.0,287.1909036481384,288.7800269974899,290.251280892199,291.6020468928938,293.971779680627,1.354753214205593,1.4634695770087276,1.281049358867482,1.3023975533385368,1.1812935032129959,validation,nonaromatic_multiplet_positive
13634,0.5738700131839469,1.6521762531796518,1.2,1.6805338952676587,4.240096261695372,0.08364107278760319,0.6019037450329388,0.06041376971013387,0.25404141246932416,0.0,286.4428329793801,287.7980773139488,289.1541770453206,290.77038412318353,293.0003252389668,1.0053209215630827,0.9315516934756345,1.099275582267595,0.9299283203670603,0.9435586960616569,test,nonaromatic_multiplet_positive
13635,0.5259343223087108,2.153834842394273,0.7958485016121535,1.4557337584919006,2.001204974595688,0.300736698330656,0.06706169186700181,0.565616409859533,0.06658519994280933,0.0,287.0204559297016,288.49526258166225,290.11070960523114,291.07606743459144,293.57136450055356,1.438430105401841,1.3594111262758324,1.3947031811454815,1.4128552012252904,1.4091737582195263,train,nonaromatic_multiplet_positive
13636,0.33926032864173705,2.1792584165173827,0.6778248803765108,1.363996929988573,4.451484605267671,0.3503082071499762,0.49198418507738095,0.15584069529912986,0.0,0.0018669124735131454,286.8506587311366,288.30862636582054,290.0308770072742,291.2039371228142,293.1229080871258,1.1911507659278895,1.1852312558151115,1.169813214584772,1.151399972686623,1.1937768178153607,train,nonaromatic_multiplet_positive
13637,0.598115390506345,2.087958437402165,1.2,1.5904270404711935,3.734469864200308,0.21279679326907314,0.2523835739742188,0.03694208081222607,0.49728202803034005,0.0005955239141419667,286.856469742016,288.2532747068395,289.89766987469585,291.3572386606764,293.37784672694147,1.3884195223306544,1.289286067943949,1.2662084626940056,1.4630948044068868,1.7165761244434903,train,nonaromatic_multiplet_positive
13638,0.2929687081835297,1.6286461010546938,1.2,1.6793411203283284,2.879082274037036,0.14127501722522035,0.41449642410821563,0.06567843494802493,0.37855012371853913,0.0,286.4349334777172,287.79128593768974,289.45577673443825,290.67049883804026,292.83280815892795,1.0012775411706252,0.9084907108814062,0.9641288317779465,0.8248591395248895,0.8682248218858261,train,nonaromatic_multiplet_positive
13639,0.31673160309580195,2.3734311647692796,0.6475432954441914,1.4996840884311164,3.7738044846554595,0.5922959455940727,0.16423012031341255,0.03284039809421816,0.21023638851828036,0.00039714748001612406,287.04204881479023,288.8160404694792,290.2775113973617,291.477211019911,293.45639955156116,1.358532667555361,1.3738855376189563,1.168692384696339,1.2496172098924858,1.094225870123159,validation,nonaromatic_multiplet_positive
13640,0.40710069421196726,1.6054645437894588,0.4544674100724792,1.4307530151176269,6.705091540388089,0.5626059358815039,0.2129304750310464,0.20370300120038537,0.00391696692052372,0.01684362096654071,286.46791395749693,287.98536109720783,289.6256028602403,290.720214863284,293.25821136618896,1.0688838063512012,1.0095930547780236,1.0252237659665884,0.9848031659756876,0.9295662254686252,train,nonaromatic_multiplet_positive
13641,0.7579436587109695,2.104600649921689,1.0566522065330561,1.532001604773995,2.2015995199724996,0.09163464348821117,0.420187692794655,0.3698908136958665,0.11828685002126735,0.0,287.03256840881505,288.51329424523925,289.9040459666972,290.7053950860226,293.241755534111,0.7953019442488373,0.9744524822147639,0.8088020575888466,1.0778282522459148,1.0657296572055093,train,nonaromatic_multiplet_positive
13642,0.7098522252148309,1.5893080858392596,1.1052426693052093,1.7393712493867732,6.630157330859561,0.08011913200626801,0.07939869807984277,0.6851203686024118,0.15536180131147737,0.0,286.3972609433207,287.8665022583812,289.3055345316808,290.6025455243716,292.68400965410825,1.0614982289342603,1.0111622778756788,0.9287525831394937,0.7994726943082096,1.0593239914583596,train,nonaromatic_multiplet_positive
13643,0.21897072510217602,2.1280630404151553,0.8407077051684291,1.5483513156039959,6.9330038181910565,0.3658767524758973,0.13761875751819527,0.2626608638909023,0.20521404187966572,0.028629584235339567,286.87021256396673,288.41586660543584,289.66689942571804,291.10188564569154,293.3188474238574,1.0377133533365497,0.7848499040563772,0.8015041507870795,1.0324815904056055,0.8376784100437661,validation,nonaromatic_multiplet_positive
13644,0.6123209852628939,1.6027194901089588,1.0946240601750101,1.451419352276746,4.784452972453285,0.1253830710739093,0.35383803562944754,0.3307717620477237,0.1900071312489194,0.0,286.4222577996511,287.92726163748017,289.5402356324955,290.6909446832119,292.73424350995816,1.44573185755099,1.1387725859261757,1.0987834238729046,1.0008654952450695,0.9834010085923663,train,nonaromatic_multiplet_positive
13645,0.5914304272530095,1.9532130663363416,0.6944209545125781,1.3095974050790087,4.745549543883561,0.47216455042728844,0.2914695202552956,0.09978042437754936,0.13658550493986654,0.0,286.7757503335989,288.23724517751054,289.6553710675801,290.87254791747915,292.97451908241953,1.315520699371253,1.3270497543524824,1.2841973061753291,1.2693989602695623,1.4364423060597082,train,nonaromatic_multiplet_positive
13646,0.6199829926007498,1.5541063286089383,0.7325753904685137,1.6769735366196403,3.730618427596001,0.30834124454925804,0.4576393372691654,0.22310278316380497,0.010916635017771657,0.0,286.2972017516384,287.9837244989323,289.4633852151386,290.5366416868032,292.95031591463027,0.9373281004883806,1.0443348338137795,1.0355535772053541,1.0565125227027012,0.892339661463267,validation,nonaromatic_multiplet_positive
13647,0.870702339579928,2.2885253331097672,1.0815493345078306,1.3457990642580995,2.7653742392630916,0.1985869795933006,0.3934445109992891,0.15783219530627907,0.2501363141011313,0.0,287.0805705134725,288.5062294179912,289.99589442221964,291.64541133309444,293.8237332407074,1.133816259413318,0.8985503522023164,1.2705377545146779,0.9904361666611133,1.243004908817545,test,nonaromatic_multiplet_positive
13648,0.7587449269050686,1.5217792879486156,1.1918297353344693,1.1873237012749014,2.2526078606151567,0.058736395493665286,0.24628754986673745,0.4744099238114626,0.22056613082813473,0.0,286.20471989657455,287.58157661270076,289.26079285880803,290.55798821875226,292.29071850751245,1.3229488363251065,0.9237519420952341,0.9741485355471521,1.1765541636215033,1.066141413300784,train,nonaromatic_multiplet_positive
13649,0.560132749255983,1.920655478277311,0.8637912641302402,1.2048219469974084,3.2206776595428988,0.43739400803655715,0.2054363788896838,0.033418495880458886,0.29746819468004876,0.02628292251325156,286.76296404166493,288.1691524294762,289.87614971834074,291.1363799741561,293.44919558195727,1.4439874873396934,1.4941205904174333,1.3723731681162712,1.394223529703786,1.6955248780939411,train,nonaromatic_multiplet_positive
13650,0.6306641371620509,2.0314700601898097,0.9829703782973336,1.6313546878548801,2.376457095821006,0.06628776924236934,0.3295975878609701,0.5848564953569578,0.019258147539702817,0.0,286.7796266344612,288.4252968311897,289.49881230948176,290.87174080895693,293.4196242250141,1.1259324981271093,1.1657381866310426,1.3264224523544965,1.6653830195750805,1.3044504370746917,train,nonaromatic_multiplet_positive
13651,0.25611928094076813,1.6263706608171158,1.2,1.6970913821113025,2.06620169929037,0.2012795307691119,0.015170913316403929,0.1879294499017902,0.595620106012694,0.0,286.56099088339954,288.04911256398583,289.11391723594767,290.8720354334196,293.3796936549982,1.3273146344367361,1.243636269565761,1.245358551495718,1.2280439662770315,1.4621424408747958,train,nonaromatic_multiplet_positive
13652,0.4097416266974081,1.817710233526983,0.49856649766295635,1.2475331814701283,5.175647384297692,0.5344506452061584,0.4512927104591987,0.0,0.00863689360187881,0.00561975073276419,286.53657827154416,288.21215371751913,289.85188119429006,290.8775470789791,293.51167513593373,1.3108028718147817,1.2679771269446247,1.349716798159157,1.2244431392930473,1.1494373292091289,train,nonaromatic_multiplet_positive
13653,0.4625402762239289,2.465578718749003,0.9750802101451632,1.3724287023750221,6.227788984556724,0.356201898056026,0.014211547835120087,0.3281574126580828,0.30135562482598016,7.35166247909382e-05,287.49251076003986,288.67138686676805,290.3440766673425,291.7101858485947,293.92486415471024,0.9788216502055167,0.8269864740319539,1.158641929763497,0.9781029577723497,0.9032481816601792,train,nonaromatic_multiplet_positive
13654,0.0711810110859171,1.9507585247282875,0.49865084479757527,1.4973882091066375,6.355170352320194,0.5643079998625223,0.3792932772087578,0.023439878268622087,0.03295884466009773,0.0,286.7270174801222,288.0627417022764,289.68985500592214,291.0629550286171,293.2516666869403,1.5660125721609437,1.236896901850478,1.3523621758925324,1.3893059060264286,1.2237549917430262,train,nonaromatic_multiplet_positive
13655,0.5422684923687862,2.361590137258767,1.2,1.1794297613768636,4.289625351478528,0.09095047681409546,0.4087125294305952,0.20265971684118855,0.2976772769141208,0.0,287.06289371916176,288.59212468611173,290.2560575953557,291.3853773955567,293.3896766502901,1.1077824464429538,1.3116975798932684,1.0090030785964235,1.2361654980323056,1.1252210606094826,train,nonaromatic_multiplet_positive
13656,0.4768844853671971,2.1387026441716688,0.4566146114489228,1.1342656668817086,2.147486305889176,0.5620795620125668,0.3987128199385178,0.027901791510404925,0.0,0.011305826538510496,286.9392842713927,288.71450939589346,289.96329181821676,291.16024586168544,293.894121412395,1.2383157132559646,1.2618425907427353,1.3187750468577795,1.299543097897723,1.498759248643471,train,nonaromatic_multiplet_positive
13657,0.2481490919004423,2.397006689807466,0.6672687460915777,1.6386146627813103,6.6109953937839485,0.5254392433207661,0.3006294165978706,0.000633706366342983,0.16800281156368208,0.005294822151338166,287.0819742977454,288.6229746716207,289.91516460554476,291.4644457351076,293.91074568269465,1.354458968750123,1.1801009701475556,1.269236964606782,1.2311587232509067,1.3189034431117381,train,nonaromatic_multiplet_positive
13658,0.4632791531081517,2.2985378518050807,0.4840320767578421,1.3900358149581002,5.712557446638335,0.5672469156202271,0.21777637125926294,0.19369772074244102,0.02127899237806907,0.0,287.3158076317778,288.43448751429173,290.1119994105455,291.1481565488503,293.4017561042316,1.3321388148994195,1.2702091072658341,1.2853700724129369,1.1143963511717776,1.1638326131163543,train,nonaromatic_multiplet_positive
13659,0.07241793809296221,2.427073675456499,0.2483211093343097,1.6153853630345014,5.462364141888667,0.7878990743107018,0.07918716829104772,0.1266935737532392,0.006220183645011399,0.0,287.169611255687,288.70132687187504,290.41574320967345,291.3417945413158,293.7602530366366,1.2362067979840636,1.4002963880018253,1.379160156372365,1.3744838712331067,1.275814170925882,test,nonaromatic_multiplet_positive
13660,0.6601900213791458,2.167541916430512,1.174686976370597,1.5786458446492095,2.1097239130778838,0.11706382677334293,0.21505504401112915,0.40613032607158805,0.26175080314393984,0.0,286.9858892475015,288.337810489983,290.0610991322879,291.22819470695777,293.3940634844074,1.1981626605906068,1.3225206911326204,1.1315300584662447,1.1285191305074362,1.075783749528783,train,nonaromatic_multiplet_positive
13661,0.3411563311497621,2.057467652489473,0.664277314345122,1.5085836486231199,6.241462800975992,0.3824334973893764,0.10388993461663419,0.4969657562594913,0.016710811734498305,0.0,286.89146390449747,288.3144686792333,289.8529987304783,290.925425686549,293.12557444159694,1.224529618608629,1.230499815691503,1.3689383466581768,1.322881118256299,1.221885991627313,train,nonaromatic_multiplet_positive
13662,0.36931568440676354,2.490843202973757,0.3567249385290854,1.6470819431716703,6.506429362398857,0.7581144205412906,0.10534670272998221,0.051699517658351096,0.08483935907037604,0.0,287.2184279308034,288.6303066314169,290.510171780232,291.3152511104389,293.45800877562885,1.1179188387387868,1.1745798065966278,1.1636679162699828,1.0553597910275183,1.1144656908899326,train,nonaromatic_multiplet_positive
13663,0.48426455686718717,2.176168292695315,0.8025288490473184,1.5111591140087417,5.989405037535518,0.4305880029229388,0.23643833851942203,0.0821076008767608,0.2269914548255678,0.0238746028553105,286.8710219879032,288.56886260698076,289.75260132156797,291.10576978243455,293.6028675969822,1.3454513053628558,1.2010601820278883,1.0014670206335314,1.1916911430646844,1.0290580421768223,test,nonaromatic_multiplet_positive
13664,0.18104638790607935,1.960080324941321,0.36009764253150317,1.4222995180007416,3.927452252636011,0.6990835697441911,0.06620480694063656,0.20553041103947806,0.02918121227569429,0.0,286.8557498739064,287.886739336995,289.943676806842,291.0523342892016,293.35462255601436,0.9767730531812375,0.8976162485517553,0.9232056428539935,0.8571071790698502,0.9631600723515031,train,nonaromatic_multiplet_positive
13665,0.43852913196452104,1.7077607626163904,0.978271565401808,1.7113198393466325,3.103731968607526,0.15132883177874396,0.6747992365480173,0.07427153449268671,0.09960039718055198,0.0,286.5290131668287,287.8862473663566,289.22127891039645,290.85089961724,292.94505604478934,1.110891533185985,1.1380668138301526,1.2346818271271371,1.1015095880429426,1.202451356914934,train,nonaromatic_multiplet_positive
13666,0.4804287730366734,1.896194474807392,0.8392801812785231,1.6919620520765362,3.9784825687140453,0.1813814722685239,0.4464600697941477,0.3628201114843754,0.0,0.009338346452952995,286.42531810040265,288.1631421501558,289.5832355116216,290.8949811602937,292.96848239882723,1.1363307386029007,1.1667933955440648,1.0329623416277645,1.1419414522961184,0.8249470388946967,train,nonaromatic_multiplet_positive
13667,0.5038386469497016,1.520010798517419,0.8777599431004216,1.7228865802177467,2.074890019694041,0.18133318114944244,0.45736550040201496,0.33220819419867853,0.02909312424986404,0.0,286.3501166175129,287.56099362890933,289.15866244636095,290.3600660065798,292.41608530067793,1.1784054138327884,0.9765461453551542,1.2648062717179096,1.121200510167459,1.1289246298335005,train,nonaromatic_multiplet_positive
13668,0.8418619076293895,2.217131871460015,1.2,1.4090499182972906,2.3532511410814063,0.08245344498348656,0.26683995490397666,0.22779860626266746,0.42290799384986943,0.0,287.0612448711944,288.5380435611304,289.8736636844549,291.12413428856667,293.29691387871407,1.611576608985598,1.5013793435856022,1.5910897895500935,1.5464260172543858,1.5448923515362873,train,nonaromatic_multiplet_positive
13669,0.2856231170359843,1.9300721077009015,0.4804127801725635,1.5115037431079548,6.993989195833626,0.7254609677384595,0.04999009162310144,0.048675192727416196,0.17587374791102295,0.0,286.9211752994228,287.8758319720618,289.8315007859568,291.15318013402486,293.4662608141245,1.469529352595858,1.1448353398690734,1.4015309828183307,1.302318218509609,1.4221547669292742,train,nonaromatic_multiplet_positive
13670,0.9478595065149715,2.1186666108508123,0.9554554298067548,1.390752592454723,5.911061386829471,0.3414127159034004,0.3127430787585448,0.07897605962789994,0.266868145710155,0.0,286.97976427753315,288.35732841112656,289.8719451944235,291.14928206143463,293.2432194243275,1.087962802839916,1.2025046991559687,0.8985261399575494,1.000647076316079,1.1124926256455574,train,nonaromatic_multiplet_positive
13671,0.7441099474144474,1.5246894092443597,0.9971348939159234,1.3814555272988462,3.9260787662655527,0.13730033591197272,0.3143680415758059,0.44389639268432535,0.10443522982789605,0.0,286.29828488465205,287.7635114498576,289.34307725483546,290.6997005635133,292.9873885680041,1.6442403155559415,1.433768954387986,1.4559828421296908,1.6106857414336893,1.3871672164143114,train,nonaromatic_multiplet_positive
13672,0.7284752101814194,2.425088045768658,0.9832828587785185,1.4380367863580568,2.548637516904267,0.17250522347179242,0.32401811431573174,0.3557691858547237,0.13674777930403156,0.010959697053720414,287.15134473154524,288.5674426545503,290.3528093478963,291.57593240231796,293.8583285910881,0.9095225915964988,1.0239664422963295,0.788008785476817,0.9249460272364269,1.055844379402265,test,nonaromatic_multiplet_positive
13673,0.4667716446542613,1.9290293342798508,0.4090024025017657,1.2201896549065672,6.502880721993431,0.7281001620887104,0.10064457328544564,0.06415270003536779,0.10710256459047615,0.0,286.7569066794421,288.1226682485034,289.66022280197456,291.0519240205613,293.244422834493,1.3560921883740134,1.4188790150245243,1.1232390105784185,1.0410745513880582,1.1651535513940643,test,nonaromatic_multiplet_positive
13674,0.30447389325565494,1.9713364494403973,0.44957152663246636,1.7118393112104144,6.491358748117118,0.6354447271045872,0.09920918840891524,0.1676803927844975,0.07634097271952679,0.02132471898247336,286.83711550898664,288.43541337460255,289.7671687276742,290.97872210071824,293.019132476019,0.7701715925500966,1.1146169491092803,1.0337867907954665,0.944969662480209,1.042462105555609,test,nonaromatic_multiplet_positive
13675,0.47609253244311683,1.7202574980512004,1.0240989150172808,1.3015978865587075,6.3456732903716935,0.22579717575239938,0.4937232327054269,0.060583500772493304,0.21989609076968034,0.0,286.6184918592043,288.0533398733415,289.4572938882137,290.8011374016257,293.0656305102013,1.071883751996428,0.856645471234868,0.9221173846929445,1.01377763530966,0.9245040062899026,train,nonaromatic_multiplet_positive
13676,0.4100390214240068,2.407773586430692,0.760541729567249,1.6287308624271732,6.369776693805102,0.28552897953915923,0.5128970188024982,0.18550329255193418,0.01607070910640827,0.0,287.13448448161694,288.8959642504285,290.47238024953526,291.45615827035533,293.70777014231993,0.9969424867665166,0.7818145991908195,1.0883775527207291,0.8992787926869344,0.9188499244251783,train,nonaromatic_multiplet_positive
13677,0.4874132960635544,2.484622281264017,0.867301077023614,1.5187645318484642,6.156385273823359,0.3693055451576372,0.4109309435858307,0.013156889075280901,0.20660662218125117,0.0,287.3115605583856,288.753711891415,290.0590598067245,291.4951203096124,292.92286035274003,0.9988971011630154,0.9663908963283591,0.9917882887616476,1.0937273609421605,1.0489090208916427,train,nonaromatic_multiplet_positive
13678,0.1366768481445084,2.2946669167990703,0.6384451808086022,1.417015159636792,2.7435629817890925,0.5741677473321602,0.1443877680141382,0.086251187733006,0.188903112530729,0.006290184389966477,286.9697498454614,288.7464098457385,290.10863888263646,291.36675787843524,293.9727934920816,0.9956926104177806,1.1119235473447633,1.2638839130360842,1.0890025752624009,0.9642235723880572,validation,nonaromatic_multiplet_positive
13679,0.8636138953679524,2.1440470206163393,1.2,1.2124991205720979,5.407153535030296,0.020174358633645494,0.6328661242572637,0.10910178933573947,0.23785772777335135,0.0,286.8540373441227,288.2004846403546,289.78309819383645,291.31166056677637,293.4703924169383,1.0107460949132758,0.9031244135486468,1.0346019582322865,0.9600502316462066,0.9130034489507715,test,nonaromatic_multiplet_positive
13680,0.12803316633981826,2.4460898278666745,0.06539090381414078,1.453039605442943,3.004054128488872,0.9787893934053008,0.006833315186415968,0.00019699418884133334,0.014180297219441742,0.0,287.1029934196013,288.70869349938795,290.5794739501608,291.54232348223263,293.2299146052916,1.0900053715717664,0.897986245373127,0.9719573564108398,0.9708491892572098,1.2794632160419757,test,nonaromatic_multiplet_positive
13681,0.3572670626012457,1.5180014610949248,0.6915039599354612,1.627961535731282,4.483751852281699,0.6151469029851172,0.09594913405201008,0.008500220841767088,0.278527302520842,0.0018764396002635877,286.2107226092873,287.85816638255056,289.17690069617106,290.25402672356813,292.84136388520386,1.5063809696147274,1.7589823304164356,1.320511962246369,1.5604989492039674,1.8193949270785472,train,nonaromatic_multiplet_positive
13682,0.5461614582989782,2.053895688892107,0.7397276388268533,1.6524109782515828,3.3319980114503154,0.42143480656149546,0.3793473007434324,0.06805544730672329,0.13116244538834881,0.0,286.86289378449527,288.43181882700037,290.0152996170859,291.3111697673932,293.29664040351236,1.3599451436288459,1.2906480626356445,1.3105189112789477,1.3548265559228971,1.3184304560951638,train,nonaromatic_multiplet_positive
13683,0.25765308124040437,2.1835259617080767,0.8373384631269364,1.4658694646949706,4.645185347575933,0.4675932334329724,0.12612319537070332,0.1313518746364155,0.2749316965599088,0.0,287.10067679035177,288.5846201971411,289.7535652857856,290.9286862480184,293.315739996914,1.0933356240148704,0.9738041622374252,0.7896561626806171,0.7867641069326201,0.9988990296332395,train,nonaromatic_multiplet_positive
13684,0.4778930172479215,2.0401962724168965,1.2,1.2804816430230048,3.4147403025982093,0.13688219655023504,0.3255423343902992,0.2104096945391703,0.3271657745202954,0.0,286.9195632367775,288.3643746046849,290.06992070504964,291.33502670826607,293.2251997114205,1.4000810581038772,1.4727766981646953,1.4137037939983215,1.4289111299731418,1.287003136036385,test,nonaromatic_multiplet_positive
13685,0.6121189092807022,2.170644840994793,1.1417554336408688,1.1056740245548,6.6211407879326245,0.15581807056030456,0.43840079367689433,0.13820763156162746,0.26757350420117354,0.0,287.16166526182695,288.41636902807437,289.74887379869307,291.4117010476129,293.1806691877077,0.8483277172570515,1.0492940240034612,0.9149811915190227,0.8911066583271101,1.0018858020115968,train,nonaromatic_multiplet_positive
13686,0.4795254664338798,2.3222666065059636,1.1326489294599915,1.736549862932128,2.7076562036876135,0.14115983554876213,0.3644462714215772,0.250585128020907,0.24380876500875368,0.0,287.149400226827,288.56945268019973,289.8741262352892,291.2082283328941,293.81933376449376,1.085760966449078,1.1509109183460375,1.2400370258538103,1.1581002424193156,1.1466430282787707,train,nonaromatic_multiplet_positive
13687,0.3632362696763338,1.9011925831273304,0.9663766351021081,1.68894830812895,3.4686299227772515,0.1364780194236662,0.7301963728751609,0.06047095317539851,0.07285465452577435,0.0,286.8573011452865,288.1643638049924,289.6041020626202,290.44458686423354,293.08167826848415,1.3591967018738675,1.3682521585311196,1.2831412671557496,1.183943075667624,1.3380513970738726,train,nonaromatic_multiplet_positive
13688,0.6768548967289836,1.6196789417194366,0.8327208297752848,1.3106168277060521,4.086986018867308,0.2759367037835553,0.050558380426479865,0.5948473822311245,0.07865753355884023,0.0,286.34622819317923,287.78364790049295,289.1659143494172,290.79742299581113,292.7394310173796,1.284869440359187,1.1787049392505324,1.2923746156164733,1.1929679894056997,1.2206850515711698,train,nonaromatic_multiplet_positive
13689,0.058073043599162995,2.4783344265455947,0.15280100271525235,1.4116518445952069,5.638455843155187,0.8773213414993233,0.11812058516502914,0.004435729121071876,0.00012234421457566695,0.0,287.38448814753923,288.61178299651766,290.2189826926836,291.8496823490784,293.50807710846067,1.266062988355776,1.420170725612621,1.150439190258867,1.6586966156666658,1.4021782003970251,train,nonaromatic_multiplet_positive
13690,0.7797756188949702,2.3307147744137433,1.1563649627602075,1.1867104779083468,6.999201145773839,0.20998006394992466,0.4140827655651506,0.039592143774792435,0.3363450267101322,0.0,287.1419168811994,288.75371229754086,290.2724616413751,291.71207897459163,293.0118979832918,1.5567964716152947,1.4332266109540617,1.3609652039804683,1.7721973873873178,1.1292883727378704,validation,nonaromatic_multiplet_positive
13691,0.7108443885653911,2.444478967136131,0.7003205867702754,1.1779307577169618,3.039108284373383,0.38407464114013234,0.060050888906048434,0.5014792420434114,0.05439522791040778,0.0,287.22263315918326,288.62207816691483,290.2414828903336,291.60756722619806,293.35756481921663,1.4297202050656477,1.4538243251152287,1.4142052252038826,1.597237068418622,1.6170240403043705,test,nonaromatic_multiplet_positive
13692,0.3611415986235435,2.066901435853995,0.8567229503428424,1.7389263562325863,5.767182500032748,0.22159946249492085,0.6999300918133555,0.02600212431219895,0.050395367108643944,0.00207295427088062,286.7711380390696,288.2147207222605,289.78658020413343,290.9932397220506,293.21680700875635,0.9898320189969355,0.8351265798439383,0.9329571511620766,0.7974374027342686,0.8811191448643356,train,nonaromatic_multiplet_positive
13693,0.2561738819910091,2.0331018053177368,0.738794210483918,1.1398196465468609,3.757420105422512,0.29239825237295886,0.3608225853085351,0.34558669946162945,0.0011924628568767627,0.0,286.90311200654423,288.29789774205244,289.7744561261535,291.2646036362367,293.07460312526564,1.423564971222241,1.0956161933235382,1.3197257179604232,1.1377813033563196,1.3944028549996346,train,nonaromatic_multiplet_positive
13694,0.5480560626836013,1.851618083109245,1.2,1.5146504665880636,3.402494080787296,0.06302360960594347,0.0,0.37652932033257136,0.5472639244886273,0.013183145572857869,286.62215952833736,288.1475333142725,289.62903231162016,290.72056803912477,292.96048378553724,1.6056835478346743,1.682697474064701,1.6247388963175273,1.4891676566123422,1.5582029906165884,train,nonaromatic_multiplet_positive
13695,0.3997060188195513,1.5372291066291242,0.6531717231937341,1.1846094696773415,3.975118472425171,0.48958537737635277,0.11436773094021983,0.2832897911133405,0.11275710057008688,0.0,286.23061712886124,287.8354044688418,289.394890256706,290.52906378248684,292.73244401884176,0.9797479090134614,1.3221460305004762,1.1587780187671326,1.3091725384008615,1.2652382354312377,validation,nonaromatic_multiplet_positive
13696,0.501959210585422,2.29477613103722,0.8502574623773401,1.1859519728611154,2.5201428534201886,0.2919495136079435,0.37608588700485424,0.2197576234019185,0.11220697598528369,0.0,287.20743869566763,288.57408857121095,290.1756389038409,291.25720209821776,293.5911320454057,1.1372113377111766,1.1588260262603693,1.124598961075142,1.2593480419295946,1.1091635185205175,train,nonaromatic_multiplet_positive
13697,0.13656670721691996,2.40124805535979,1.2,1.3034507986906891,3.163637268918947,0.19841910905244795,0.14005761522523322,0.28376205197767107,0.37776122374464793,0.0,287.13315102720725,288.7844908934418,290.412365034719,291.4201801880903,293.6283070797774,0.9557616230662012,1.032140761334356,0.9418567110780561,1.0178537570654602,1.064499916890329,validation,nonaromatic_multiplet_positive
13698,0.12182170095597711,1.8826123205103342,0.8842262648611086,1.6021435617564204,2.4049137815237085,0.2856865987178747,0.5674830107342623,0.006917526968879861,0.13991286357898317,0.0,286.7162128982784,288.04300706234545,289.664043367146,291.0608850726836,292.79118964247516,1.2730820582046378,1.3768485283213852,1.295650483399826,1.1823595735462045,1.3896325147479924,train,nonaromatic_multiplet_positive
13699,0.6830906963379456,1.7182555464988636,1.0293220868784014,1.7036597355902292,6.5613923028975085,0.09755181419493214,0.6112974466179564,0.19427683811377783,0.09687390107333355,0.0,286.4118607930231,287.91196919464755,289.4829205165739,290.79021793172666,293.0279934511719,0.9065929740812784,0.8603947980881669,0.9856022505890798,0.9622681710895937,0.869410469533393,test,nonaromatic_multiplet_positive
13700,0.9089659811449334,1.7205482143069157,1.1630762704696382,1.545581586452513,2.2987881947579325,0.024093715134504822,0.6011878678168586,0.21751618032143233,0.1571861111656736,1.612556153063531e-05,286.5824248776693,288.14952863204263,289.56797149153414,290.7486863120805,292.76767929973994,1.44739479839659,1.2583869918758936,1.4920800633575448,1.624096299496002,1.5076960549962135,test,nonaromatic_multiplet_positive
13701,0.6930224301048836,2.159361369667743,1.036508448542025,1.5365279413988835,5.542134467251067,0.2990745906482869,0.290640147607263,0.1047022225541382,0.30558303919031193,0.0,286.8996822540882,288.44189655476356,290.10043364586426,291.21031143672343,293.4636954194732,1.0555833149640739,0.8940520825976714,1.058042337246531,1.0301954482780693,1.0317686948087588,validation,nonaromatic_multiplet_positive
13702,0.5082439871486594,2.3675121469330693,0.5415702801671848,1.7186884120154877,4.700769160974005,0.5437252656556847,0.2750894889042308,0.1258896996172148,0.055295545822869586,0.0,287.24656413172266,288.44815991688387,290.17721664536407,291.52693852114436,293.22056656659703,0.7868893956062336,1.020435284759013,0.8203183022232088,1.0368468350803208,1.0301476247536023,train,nonaromatic_multiplet_positive
13703,0.04158899877701669,2.14246786403589,0.29304825636884346,1.2537877993760616,5.523175065503672,0.73692986491576,0.0,0.26286141582260764,9.342027311793824e-05,0.00011529898851442372,286.96025957555446,288.5647960233261,289.6409224421991,291.3637556236718,292.9924031465669,1.3626500948736313,1.587213184745631,1.255320551459148,1.4050663919252777,1.678451872504292,validation,nonaromatic_multiplet_positive
13704,0.8243445761091747,1.6512599364028544,1.2,1.6804306585147897,2.481988182270159,0.08659619319393162,0.36129801902910375,0.16444817998039785,0.3876497566941305,7.851102436350213e-06,286.4004189652535,287.8068039647028,289.4999241220952,290.7376981961139,292.72538564813857,1.173112802751604,1.2054711098235926,1.1726224154877607,1.4725468146949239,1.1544332263199035,train,nonaromatic_multiplet_positive
13705,0.8483365682764211,2.299746103434622,1.0105021943685486,1.1334462780834305,6.26955875067254,0.1305398314364106,0.4137901911521986,0.3446279516064317,0.11104202580495919,0.0,287.1153071568597,288.35370401404487,289.9731893235486,291.3407669750079,293.5635495226245,1.3475863099393317,1.2494449249527633,1.6114516398590595,1.5452031149310794,1.4715296260498354,train,nonaromatic_multiplet_positive
13706,0.3252266858550557,2.0813100836241927,0.4231361715525144,1.5348005852619147,6.562647046694188,0.689161655858801,0.018926923825548496,0.20019353806526774,0.08700785483084908,0.004710027419533651,286.9902378558065,288.45203198650324,289.77942070016843,291.087633069325,293.3672332640229,1.3641708324089903,1.2715836430725793,1.2252971517302076,1.5722836402738558,1.372909480292789,test,nonaromatic_multiplet_positive
13707,0.41085865896470514,2.196556525319126,1.2,1.5422350651353574,4.584676171671953,0.08907712709580047,0.3520805821267184,0.0,0.5587560382425534,8.62525349278339e-05,286.9662078479418,288.6514531152134,289.7790698412183,291.3474716195058,293.0065551765352,1.0462599746948251,1.0750841930507433,1.1255361457868176,1.0168375339196027,1.27608718369948,train,nonaromatic_multiplet_positive
13708,0.27870534714377443,2.193232201896464,0.8319863608255391,1.104805959443066,2.64250886734957,0.19804173123245092,0.07211870169346951,0.7298114750160895,2.8092057990084775e-05,0.0,286.97818662155254,288.58910862796984,290.19933011758525,291.2930776292819,293.45876719979003,1.0511869738229775,1.2561007670435715,0.9853164646734178,1.1026265045936718,1.031900733681223,train,nonaromatic_multiplet_positive
13709,0.15591678160163236,2.043096634198735,0.8265947621876847,1.7106351107769706,3.6743833631861014,0.20352167324739248,0.7669285803902425,0.029433310927287567,0.00011643543507734631,0.0,286.8743093588057,288.25826086652836,289.69964421231936,291.03575260696465,293.5397765617264,1.2578278684986015,1.0462738354971608,1.378092630107946,1.4086998936635207,1.2718838832009283,validation,nonaromatic_multiplet_positive
13710,0.5323807921766094,1.6039036979802974,1.1819620508756472,1.3634819330591967,5.2164829487848685,0.0602862336589581,0.5727248676142288,0.15474061419220794,0.21224828453460526,0.0,286.59057206619013,288.2297681249551,289.3157259793327,290.9279863299139,293.227230356521,1.5924089373056387,1.6838015712342012,1.4567017965487172,1.4853838745352796,1.3957200157719496,train,nonaromatic_multiplet_positive
13711,0.08543718154194285,2.25090198108045,0.6739292548845408,1.4762267856840998,4.839425340793225,0.5372847404267828,0.1337439019631129,0.14775736229878092,0.18121399531132348,0.0,286.89444250390466,288.3403125590596,290.20052019984195,291.06952139061923,293.05996489704495,1.416817265361995,1.3042603564626667,1.1950634868852124,1.167316568878758,1.2487631744923162,validation,nonaromatic_multiplet_positive
13712,0.36127074207751103,2.484455277296376,0.5829502343171687,1.4644886468384475,4.092648647409188,0.5222663236786098,0.40083201830001913,0.0,0.07605910800857481,0.0008425500127963465,287.3441812968527,288.97916256640127,289.9880376075733,291.30182665064785,293.99476875924677,1.185990134648861,1.014673582261973,1.1727018161941631,1.003821905076843,1.111060350465916,train,nonaromatic_multiplet_positive
13713,0.3711593670257767,1.9338667846121886,0.4645535469026379,1.5067884056997898,3.393330244591085,0.5821685835956499,0.2336063563817358,0.16750292952432666,0.016722130498287722,0.0,286.89889583823236,288.13859518753054,289.91283193962994,291.3085010914058,292.72598900978033,0.9641454438436077,0.9731095734707502,0.9778132080774457,0.8378593270003594,0.9260179926082011,train,nonaromatic_multiplet_positive
13714,0.17930813410543056,2.205844463925829,0.5462752088729951,1.738172072599399,3.520711901970317,0.4881365722678893,0.12375780020007213,0.38369384639115395,0.0044117811408845384,0.0,286.9231952363265,288.41920090073216,289.9260756331878,291.39052047653894,293.9409256974703,1.1215044591481709,1.1002025477388073,1.053525194860794,0.9389869735887082,0.928691638181869,train,nonaromatic_multiplet_positive
13715,0.4384260676613155,2.2273422417777358,0.980578310570047,1.427340907217848,4.867202376691931,0.37390608885071713,0.22681091215819005,0.07479859957032875,0.32448439942076407,0.0,287.0528788871838,288.4631405312225,289.9465829451244,291.1759515239229,293.2907174047164,1.1968642062065291,1.468842778728748,1.1392708741509536,1.1035074905084417,1.1167171559911866,validation,nonaromatic_multiplet_positive
13716,0.5562906623730606,2.361474957386011,0.5826823126909477,1.5139099006109409,4.826089500900981,0.5224738237157951,0.14737611079347068,0.25499392908399104,0.07515613640674303,0.0,287.29185288361987,288.6046292021196,290.0203432675666,291.32696187296506,293.2307941094487,1.1240723915960769,1.1003517473931053,1.1565111190132678,1.1486744646439997,1.191095411843665,train,nonaromatic_multiplet_positive
13717,0.6344388932409312,2.232051376582419,0.9852281363370459,1.3804274283933438,6.424571902024293,0.22941069685643362,0.39283582258787764,0.1756339263042532,0.19337919372245746,0.008740360528978067,286.918919662644,288.18868002660713,289.89500808377545,291.28168687245875,293.7302046613448,1.3899360377698446,1.6656397364887312,1.3899809884617818,1.5563224880958924,1.5254239832304493,test,nonaromatic_multiplet_positive
13718,0.20565046131459483,1.9319677379934515,0.9212140425135021,1.2483804006308503,3.5728016153804276,0.44367685662947515,0.20850963377243467,0.012922610455112818,0.3348908991429773,0.0,286.76840555351885,288.1243248062219,289.5915304101915,291.23919858716783,292.93364966676853,1.2180873251518771,1.3979015686346796,1.2515548876406943,1.134504116136099,1.0699993299118231,train,nonaromatic_multiplet_positive
13719,0.6562113568082178,1.9558174770854637,0.8266361887588729,1.2220827520328092,6.888298793173415,0.36571221141920796,0.4393266428747187,0.0326127455279921,0.16234840017808105,0.0,286.72615037448475,288.0266498827343,289.54124265306365,291.108596003189,293.21955122542903,1.347739778389311,1.3090381726570135,1.2275261003363787,1.3623040455444961,1.5062494093857473,train,nonaromatic_multiplet_positive
13720,0.2950556753929346,2.376517916820265,0.7374585814272566,1.2200436557537377,3.146577028470693,0.2911904676815296,0.31431354428599495,0.3931450371412617,0.0,0.0013509508912136709,287.05868128414505,288.3634819588036,290.08212101545445,291.47982828155034,293.54514233997423,1.0576129463769195,0.9281295839380598,1.0791707821016745,1.1077498376947095,1.128164157405337,train,nonaromatic_multiplet_positive
13721,0.5960968773029329,2.0892633194029573,0.8571407669421357,1.5272660647738079,4.614685492152427,0.3853092788510912,0.37355343864372575,0.028687236711955843,0.21245004579322707,0.0,286.8668412480998,288.40465962817194,289.4828765222818,290.97338620426217,293.3342857486682,1.486532849659398,1.3264845347360628,1.623900841637551,1.3964812211627646,1.6679572620738878,train,nonaromatic_multiplet_positive
13722,0.5638576488359149,2.235287924707946,0.7251152203784426,1.4682231311669078,2.9069815885963974,0.36624543908044294,0.3678591832073819,0.20453471825328953,0.06136065945888561,0.0,287.14892832221653,288.59022968519423,290.0084313442348,291.3571870956287,293.4465312531458,0.9479451333429979,1.164692549518487,1.2379296122346313,1.129161241733327,1.1164510051276537,train,nonaromatic_multiplet_positive
13723,0.35910363460392825,1.7288822332525284,0.4905719401011078,1.5263678369743638,5.260535796543255,0.6199324991711793,0.2921414174987038,0.0,0.08421526130120197,0.0037108220289148266,286.52672905122836,288.03061573349163,289.7816808422816,290.5021241795941,292.5844975552458,1.3903462001589162,1.6065630184617172,1.579961567049978,1.47052021457598,1.5053905342842024,train,nonaromatic_multiplet_positive
13724,0.7051265304026422,2.172437637276578,0.744466640275899,1.5086678041345367,5.9947928793229295,0.3584117114701964,0.28332457937569816,0.28538535740800985,0.07287835174609553,0.0,287.0818786058244,288.4741096903567,289.7450157736914,291.2510889677422,293.59824725219545,0.9088561098128739,0.9492624372081917,0.955831362920378,1.0343265151751093,1.1843330856074834,train,nonaromatic_multiplet_positive
13725,0.30943992215475175,1.9308219961491542,0.24217030689391578,1.5200966355207037,4.532780580025432,0.7924718672726987,0.17592812370366395,0.026957834857022737,0.004642174166614544,0.0,286.64016691274225,288.15732003759956,289.34251530921,291.0715254753694,293.51462941172485,1.0871768702844788,0.978000282487606,0.9150661960721437,0.9367473770724078,1.2550345838883896,validation,nonaromatic_multiplet_positive
13726,0.8298411412696508,1.623033027733272,1.2,1.1805063356343466,2.098560556598129,0.13215969660261384,0.0988205588468086,0.308879570500421,0.4601401740501567,0.0,286.3817178262704,288.02054434229274,289.4955128878871,290.7293628147949,292.84891303070333,1.1899733898439238,1.1617793949745354,1.025620648905618,1.092862416013822,0.9441945296488448,train,nonaromatic_multiplet_positive
13727,0.27260705210485464,2.221931577074046,0.4033568000951849,1.543827608307497,6.031693918279271,0.6519520043251944,0.3217721247913743,0.00096706646305224,0.025308804420379156,0.0,287.1050458972637,288.3987907398841,289.8493492243549,291.56256558397774,293.66056375822455,1.5360737161429123,1.7239171059868765,1.578025676652165,1.354092572382459,1.6829278125520866,train,nonaromatic_multiplet_positive
13728,0.5558920839962592,2.1711421542857368,0.684028650909078,1.3919537162670423,6.295530420153923,0.3883570097891908,0.20942490647011475,0.3598324230424254,0.04238566069826893,0.0,287.09824090224333,288.40394395440154,290.001270222884,291.1056342601336,293.58269802037927,1.3353685691008343,1.2335362091717579,1.3058474120955657,1.2870595339485482,1.1365260843318272,train,nonaromatic_multiplet_positive
13729,0.11555082848536481,1.9946882430187571,0.24791293587788646,1.352767065524769,2.2684980916606206,0.7892211883396686,0.1692785090386539,0.03436617840412245,0.007134124217555045,0.0,286.9193633847999,288.35039123792046,289.620286156925,290.87299284972534,293.21371701464034,0.9746110810214591,0.9777878080099556,0.9259419916898598,1.0608750421512076,0.8753316779417006,train,nonaromatic_multiplet_positive
13730,0.3833463955999303,2.2424805746556764,0.867442853074459,1.5343056302108198,6.768857032524796,0.29291548784363014,0.460904020712983,0.098519936540477,0.13900944791049952,0.008651106992410366,286.9147218786856,288.4685888039854,290.18341451118107,291.2374079600557,293.24542842678943,1.4335085341705773,1.65156218921721,1.612161985742659,1.4640491832662734,1.5055156203869375,train,nonaromatic_multiplet_positive
13731,0.33565192696251356,2.1742931552936873,1.071869732345933,1.5120352503079157,3.2528076824822474,0.1075792770407413,0.46279618449389187,0.265565506964261,0.15675402044389006,0.007305011057215895,286.90230097550443,288.36906015888025,290.1922319337692,291.09289689153144,292.93913861388495,0.8776103271400068,0.8562059007840216,0.7904306504075093,0.9539351583230541,0.8686634849713692,train,nonaromatic_multiplet_positive
13732,0.44131722229438,2.426290683606177,0.7125913505192237,1.4083724587685522,2.558994966205089,0.345431933931541,0.07902635567266111,0.5475184259450335,0.028023284450764564,0.0,287.2552052391788,288.79250185956255,290.20367135384765,291.6529007696169,293.3543660638571,1.2821368755374165,1.1492787684598298,1.2873753833326882,1.1925262475416711,1.1810399877939,train,nonaromatic_multiplet_positive
13733,0.2799170739662909,1.5799559615554468,0.6268082209835026,1.5118764398572881,6.557594817465694,0.4431174176347426,0.42128896131551435,0.0956679824314976,0.03992563861824536,0.0,286.4811673669637,287.859586629972,289.39715670404746,290.46829749431913,293.43690549915215,1.168002239459672,1.1086696994949767,1.08322027838338,1.1133717943706969,0.9336771052768247,train,nonaromatic_multiplet_positive
13734,0.8178088704249354,2.131564451665104,0.6389253588360561,1.5585758396935883,4.175778423451442,0.5016064877802335,0.20109468499004624,0.18672844334287195,0.11055111525156894,1.9268635279387888e-05,287.0587269693116,288.27305775035916,289.9782234143528,291.1041524778411,293.8141378143722,1.1915114479703364,0.9685692315795366,1.0673763967064902,1.1724190785896549,1.0802852884777334,train,nonaromatic_multiplet_positive
13735,0.0936863900527016,2.0899700610159484,0.3734036484603477,1.4558330793460095,5.126897340143211,0.6579611353283964,0.22656100111572186,0.11411307976713805,0.0013647837887438715,0.0,286.7877482647913,288.2045055773715,289.77219659379625,291.49861927727557,293.39315164052806,0.9451756686275318,1.128112393158429,1.0625832370085875,1.0363755493590892,0.9066028247859996,validation,nonaromatic_multiplet_positive
13736,0.13544596501447473,2.2389220460601758,0.6043913227249426,1.7224598961217241,3.314181507389322,0.44392714602785177,0.46863285365282004,0.06912153156653371,0.0183184687527944,0.0,287.0063475830263,288.7419726915232,290.1312383727916,291.59714863436164,293.3467688847941,0.9913074677878417,1.119075898470164,1.0552194151882626,1.022894954288428,0.9557420736338189,train,nonaromatic_multiplet_positive
13737,0.5595177807267866,1.8837765460031823,1.0298426814037054,1.4757460855332138,5.0708955869670165,0.17058477531676025,0.149458011242998,0.5095297567197762,0.17042745672046558,0.0,286.561481640319,288.2324850427026,289.4259448527514,291.2064599700035,292.9460831627204,0.8709034088049001,1.0009352118786312,0.9721492817089555,0.9323737081424518,0.9745943114574158,train,nonaromatic_multiplet_positive
13738,0.3644411157018939,1.7711231486872787,0.7992280743437248,1.52091872960023,3.7682370651598243,0.4439086766485876,0.10719620866644532,0.23575836369265482,0.2131367509923123,0.0,286.4923986774907,288.00766655977895,289.428245867696,290.80839666775057,293.1422374874462,1.216998837828808,1.5989672278578397,1.3800925424747665,1.6480204829523752,1.6621955951181524,train,nonaromatic_multiplet_positive
13739,0.3045180862907394,2.4863603939406196,0.6937439000518374,1.3220813357184626,4.897613387188311,0.40499125059473823,0.5245584056405366,0.0017151931181494796,0.06873515064657566,0.0,287.2131478001501,288.68665726356755,290.3677157984267,291.1833482835514,293.507298703512,1.284408318523131,1.0558052184539108,0.9960208143910845,1.0911169487447843,0.9645974719006213,test,nonaromatic_multiplet_positive
13740,0.7824570864067766,2.1065878930715374,0.9036387022720136,1.3098789887705016,4.070804208828279,0.11345385070335182,0.610839075841465,0.26279962643054855,0.0,0.01290744702463461,286.8358697896349,288.34610267329975,289.72716835262327,291.27187256017965,293.28190525751944,0.9608726929261179,0.9200683665632716,0.8539445256531817,0.7638964943907195,0.9072877551369439,train,nonaromatic_multiplet_positive
13741,0.7991221802030353,2.1231694322131673,0.979380434674785,1.495964587472334,4.393519014203534,0.16942428148726657,0.6471981119204763,0.0645728904302055,0.11880471616205159,0.0,286.9541378250283,288.33133265123655,290.14373581978043,290.9685442298536,293.42203875307393,1.2904957961009471,1.2317005415719895,1.6573913327867034,1.4077333287393772,1.3949703233900628,validation,nonaromatic_multiplet_positive
13742,0.3016854970631453,1.6828246123998634,0.6334291264010034,1.710623896482407,3.5789271891751118,0.4707732428273552,0.45462995310325965,0.0,0.07439958664887188,0.00019721742051333216,286.42903305184353,287.86368456647693,289.70501952007197,290.4490152261768,292.59275509655237,1.2745562702946782,1.3433097925680335,1.3577779395213068,1.3231710524497642,0.9735634236357325,train,nonaromatic_multiplet_positive
13743,0.4568404306836621,1.7134361253376036,0.6315303781049784,1.211903572669666,4.909417572419038,0.49952592707443677,0.22125396415650023,0.17816380358964798,0.10105630517941507,0.0,286.48663666030643,287.83303893170097,289.6202905254201,290.49923039596206,292.65998096954763,0.9046901858326565,0.7850054099726721,0.9945350528354088,0.9835384176214023,0.8720421220519776,validation,nonaromatic_multiplet_positive
13744,0.9014141046911605,1.56210730668856,1.2,1.749382001218305,6.790110643143989,0.011998803438838303,0.24938364832970417,0.21974472146935903,0.5188728267620984,0.0,286.379069344443,287.7427355904149,289.42120333443205,290.76447320905373,292.82893062307284,1.2407026043184157,1.30814738341681,1.6213574663881227,1.4172312000022496,1.2623685913575509,train,nonaromatic_multiplet_positive
13745,0.14145492062320525,1.9157638567050546,0.4213153397893262,1.5258617445930245,3.4423474803850245,0.6780333636099736,0.18924039886352068,0.01359768013613358,0.09423863039483599,0.024889926995536427,286.70513848983603,288.34012519289047,289.5577243762613,290.6917581772476,293.3017025523312,1.3369312289636157,1.219908341203223,1.4269559032458008,1.2233627564299578,1.4433873134421058,train,nonaromatic_multiplet_positive
13746,0.7377062410574267,2.2164795203558505,0.9536704325909804,1.5755452816340105,2.8010232386075247,0.3539149348563776,0.2607487841091462,0.10775091358711805,0.27758536744735807,0.0,287.0590106611856,288.6123394982096,290.1354313520398,291.2119103127248,293.4096065127202,1.4042280542726195,1.318586488228667,1.5581169682724438,1.3847742854677831,1.2462943284901837,test,nonaromatic_multiplet_positive
13747,0.3934080331711367,2.191883928345756,0.8931399662773992,1.4040225767930103,3.687206879687349,0.49371253844752655,0.11338926244805658,0.036045694379491046,0.3568525047249258,0.0,286.9332626994035,288.4104240889752,289.9215184556182,291.07601577165286,293.56036654891665,1.6269135693121755,1.3983112716575288,1.6238828808386037,1.5174563699758852,1.5475666957460978,test,nonaromatic_multiplet_positive
13748,0.7284432818078965,1.6444040083114069,1.2,1.4401158485505785,4.238725227561048,0.04482974035401498,0.2172063369742266,0.13479348941384228,0.6031704332579162,0.0,286.27606959663615,288.07870169110305,289.35284475871475,290.9799764837631,293.01777525978036,1.0253922310154813,0.8487684433816554,1.2389277644954821,1.0516656425826811,1.1098736021777729,test,nonaromatic_multiplet_positive
13749,0.8127749253325627,2.167060088785593,0.8546472377416479,1.4865102257681138,4.6231611589154324,0.4019705700560197,0.1573044135914938,0.2140859982003887,0.22662841297488265,1.060517721514857e-05,287.0374411172179,288.4242648820007,289.8946699150138,291.2983732763174,293.57358838264685,1.2158399083347533,1.1501342227305187,1.4370691769550037,1.1170150423402259,1.1801626436142698,train,nonaromatic_multiplet_positive
13750,0.19046262799653718,2.1731081887065464,1.2,1.4456544188437073,6.116757563552876,0.13106433864642789,0.250256859291013,0.06821864961263296,0.5504601524499261,0.0,286.83963056109616,288.6073528453185,289.8811253168611,291.14883812860097,293.8917972564688,0.9952878934151339,0.8719258412928084,1.0188690192378007,0.8659005596614276,1.094811027827894,train,nonaromatic_multiplet_positive
13751,0.534865322492872,1.9637716131253073,1.0063247704777245,1.4440938185482355,3.581374655690765,0.2868445576257829,0.2790064749638429,0.1709796393068669,0.2631693281035073,0.0,286.7391843378176,287.9981831969248,289.6954018627404,291.04768743139795,293.3106807404589,1.3471409584665182,1.3852295302696251,1.3561368953029092,1.0932761760878074,1.4008623716538966,test,nonaromatic_multiplet_positive
13752,0.9199324381814933,2.0968284326287026,1.1899334900413425,1.1733229123768325,2.2027798489121095,0.07818834305666199,0.2593883204427605,0.42430150304095104,0.23812183327881553,1.8081067807481371e-10,286.94882872594576,288.15709043532917,290.0041351410014,291.27992339943006,293.24067407955596,0.7095298014729294,0.730462554782356,0.8251378643230346,0.8552001503157985,0.8928131236210576,train,nonaromatic_multiplet_positive
13753,0.16303563843204413,1.5466447391754574,0.6304544769166877,1.5336960339818584,4.369396320204311,0.6223447450056057,0.06208575733282964,0.06381465873998354,0.23727703042193724,0.014477808499643826,286.4025868599245,287.59794701268254,289.2029398626915,290.7979241723213,292.81680200253805,0.8984420962822482,0.9299552975634023,0.9943731090997822,1.0748967610103224,1.0206378613104488,train,nonaromatic_multiplet_positive
13754,0.6593402319079528,1.9876863259783648,1.1336983166724703,1.6165890626364532,4.381160202546198,0.16656710378660097,0.4247958626884195,0.1383716130659082,0.2702654204590713,0.0,286.7038848148288,287.8820561197081,289.81778777408664,291.21638577067347,293.3988563366937,1.6344448362773198,1.5506993290072528,1.7086876025522537,1.4614867798539966,1.367577349313137,train,nonaromatic_multiplet_positive
13755,0.1067647681153697,1.6911664490446725,0.27060233234503683,1.6063656985340127,3.3387710101993973,0.7631522251283688,0.20333816284746875,0.029755054550756607,0.0037545574734057616,0.0,286.56405926797527,287.9725973205417,289.66755440620574,291.01990102461735,293.0557753576719,1.1485053513074237,1.248741791281661,1.4031987048266714,1.1629738957725546,1.1385923935081865,validation,nonaromatic_multiplet_positive
13756,0.3747378827304841,1.7542915828230399,0.6605372714337963,1.6513598283206135,4.977530779441995,0.5103361898284455,0.018572427883138218,0.3302179210261745,0.14087346126224182,0.0,286.4599555479331,287.9792395502885,289.7986778195086,290.68441845036267,293.2600009915823,1.0406792678413712,1.225610297529984,1.1057762593463325,0.9992948522847638,1.0728227945641742,train,nonaromatic_multiplet_positive
13757,0.44480111871527983,2.155111106161433,0.45772328007900626,1.5433638041861268,4.1353222057633685,0.6626073815817894,0.0883216800667037,0.15874027669071078,0.0903306616607959,0.0,286.9344874069549,288.43899978225886,289.6981191921863,290.9052878958475,293.05465962403724,1.0101158051785788,0.8002304928604597,0.9882087727366952,0.8077667901308707,1.0777409517532752,train,nonaromatic_multiplet_positive
13758,0.6489754589009998,1.9970771566028285,0.9962776360503359,1.747549433036259,2.2468432018512385,0.15773680442401838,0.4055730163924016,0.3126757387092257,0.1240144404743543,0.0,286.80317848761763,287.88675330812316,289.6728175931923,290.8995278492378,292.8231001481082,1.0599477513703413,0.95607523377081,1.001616810698933,1.1402760335213944,1.0691358033844724,train,nonaromatic_multiplet_positive
13759,0.17325977672237033,2.408270635754268,0.35655930710406325,1.3912026568557063,5.872804725799977,0.6944425872155752,0.07211514094217111,0.20150420295863578,0.026469981601628164,0.005468087281989868,287.22655121341757,288.8289374893796,290.3259138231126,291.4598932487779,293.75201216263304,1.5197744680210434,1.5211891013578382,1.3322509445851336,1.223480981005826,1.4483014269291163,train,nonaromatic_multiplet_positive
13760,0.3193333721311322,1.8557069222690403,0.30529798133693614,1.5860494262642884,3.717979714185625,0.7224318134786768,0.12442036818595492,0.1469220221165577,0.0019777955172117466,0.004248000701598924,286.6369164124625,287.997157039239,289.86693343733384,290.85177290148266,293.16783130792675,1.704343079553925,1.4836134920102368,1.3002468540511256,1.4756376362109742,1.1938130600938188,validation,nonaromatic_multiplet_positive
13761,0.3408339216963644,2.3773560937306333,1.119099513347958,1.1535505580359682,6.76718367893244,0.18700044503714788,0.25205580137913974,0.2848437951986064,0.2760999583851059,0.0,287.20044404064106,288.8645906085143,290.01695492471504,291.6143680343115,294.06867853664926,1.303396134404492,1.5145523707680097,1.4542037620080426,1.1344049123579367,1.338513991038744,train,nonaromatic_multiplet_positive
13762,0.1611865315935655,1.8116359702932034,0.5509243923718469,1.1704551879208958,6.302448525355494,0.530542022817035,0.2967409578649808,0.12125060412910257,0.05146641518888173,0.0,286.5138118581702,288.3594717997756,289.79707461552096,291.10263590934164,292.5146260063312,1.0111298324695621,1.019971597765541,0.9673200003757895,0.9242218366612113,0.9381581828968472,train,nonaromatic_multiplet_positive
13763,0.53198880277781,2.0285205678157205,1.0264434814227579,1.191363831361312,2.7553842479408552,0.08962737218707768,0.6861930820999157,0.1381086921031712,0.08607085360983546,0.0,286.9818120960889,288.37363441294684,290.05371872903333,291.0696504396666,293.1049370462355,1.7034564707250022,1.550005033304612,1.6154359305976,1.3353062173525745,1.3929063185484927,train,nonaromatic_multiplet_positive
13764,0.45687594746865384,2.2054526936174352,0.5204279659417768,1.5320137067898885,3.3630567652824785,0.49965927312563374,0.3593038591581675,0.13112410678360928,0.0,0.009912760932589602,287.0406498277113,288.347401517499,289.5070138286732,291.38907389406745,293.2495948419882,1.120222090935827,1.2299975296837067,1.2029963292295995,1.1067355254527418,1.357159929101431,train,nonaromatic_multiplet_positive
13765,0.7723402450143669,1.5479376512900025,1.2,1.3993324445399702,3.540080891540355,0.0012103995225233924,0.27732319503454633,0.4050828242415557,0.31638358120137455,0.0,286.434278870147,287.952117727678,289.0935622171851,290.7846446364191,292.9270337033286,1.106824644730322,1.0281708679230135,1.2646689452620998,1.071227869277568,1.2172600191622762,train,nonaromatic_multiplet_positive
13766,0.7806077227032941,2.3950844806797438,0.9279423156821673,1.3001694648375777,5.280307866994972,0.21130997827130976,0.37071129533007957,0.30872643244513365,0.10925229395347708,0.0,287.07776010541164,288.5184942030798,290.15127582829575,291.4368706627081,293.7716808579343,1.1572372189214266,1.1360773616849906,1.4046089922897944,1.3037151553208757,1.3750725892783249,train,nonaromatic_multiplet_positive
13767,0.27669548438041613,2.4940513244420752,0.5003638236133848,1.7393741876017879,5.677914013841689,0.6435210074857168,0.16262134613007215,0.07997281528510927,0.1138848310991017,0.0,287.4546661017413,288.78616521572036,290.0519363476378,291.5101551773268,293.6318981900814,1.4337764270441364,1.3203152207178646,1.140259160348621,1.1229590508150884,1.1897171031209555,test,nonaromatic_multiplet_positive
13768,0.39204578539866053,1.9905312945380684,0.9023547100775355,1.4113944181459672,5.103732254283713,0.3298245682052238,0.33431280952535475,0.1336833439866617,0.20217927828275953,0.0,286.75907171714135,288.2262641853672,289.67960968867953,291.07584077572716,293.12819169546646,1.277298602095237,1.2313724442149971,1.2172199329274718,1.1869370741430516,1.2739060444748465,train,nonaromatic_multiplet_positive
13769,0.7367777203617378,2.348442371066877,0.9691235728958917,1.5486571851873738,6.599287488492266,0.1914876181145859,0.5732775190910704,0.10462367178386617,0.13061119101047752,0.0,287.0460290052061,288.53985655491226,290.1123216358403,291.34373696413314,293.204471673171,1.1514051589566274,1.4483862987961682,1.2345422702549682,1.2767984540413713,1.4175900529915761,train,nonaromatic_multiplet_positive
13770,0.6437931449003216,1.6603545172885728,1.0064596005051833,1.2695998793402636,3.432131872807364,0.14715338975957046,0.03880707262440284,0.6803745382184007,0.12863899483118985,0.005026004566436189,286.3339249488404,287.828911521818,289.58514199775396,290.84803453385246,293.108859712135,0.9086712355450258,0.8965335842240755,0.8919428566731151,1.0735485679606538,0.9806085470196326,train,nonaromatic_multiplet_positive
13771,0.3604104417014706,1.8549288735540546,0.5704563495275898,1.6648167036187056,6.179092803847798,0.5842278427486376,0.2233098898746197,0.06777807510051544,0.12468419227622736,0.0,286.75043318017293,288.07768876229926,289.8120643318248,291.01017447835125,293.125498848067,1.3426153792789421,1.2390078158746411,1.1951152991621212,1.3099198791168638,1.3352349451777288,train,nonaromatic_multiplet_positive
13772,0.787800775317759,1.6706157777649793,1.0472801083901906,1.3960440503649718,5.545761577497422,0.2271882411454769,0.181309002069145,0.3377208186603823,0.2491251438303317,0.004656794294664085,286.46618806161257,287.9190069034966,289.6306546917432,290.45190130111774,292.6944146754741,1.1353182662739993,1.3608546345687893,1.311014196677394,1.2909154117963872,1.1093093411706558,train,nonaromatic_multiplet_positive
13773,0.044553092257003366,2.3895191433594767,0.5032461491792348,1.2731294726495896,4.96622438920469,0.5364890781391227,0.4506876220340144,0.002327990155538195,0.010115268494841095,0.0003800411764836262,287.1142667932523,288.5526933310393,290.22764589019243,291.41102399611526,293.27685886285724,1.2258453874836717,1.1519022617917969,1.1472202149303545,1.3088097076568181,0.7509264210066182,test,nonaromatic_multiplet_positive
13774,0.350743496179816,1.5568566399761083,0.41213443911319037,1.2135921434356343,5.042245002667844,0.5934314606701232,0.27757635261505814,0.10455808649813222,0.0,0.024434100216686225,286.2594063459808,288.0503167413986,289.1529799570995,290.5796187544949,293.18366019684083,1.0810236464863563,1.148633206482353,1.3516372010815243,1.1332243339898092,1.3494886810147593,train,nonaromatic_multiplet_positive
13775,0.6603606467401447,2.16706118645543,1.2,1.6389522640884713,3.8930393743543075,0.029135590423073492,0.14444435230185365,0.3890030534138843,0.4374170038611885,0.0,287.0839065796303,288.3349915800708,289.8696904750355,290.9570888320636,293.36347985985924,1.248015761326133,0.999554225027551,1.4339953596351391,1.402439151382085,1.0760735158095394,train,nonaromatic_multiplet_positive
13776,0.4761407149600853,1.7729158340165414,1.0522731653816368,1.2674334445544178,3.405945565760718,0.19236380350853555,0.04162721149964629,0.5235001684190838,0.22857289273145348,0.013935923841280886,286.6887634877528,288.0093678887624,289.46533035805714,290.8113395124985,292.833711562152,0.9242550740194465,0.9367871661715782,1.169711012748211,1.2837183591914216,1.0162127958857634,validation,nonaromatic_multiplet_positive
13777,0.2550181820517595,2.1216762448601645,0.4498419608736619,1.2623686015475424,3.5144546027935384,0.5906098002283651,0.3295083459251268,0.06943009274448099,0.010451761102027066,0.0,286.997462656443,288.26902007964344,289.89335923640164,291.234942402988,293.03135620718524,1.192762567318376,1.3001843017450718,1.2810627125919454,1.3431846725797316,1.2415358443985827,train,nonaromatic_multiplet_positive
13778,0.3543547362525266,2.3583863589034313,0.635849832534115,1.4015465523941468,5.752473525001259,0.5883038619990595,0.08670374241092159,0.13083870105684436,0.19415369453317452,0.0,287.29979515245486,288.8514713676912,290.27590496694694,291.20524661642145,293.8043742230481,1.329452671677045,1.4922728947394681,1.3835138812354146,1.559676507510662,1.078191752600543,train,nonaromatic_multiplet_positive
13779,0.5756689647400489,1.7481544419397297,1.0687134968135636,1.3322515098863899,4.34822869453112,0.24525952875161514,0.39277627540258914,0.07799117028061699,0.2839730255651788,0.0,286.3969898012763,288.2012474468329,289.50928828641463,290.96776713044073,292.8584632970698,0.8244480889983467,0.9785941618664765,0.747886774626997,1.026336280214621,0.8570097106098504,train,nonaromatic_multiplet_positive
13780,0.7745652466214893,2.3575394476958538,1.2,1.703283386445873,3.577002920757356,0.05493747985994654,0.13836381710513093,0.5101357697993427,0.2837321897726216,0.012830743462958196,287.3471006534437,288.47341821812284,290.0465037224908,291.1933722071867,293.72147645426753,0.9394337334603751,1.167584328137221,1.3108679878061298,1.3928063982431946,1.2768093340909066,train,nonaromatic_multiplet_positive
13781,0.44224802532428303,2.4087543995232643,1.2,1.4140184724661973,5.87997335335357,0.10833126893393868,0.29274524162127685,0.23570454056284856,0.36321894888193595,0.0,287.1756422170193,288.4326626700392,290.44883641938367,291.28044997646197,293.95944752440744,1.3846517970196233,1.2406787617279642,1.6659752671280184,1.4062749479228638,1.3508949062065487,test,nonaromatic_multiplet_positive
13782,0.7005231792951924,2.0776196241121996,0.7062339061827232,1.7228806067724851,5.998485426579531,0.3360341036324292,0.23108089117286837,0.40217934867855476,0.021486833165650022,0.0092188233504979,286.90837801622354,288.08247021681746,290.1444480243113,291.13346269640425,293.4601828886713,1.6117311511372325,1.4785307019259208,1.2610622965098732,1.3694478317727907,1.2933140665909764,test,nonaromatic_multiplet_positive
13783,0.760477828429179,1.5026368255792284,0.9512387569117141,1.5594926910916096,5.520847956220109,0.1864170774659811,0.48329747679843177,0.22262961135789192,0.1076558343776952,0.0,286.380874293408,287.60131196333253,289.421993283241,290.7568252559191,293.11079475326403,1.4458035058255336,1.4451485484889288,1.3981351240066782,1.5115269261384683,1.2759197517656866,train,nonaromatic_multiplet_positive
13784,0.601201937548504,2.1043829576458,0.8295034856444365,1.4701555121243952,5.91131071829832,0.5112556011672592,0.05408061700685524,0.12390469501419002,0.3107590868116957,0.0,287.0549441253406,288.5655654761246,289.93294988005835,291.25644273800725,293.3410733240555,1.4019888670956098,1.3754626264176881,1.4991485335488066,1.1810456912312348,1.5252325685524677,validation,nonaromatic_multiplet_positive
13785,0.6311514734656426,2.4229082748118134,1.0110886550465308,1.2406515518765926,3.256981321929855,0.2960282976531761,0.32083919879825645,0.10601555084886058,0.2771169526997068,0.0,287.4380677662978,288.51422465851005,290.6373880150466,291.2322933418686,293.9626134176371,1.1822363208984057,1.2958747974261575,0.9908439733487084,1.265043729025069,1.3197273712832398,train,nonaromatic_multiplet_positive
13786,0.555801783042673,2.2155303044026673,0.9435148358878388,1.2568309772793342,5.083902996189632,0.23966036683548092,0.45785602681741594,0.1493048069054162,0.15317700108250337,1.798359183416303e-06,286.94031822129466,288.5022080035198,289.9485957379748,291.45907563442813,293.78423299403073,1.0320286924727113,1.252086497625007,1.1644964117561756,0.8897723355532104,1.110187534227353,train,nonaromatic_multiplet_positive
13787,0.5767314136229564,1.7109798386768449,1.2,1.4094058019445155,6.427556760052124,0.042306801512649934,0.2135973990094491,0.2292796302363074,0.5148161692415937,0.0,286.6554849475112,287.75956612448164,289.22080117538087,290.97429489067747,292.6217587545631,1.1352098177221197,1.3230347321714708,1.219059432809095,1.3148217179714112,1.268170488841331,train,nonaromatic_multiplet_positive
13788,0.9181267285870663,1.6422681209671501,1.0903666546837727,1.4307537603738187,6.936684710845432,0.11961033192070723,0.43503716450182933,0.2626017455281899,0.18136387232687678,0.0013868857223967932,286.49323294206357,287.92118584038315,289.4467629261328,290.75912890067707,292.9589323970596,1.518406751632876,1.3663670472092428,1.2517153391140217,1.4578415004021927,1.3637583055948679,train,nonaromatic_multiplet_positive
13789,0.7803950772074438,2.3027854991011742,1.2,1.6947439079993236,3.0954501572651165,0.030933066366036422,0.28496767182818356,0.34487105991734895,0.33922820188843095,0.0,287.000911203923,288.5477779447211,290.2360837323842,291.83925579146313,293.52829362828345,1.4572456875760822,1.8658742851059584,1.5092544413864415,1.36352213126334,1.2954000354037796,train,nonaromatic_multiplet_positive
13790,0.5848956493582848,1.6497911060985673,0.8508806741032189,1.561070430076683,4.45684108261081,0.222278061719484,0.08608331344115762,0.6484798890166552,0.043158735822703034,0.0,286.42629906836373,288.02374464059335,289.51025046900446,290.5342856765895,293.0076247790291,1.1292799734596004,1.0414973530915401,1.2087315516189534,1.1642824285617785,1.112281702072245,train,nonaromatic_multiplet_positive
13791,0.4858620135948978,2.225896139016696,0.346699516159014,1.3713848800182369,6.104863386836931,0.7790544544848527,0.02144920234531268,0.10374237252596809,0.09575397064386662,0.0,287.0505584553997,288.78468495462124,290.17867659197094,291.5324475142183,293.4352318390502,1.550426158636767,1.3138346811538453,1.4620405674374202,1.16304321982334,1.4740907594121282,train,nonaromatic_multiplet_positive
13792,0.6893351120065803,1.7918159147297765,1.2,1.3291451474231133,5.382223974423437,0.14976652029668974,0.13276572928533809,0.24920356793209505,0.4675938149970797,0.0006703674887973884,286.7548543186614,288.026020484743,289.36062324537323,290.57514358997645,292.92717648239164,1.5556088773726258,1.6000950908070468,1.5567686451497735,1.3354589548315805,1.5478447868866014,train,nonaromatic_multiplet_positive
13793,0.9288752868520076,2.047387262626453,1.0949935792943297,1.2986028336455753,3.8606318729699103,0.1331138804882073,0.33379827565851317,0.33495738916500783,0.19811895723540435,1.1497452867324673e-05,286.6996267713574,288.3522371538238,289.89598508278374,290.980165526861,293.2290565102536,1.2537179143312014,1.2387152775308463,0.9624897184284283,1.4451668260233503,1.325184282638354,test,nonaromatic_multiplet_positive
13794,0.27273046685705093,1.6133198990641615,0.7622693739092669,1.1661957267614582,6.315694481415644,0.32777584441545315,0.37795813481414725,0.2342208024456793,0.06004521832472013,0.0,286.4628630018454,287.57248017288,289.21735453866614,290.97165279192404,292.8043368366625,1.3883880713333747,1.5387745847254268,1.3107607867702826,1.4011706862830438,1.4373888238627306,train,nonaromatic_multiplet_positive
13795,0.5790028205992206,1.8100601117358055,0.8965954207775281,1.4620620899767576,4.540860028405112,0.12473400246918545,0.6650705950005675,0.2015248257769605,0.0,0.008670576753286611,286.6029063163488,288.2843264419862,289.64814864103016,290.9893313779881,293.2891121224558,1.217730683092382,1.2358131729188604,1.7101351276491972,1.1631787302560506,1.3092044175628705,train,nonaromatic_multiplet_positive
13796,0.6944474168812896,1.5824746053599341,1.1389125184070714,1.5984748096621075,6.024078002068086,0.13063942284954635,0.5113286284608066,0.11848000743302953,0.23955194125661766,0.0,286.4772042686011,288.12459035108185,289.52203606330295,290.8164775667864,293.0133270100166,1.1868097418890462,1.2625373426266202,1.2124364008566206,0.919883270825615,1.1610515055202884,train,nonaromatic_multiplet_positive
13797,0.20755086594824623,1.9673537294382677,0.45077165410064857,1.6516202352280758,6.773856061013062,0.5814035033987345,0.3834492527326377,0.03297208636924458,0.0021751574993831495,0.0,286.8815018149635,288.41917772643865,289.8691996807419,290.86315607147196,293.537204840938,0.9137153823116156,1.065967505711737,1.20910438606617,1.0011151454587317,1.2504306568467334,train,nonaromatic_multiplet_positive
13798,0.3402944262469655,2.4278122066265495,0.4184585630546894,1.4964021189328953,6.936938583188837,0.7348636630630005,0.11705814685889736,0.0247559639604122,0.12332222611768993,0.0,287.1377119680319,288.4051408308129,289.9580250689284,291.4604010308812,293.4825928917953,1.3043565281332818,1.3193841205299999,1.274644524543006,1.1596555407388593,1.573047788616168,train,nonaromatic_multiplet_positive
13799,0.2993179338859643,1.879259777269327,0.6351515995063443,1.3872010177276874,2.741319447829677,0.518146639897923,0.032105088771408094,0.32645003192640193,0.12329823940426714,0.0,286.6026545193974,288.1230113816007,289.84535538418214,291.02930651943893,293.13649359500397,0.9346449866414084,0.9871601246257435,0.870974479157291,0.9921508064061902,1.023369224202554,train,nonaromatic_multiplet_positive
13800,0.38454508404903576,2.11231058233183,1.1977632202335697,1.1151269630318195,2.8451879197271333,0.3583502905152211,0.0643335330650835,0.051202665670904396,0.526113510748791,0.0,286.9555586516995,288.3108438200065,289.84788506601615,291.0551615133369,293.38547540189666,0.9167326532771071,1.1517343460206924,1.175881900664782,1.0335373654980626,0.9683777273935873,train,nonaromatic_multiplet_positive
13801,0.6102327258077707,1.7285475665018333,1.0177899695757122,1.1042347234977796,2.7997912439863413,0.07129773943716095,0.5219843780325161,0.3476301735174495,0.05908770901287331,0.0,286.62376561835913,288.03347650508607,289.54754533004854,290.76876034760653,292.7724213880468,1.1883169189290363,1.2875057554509088,1.4073054588258953,1.2569143123821112,1.3664195104811936,train,nonaromatic_multiplet_positive
13802,0.5818962749030533,2.4684762484964238,0.8298656256741062,1.6608351985065917,6.710024785188708,0.26849731884597694,0.13748147351943504,0.5256582631145049,0.06836294452008305,0.0,287.32089130233857,288.7139163879186,290.4602837558223,291.3814045834941,293.66532128659014,1.3310515219939467,1.6909640970530655,1.8185428779382673,1.4952675746326411,1.52692551491182,train,nonaromatic_multiplet_positive
13803,0.8075508094698453,2.1633768742382067,1.2,1.2998316421165512,4.322750150494363,0.10948324471150005,0.20532581191255916,0.3025383458690915,0.38265259750684927,0.0,287.01774682692394,288.39561656485273,289.8815676131076,290.9874786813202,293.4434425600513,1.5113563693016956,1.36813888877627,1.494273434802577,1.2231946831368767,1.4638074064912638,test,nonaromatic_multiplet_positive
13804,0.4120703827888301,1.7623650627289384,0.9452763182650752,1.595118564952184,4.721221947804195,0.18222508923359884,0.7193266258200436,0.0009468774476833952,0.0975014074986741,0.0,286.5449179385704,288.2154919815532,289.5930209545678,291.0105768986599,292.6620555922757,1.3334894333676366,1.3307932765659407,1.359527150820039,1.1741016867221508,1.1950608855965266,train,nonaromatic_multiplet_positive
13805,0.4633191434337628,2.4355764186008018,0.6887630296517825,1.2935703770066511,5.132539117599225,0.5259218489306725,0.1352767527162065,0.1541165197706662,0.1846848785824549,0.0,287.1624685958076,288.5817387227831,290.3701856428557,291.4231618046963,293.5990054766914,1.497924195315801,1.2369777686367305,1.2817277852635764,1.5467766286530868,1.247066533191934,test,nonaromatic_multiplet_positive
13806,0.6357740273916631,1.9359638746658838,0.9772535190662905,1.3382150783496582,5.610092182150865,0.2106009353663206,0.10025431072531017,0.5312902994757582,0.15785445443261104,0.0,286.6035981676363,288.14496497096405,289.7759323120992,291.0273831532067,292.7493449588754,1.1136523289717866,0.8576075902314058,0.8612702466236413,1.0805487027633425,0.7379080715897939,train,nonaromatic_multiplet_positive
13807,0.33373214099383164,2.460330565581617,0.4241978478258812,1.6938489981319536,5.637546656719927,0.6673521239770683,0.21556158806878725,0.05553631615119495,0.061549971802949535,0.0,287.1695383638587,288.31669746679427,290.2067777705802,291.68819719749484,293.63529833320723,1.5947398756379645,1.2440711806746954,1.4271187308100661,1.3372267346025715,1.1345665884001679,test,nonaromatic_multiplet_positive
13808,0.9287521474325062,2.1886553071495314,1.1922702700089078,1.3578830729090783,6.8920781959723865,0.20231414104406886,0.14780038351318497,0.2853010643897692,0.36458441105297684,0.0,286.9149046086549,288.8978971849722,290.2025105751887,291.27389460184764,293.3416262800776,1.5135521711693394,1.2323671099984501,1.3876108636101792,1.4598743529535874,1.283752269830876,train,nonaromatic_multiplet_positive
13809,0.22977232568302075,2.0131190066051023,1.2,1.4989335194972273,6.915140470986147,0.06616834949311497,0.05343611625471911,0.09794499646314829,0.7824505377890176,0.0,287.00665860522827,287.9061835385154,290.1382865531766,291.27800182941405,293.51886089163827,1.2209841840566424,1.384651201701776,1.3650685742795055,1.3277024456171833,1.4530489008049223,train,nonaromatic_multiplet_positive
13810,0.4651123696496256,1.8954267541229837,0.6804735812166046,1.153290609113253,5.3373418056122,0.5787424828074981,0.18381950369641117,0.00822194947198832,0.22921606402410258,0.0,286.723180906475,288.3175864562629,289.47524994829286,290.59275711259306,292.83366048108945,1.3722862725290474,1.127015752859185,1.559334933924048,1.371637904954142,1.355722058477999,validation,nonaromatic_multiplet_positive
13811,0.610343351036955,2.25491885240116,0.8172882877956367,1.3032627720646435,2.041833217807628,0.40572160041311084,0.1074214827652093,0.29384702861293227,0.19300988820874757,0.0,286.9998785782286,288.68704245972185,289.7134065116507,291.46602858677466,293.5343495296256,1.5200463648266889,1.735423199440478,1.4619290468301622,1.8555083268607169,1.501906350180566,train,nonaromatic_multiplet_positive
13812,0.7917569315073777,1.9965620682160066,0.93386510830075,1.5022785152607416,3.8223510339309574,0.25664366676096245,0.4517713357371525,0.13107622244017283,0.16050877506171235,0.0,286.88355565082446,287.8374626948554,289.9397235660646,291.3497710638589,293.49867925077604,1.3955479903374,1.800542658662011,1.4725397571174537,1.633025630813689,1.4513421376916869,train,nonaromatic_multiplet_positive
13813,0.8747362678744104,1.536314395423331,0.9650970257993015,1.5735396583901138,3.882427748554493,0.06481625984046337,0.20714901970686891,0.7279480060924326,0.0,8.671436023487554e-05,286.126466768124,287.8394289087415,289.23867460920053,290.4618131233008,293.0199108741156,1.0773928311769398,1.077176432722867,1.023033615353523,1.0762274651071058,1.2037858927372571,train,nonaromatic_multiplet_positive
13814,0.75792827512798,2.2571639639899743,1.2,1.18763035974348,6.159078834137306,0.0600102551747433,0.2880557939157086,0.278226067629789,0.373707883279759,0.0,287.17436206846276,288.310936893147,289.86376692635696,291.5684669340814,293.3590805537559,0.9956538277796625,0.9870171656370149,0.9989079706749981,1.0858157790211547,0.8979962279780385,test,nonaromatic_multiplet_positive
13815,0.4667190275350249,2.4553694498448944,0.6680014382437591,1.281873197692893,6.19280090762372,0.6156842089638348,0.06821131703420402,0.06241882679436709,0.253685647207594,0.0,287.24696111285976,288.72746768575735,290.52698163116077,291.7212665200346,293.4130584311563,1.0014146036637432,1.3646584671820396,1.0496169418372103,1.2398403189317664,1.1883335836892077,test,nonaromatic_multiplet_positive
13816,0.8300181851744445,1.7287468479861916,1.1309240787044672,1.6858135242707073,4.441828929240398,0.06140229248716089,0.6286649650516571,0.14760637126955398,0.16232637119162807,0.0,286.4935088044604,287.74795556932673,289.31387046447395,290.89738199176355,293.17391317083695,1.585926528161103,1.5319049417428736,1.2889862307275737,1.1042778938666538,1.2040395307122493,train,nonaromatic_multiplet_positive
13817,0.2664886532220406,1.9655604899418977,0.9406827037699728,1.2442716607303965,4.221265604354471,0.37317889426496603,0.12106924820057423,0.2218902594995211,0.2838615980349387,0.0,286.73194949022184,288.27803866127795,289.6384246765857,291.03125493473436,293.4080114514771,1.002113207170345,1.2567121921863726,1.1456489689041707,0.8764004981370311,1.041188931806431,train,nonaromatic_multiplet_positive
13818,0.24373623609903255,1.6942130601808048,0.6373759408392017,1.4313964619170916,6.099319371174132,0.6487027222207956,0.00879307615679642,0.08642553856241068,0.25607866305999727,0.0,286.42991511832105,288.03898109563903,289.3559047911667,290.8012476207646,292.82875407436546,1.012854839528251,0.9811979921405772,1.1196162051414742,1.2763068448882282,1.1609976220783806,train,nonaromatic_multiplet_positive
13819,0.0722571217526033,1.6522687667112703,0.3701405830208498,1.2242615922291875,2.1422705755015796,0.8031793100516434,0.023682447449697185,0.029818349426165895,0.14331989307249335,0.0,286.57482064967246,288.21528828868617,289.3431719736248,290.5441251450613,292.59537637619184,0.9129674334692782,0.9834450270250938,0.8730919981210342,0.8773286998874522,1.0044364946020934,train,nonaromatic_multiplet_positive
13820,0.7259563419513431,2.2395500873114598,0.970526070239245,1.4462845679354168,3.9327134837019146,0.1356427680560471,0.4075136917390586,0.3806747019096024,0.07616883829529199,0.0,286.9007578468137,288.44468966200526,289.88757456970467,291.22821377867314,293.3387651134515,1.2973109289935798,1.1694053940184164,1.3746384702299212,1.236469839638335,0.9445863353702563,train,nonaromatic_multiplet_positive
13821,0.06100325089636691,2.044767685274236,0.18354709595407245,1.1634037707908396,3.4659009736588757,0.8470658334929527,0.021969238744256006,0.13035199831576613,0.0006129294470251643,0.0,286.67789949756707,288.4617976489604,289.6859816655638,291.2361471286207,293.1891971040405,0.9861702661003937,0.9779456998977853,1.0696420340856536,1.0205125335728855,1.1125407582497762,validation,nonaromatic_multiplet_positive
13822,0.180426868418776,2.1746563741470806,0.10592469388427692,1.212475711104513,2.9027354269943517,0.9502161366780304,0.00797755824967157,0.015665474509990677,0.026140830562307333,0.0,286.95747496327675,288.3100086224982,289.71289712641664,291.42068923087163,293.2643318753673,1.3546032708556646,1.0848777209483014,1.1163504265321025,1.1402660471578163,1.0919648541061362,validation,nonaromatic_multiplet_positive
13823,0.4410465056867466,1.703043427175023,0.9188988092260503,1.3595551870011677,4.018422651096282,0.31179651717810053,0.12410763043939264,0.36340052597835604,0.20069532640415083,0.0,286.4974306707018,287.7049368263133,289.51619829586673,291.1530707085219,293.04237806992774,1.050566793124024,1.12128068702468,1.0092375937031897,1.0341063923856249,1.1160285637544067,train,nonaromatic_multiplet_positive
13824,0.4337344669182716,2.3961569291008273,1.2,1.2052714054606484,3.4484552302756186,0.261312767721573,0.2817510051168104,0.0030352769608269856,0.45390095020078947,0.0,287.301552270872,288.7751244460583,290.16653715279756,291.40704155402506,293.8132052262321,1.526395016882414,1.2823689627131558,1.2995711101398395,1.005241914514354,1.2970674358142689,test,nonaromatic_multiplet_positive
13825,0.7231146294301966,1.8795411428987059,0.9252898224103506,1.5761564771306542,6.472593764687022,0.3600446430737417,0.34583940263279356,0.03878148880937251,0.2553344654840923,0.0,286.84213805493783,288.37759383287715,289.9567602729203,291.23131874410194,292.66993861911834,0.8085415482902117,1.2275417755073386,1.1629692987863254,1.2224073785451561,1.040388992431676,train,nonaromatic_multiplet_positive
13826,0.4940048473904618,1.9391871396860272,1.0241127963879828,1.2703278795998654,6.120062987848304,0.11403320767294665,0.7141332070184259,0.06368758124769809,0.10814600406092939,0.0,286.73523156776616,288.3690633275661,289.9422000600052,291.02153838329656,293.37995303399094,1.4228951918304262,1.4436469363311346,1.449683881394458,1.5631818392240453,1.8555240434286504,train,nonaromatic_multiplet_positive
13827,0.4525686812002516,2.438772626514327,0.6752186271174775,1.254051716289924,5.905109860130621,0.4974455134176395,0.21378568398366557,0.14610466206357794,0.142664140535117,0.0,287.2939180301823,288.5639887863623,290.39991782978035,291.4619492218579,293.2569324470823,1.0579302341115766,1.1611457493113644,1.0214373080661043,0.9675650020285673,1.067668797256685,train,nonaromatic_multiplet_positive
13828,0.19639527937938553,1.8007221287532875,0.6098663284333485,1.3510910115221564,6.799835315350299,0.5752508157986916,0.10890999698371322,0.10473494373095979,0.18311069385933776,0.02799354962729768,286.5943790106803,287.88058460169407,289.30960123180176,290.9153881802456,293.1431476249876,0.997589767582273,1.2994693694273818,1.362422341304382,0.9396564129020233,1.1278619828302303,validation,nonaromatic_multiplet_positive
13829,0.3210292482724437,1.86081274682341,0.6394900233126699,1.3242524767820032,6.323293803938628,0.5115376994314206,0.2110438051245599,0.15639077269992901,0.12102772274409049,0.0,286.56189508551955,288.25287464649045,289.39381214576656,291.2236854794814,292.9751839137886,1.1955641694524202,1.0888924812684309,1.0372801060039583,1.336521607960289,1.2752701326715072,train,nonaromatic_multiplet_positive
13830,0.7675430700497345,2.4882841603196746,1.080377135104512,1.3891633721855965,5.1145634718657735,0.13749392576180633,0.5960296030465017,0.07860541032537392,0.18787106086631813,0.0,287.2953805183512,289.0402380128718,290.18700596166275,291.77074354728495,294.1142612199683,0.8552364045895249,1.060881674080216,0.8697181793826185,1.116855067902649,1.0733754460430862,validation,nonaromatic_multiplet_positive
13831,0.22102517198800456,2.2483749701941997,0.7920713497807976,1.7019407084741085,5.568266611432454,0.573185068586399,0.06564901137773473,0.0014650993656126357,0.34747861951872516,0.012222201151528587,286.89873417702523,288.56320436584974,289.7522505838251,291.2405456912524,293.3439812627659,1.0512020858239493,0.9529185761212008,1.0904135762372005,0.9112781165157507,1.181011115005348,train,nonaromatic_multiplet_positive
13832,0.45429547767203926,1.8495203881995042,0.7619939090008438,1.1783700152560164,3.5112050048917034,0.49508275665388174,0.27012666645536176,0.00771391123603062,0.22707666565472576,0.0,286.5405930835468,288.24473202719247,289.75922944343944,290.65683741247545,293.31444163547604,1.1726894796585767,1.2449243328793869,1.4404654084927337,1.1600317052674545,1.2503848676879086,train,nonaromatic_multiplet_positive
13833,0.6497486427371262,1.7689019223230331,0.7470651876980634,1.3571259439147747,4.147056414188322,0.42946816179473535,0.3055520456629826,0.11844644304948333,0.14653334949279878,0.0,286.65545137716407,288.0579951761556,289.59144746973806,290.7873785339629,292.8951107160117,1.1142444714894177,1.0549456281666476,1.0754354692293833,1.0946292616300135,1.3127706976808382,train,nonaromatic_multiplet_positive
13834,0.6181860702540574,2.466845185747122,1.152552917043097,1.6893039202629105,6.250224511158528,0.31194431615052604,0.09314826452054131,0.14994106585810618,0.43973179333222484,0.005234560138601645,287.237815200764,289.04533827653944,289.95848165185083,291.2748170054158,293.4760149820669,1.44169742043087,1.418483972282178,1.7316081396479537,1.280207214400625,1.6751827418547742,train,nonaromatic_multiplet_positive
13835,0.3694846965651389,2.16631113235137,0.6761154768062831,1.2609519376655145,4.483321696411441,0.4092650679543976,0.48871816396844914,0.04663622331647222,0.05538054476068088,0.0,286.94741487699326,288.13665195899847,290.00722471371654,291.32123475292843,293.6851137687325,0.8663958136608889,0.9804376699048015,0.9923533145031856,0.9522330981816346,0.9245187744177015,train,nonaromatic_multiplet_positive
13836,0.7622288349529723,2.1440287477330853,1.2,1.4528352892488052,3.5201133949626584,0.15726226220742653,0.2807711437663404,0.13407328150851602,0.4278933125177171,0.0,286.8695902206087,288.2708234845276,289.9426203793442,291.32674381524134,292.9361454544358,0.9243363515182048,1.118988962277086,0.880043743069135,1.0470764182479322,0.9377496885016456,train,nonaromatic_multiplet_positive
13837,0.7912255041883259,2.030005490131311,1.1801014392268079,1.1760787413477112,4.40209380521917,0.03601341543741196,0.7377944455086617,0.03652974131315951,0.18788862620249333,0.0017737715382736578,286.8979105268169,287.943319616076,289.58383578222663,291.0593701720706,293.08433289450403,1.2955798748953067,1.2702954446054402,1.3671895062680783,1.0163523933150478,1.0743189790498278,train,nonaromatic_multiplet_positive
13838,0.33993917626390874,1.5261607172060607,0.40492385578180695,1.607444608494228,6.804340735211831,0.6253566745713166,0.3272161762612599,0.04714661881429994,0.00028053035312356123,0.0,286.26517870010326,287.9821940944211,289.27554238432197,290.9400314171732,292.79807680136645,1.4912029415063206,1.6993735501035616,1.3852541520957322,1.6146006460656996,1.609044391351315,train,nonaromatic_multiplet_positive
13839,0.4907171361137431,2.100710150186694,0.7061747110434383,1.5345183861996654,2.62649197921304,0.4839119659012642,0.2338724618909961,0.11194038868283372,0.16518093023480424,0.00509425329010164,287.0065324588655,288.49424685530045,290.0732735001599,291.3042330313555,293.3866201783343,1.316153946634146,1.1656084124570938,1.2214570289876334,1.4631985444505284,1.3976153228029233,test,nonaromatic_multiplet_positive
13840,0.23750864307763067,2.270520300720376,1.0608461636607207,1.2478807628975013,6.164612378009295,0.14404974994193703,0.5873072783938099,0.09374705806159542,0.17489591360265763,0.0,287.29995796033313,288.3588933142631,290.10933863777217,291.6651252827542,293.5082892867098,1.26748861593419,1.1330136165978795,1.0479445717941214,1.3537160479179604,1.0447502074776807,train,nonaromatic_multiplet_positive
13841,0.18045451891162256,2.468396995546822,0.8502468178783643,1.3537781884884403,3.4443921926992864,0.4360025783960404,0.17741960196304316,0.13032842336651193,0.25624939627440463,0.0,287.2345265761686,288.6443743388027,290.1256974877497,291.58079156500406,293.244826979103,1.0587646075466506,1.0147626598918238,1.3812854040996339,1.2259677849220156,1.0590341631134566,validation,nonaromatic_multiplet_positive
13842,0.5971566765459374,2.2917753710154596,1.0176987864710059,1.6495665902994303,3.286291328065474,0.27662207760540036,0.14733376069840914,0.3117223132044518,0.2643213562840724,4.922076663989397e-07,287.08226417464545,288.53655026777835,290.0234689785682,291.4963094614126,293.8560527721245,1.625286070617967,1.5921921204915028,1.490252365018454,1.6585677427050016,1.6672350494326766,train,nonaromatic_multiplet_positive
13843,0.4674581672778074,2.312476532728901,0.8184522586837532,1.7408669167479673,5.014224083234741,0.23812707469586783,0.4219892953010717,0.31330429662343934,0.0265793333796211,0.0,287.21065944128503,288.51294526966046,290.3386411182221,291.1297408893217,293.59791486998114,1.67334431407973,1.8797385402194662,1.7288364381387258,1.4098860205431052,1.4648831688125898,validation,nonaromatic_multiplet_positive
13844,0.5406013325772264,2.150584032173689,0.5576924443750119,1.2874569774904194,6.698620303613918,0.576650566620034,0.04410491413823722,0.27490150824668297,0.10434301099504585,0.0,286.89822354863895,288.27168370677026,290.0330778265922,291.08758197767924,293.0844656412022,1.0335796486105908,0.9177123579821028,1.2984282912442395,0.9046583268377459,0.8584778047177468,train,nonaromatic_multiplet_positive
13845,0.10716455197999983,1.684481841193051,0.10629057476882481,1.508043246306252,3.49294843378443,0.9244195048753855,0.015760035647164026,0.05911037983324024,0.0007100796442102735,0.0,286.47554401577287,287.98538727432737,289.2954534519807,290.94696030370045,292.77044878760785,0.954717096187191,1.0166492388967203,0.8959477147943451,0.9220207904731436,1.198905347431448,train,nonaromatic_multiplet_positive
13846,0.4726636369557029,2.1168145831389342,0.8686212014177543,1.6064236715187414,3.184416525061031,0.4009496991198235,0.29746489121066927,0.062014509131929484,0.23957090053757785,0.0,286.92584432398576,288.3730255455587,290.1172584950678,291.01168823019367,292.9622922622134,1.1175753313563663,1.5627168523064372,1.1858009608990512,1.5939108837199831,1.1314414658644862,validation,nonaromatic_multiplet_positive
13847,0.6266199111075132,2.077440128618073,1.1733766592179542,1.6271297061694368,2.6936301437326997,0.16839728988292754,0.29517413170955686,0.22465462930663402,0.31177394910088163,0.0,286.76828411928614,288.2973268602915,289.4645612704814,291.21644172068613,293.50527776139944,1.4127269271154363,1.5825360575295608,1.128018117420061,1.4273375879850392,1.3334550419203375,train,nonaromatic_multiplet_positive
13848,0.8993128102165292,1.5912861781287795,1.1749635982090059,1.7401373977400287,2.104719903866339,0.07702019698372799,0.1170199788188875,0.5839760290046505,0.22198379519273398,0.0,286.30498442511225,287.8644064427311,289.23491156520583,290.59295001892724,292.5329060965329,1.3359596953317614,1.2382833404672353,1.2322124163720716,1.381874192383538,1.3318228197925552,validation,nonaromatic_multiplet_positive
13849,0.7829481199597134,1.9770571804400001,1.0442026685701196,1.1094875376978492,3.2756363131322463,0.08515536539522146,0.5386020652020879,0.27590960678956294,0.09984549828923443,0.00048746432389310484,286.76245139038235,288.2645149577131,289.59296398845225,290.7766987101141,293.07024854464265,1.134432638643519,1.1346731740546732,1.1520011996455535,1.1712751472669274,1.1307823233290644,train,nonaromatic_multiplet_positive
13850,0.32558936782532555,1.5010893166451922,0.5199278287926206,1.352463643163921,2.4228585396988955,0.6526331447701118,0.0907933138849094,0.11401256778224661,0.1425609735627323,0.0,286.3721672465618,287.39380735142646,289.3795788761714,290.76648864645097,292.5288153602293,1.383120627381462,1.277542799413351,1.256894134144574,1.4279866498215112,1.2654946651224441,train,nonaromatic_multiplet_positive
13851,0.7648039022559127,2.165385563379349,1.2,1.1491143007281557,4.6960718764278475,0.10120818154940477,0.2601061297975693,0.18700833599648856,0.4516773526565373,0.0,287.07795936378034,288.4101104531229,289.7400638438624,290.89854486320394,293.4903886615864,1.5230726388929443,1.2226981791306555,1.6460295948262293,1.5397915267624331,1.3975805469747278,train,nonaromatic_multiplet_positive
13852,0.9355619064178256,2.2889087690239416,1.2,1.1998295977907043,2.7079026399817714,0.0165700148975449,0.4095866167605645,0.17653850822652092,0.3682071023730638,0.02909775774230597,287.1138198524223,288.5955937587923,289.60449430294864,291.3887007525693,293.29423910463476,1.2070197221552823,0.8379643105620579,1.216216259804335,1.0725681685701014,1.2175537479151113,train,nonaromatic_multiplet_positive
13853,0.14015625257288478,1.6362278838745414,0.06471827708773353,1.4441576258175104,6.646823445258995,0.9701751063464211,0.012035864590568175,0.012895645628856232,0.0048933834341545685,0.0,286.6882750932199,287.8385492422038,289.44444080045076,290.65268464507295,293.1318597377556,0.9912234645483576,1.1113282447997943,1.0315285015053617,1.0824868572498008,1.283512488799447,test,nonaromatic_multiplet_positive
13854,0.6501740829531281,2.337317738571564,1.1248969453137776,1.1681592376773609,3.134347716490864,0.10354726872497029,0.6079149272543932,0.08228224465179915,0.20234988670379267,0.003905672665044695,287.06295673846336,288.4761524979811,290.16500777611657,291.4065309693703,293.5316835873587,0.9159873771636834,1.0315634069519084,0.9052052950399355,1.2875418947308945,0.9713392477047714,test,nonaromatic_multiplet_positive
13855,0.6001560298398463,2.3273092627954397,0.817447306408894,1.6427298756690298,6.07531490364866,0.4633185770727964,0.16870406354114095,0.11721147590437223,0.2507658834816904,0.0,287.18242827915964,288.57489618196774,290.2160098582301,291.34422247908003,293.26643170594065,1.2919034324463925,1.3166214437741879,1.1528732378862896,1.4460554784261406,1.3451860661063963,validation,nonaromatic_multiplet_positive
13856,0.4222882541047296,2.3002454206453957,1.129087794449345,1.7206327821737055,5.024914609643721,0.32094689547154304,0.21096590075503863,0.04805251385253048,0.4200346899208879,0.0,287.17571040443727,288.7747798101126,289.8183846768809,291.1042551557613,293.7164191467184,1.2183840968369108,1.4009004685270177,1.632196719788947,1.3404647826783298,1.3423778349903461,test,nonaromatic_multiplet_positive
13857,0.1355167338203572,1.8202007625143586,0.19792294022750773,1.5028788267902813,3.367085521266139,0.8491560852002359,0.10212783290346406,0.03163705646855679,0.017079025427743443,0.0,286.54876252509075,288.15947936884396,289.7347729126464,290.71164598348605,293.1069397584137,1.2590299997846222,1.2292993433129698,1.0651841005766334,1.3463012737419855,1.215376061896538,train,nonaromatic_multiplet_positive
13858,0.3001434436386812,1.8612553359251538,0.8730757634278619,1.2477822687959685,3.432284716633559,0.305443725108929,0.4127853117469118,0.1332514746073681,0.14851948853679098,0.0,286.779881636269,288.1281112866393,289.4887996002984,290.96341977854144,293.1701070539575,1.2795301547537912,1.3866667181929175,1.0456559689375289,1.2330392176819325,1.3708260924465945,train,nonaromatic_multiplet_positive
13859,0.14299267467035803,1.7650779062763378,0.431944231465817,1.4495798020804218,2.157848475122959,0.7567832436479633,0.08359841660617354,0.0008908646320827226,0.15872747511378038,0.0,286.6352616668525,287.71382210153115,289.54634188174856,290.89729707116794,293.4740907338725,1.2207170043731508,1.0196988632877284,1.0165286313392532,1.0951907854146867,1.1790413199878678,test,nonaromatic_multiplet_positive
13860,0.7094624106935892,1.9272826388496855,0.7954334689564435,1.4584575800648267,3.4720662445664487,0.34629543741901014,0.3451229851250961,0.19685267108044033,0.11172890637545352,0.0,286.8837506519498,288.1749664612398,289.6053350877771,290.9351603876394,292.98748301351793,1.1338924521522573,1.2065767614638288,1.2498665651294534,1.0515729301355103,1.1306000682744657,train,nonaromatic_multiplet_positive
13861,0.5830497920434056,2.0909837676515926,0.8565196825848225,1.4910548194469178,5.092170391047823,0.21203749441566597,0.48551186150412046,0.21158292874560636,0.06471244616754783,0.026155269167059483,286.87646680153773,288.18963249879977,289.69514648768063,291.3428984884977,293.2773889447385,1.1493452124950803,1.0744936846270252,1.2442521808030518,1.3401794533929385,1.3575892520045723,train,nonaromatic_multiplet_positive
13862,0.32239191409629725,2.243066388482495,1.0580523542598936,1.531973447288514,6.927451204328329,0.3459292141996946,0.16776735662080078,0.1123218607199161,0.3739815684595884,0.0,287.0231079462371,288.33117710135764,289.9944676667948,291.1809586009345,293.8474281826557,1.3245392996470238,1.6548294722223122,1.6471528224435268,1.3908056941608786,1.4480857804036853,train,nonaromatic_multiplet_positive
13863,0.06800861661517979,1.5150105022145648,0.471651437155193,1.1628085892374616,2.733437420498797,0.635305348241105,0.11296571859860666,0.17477214776399047,0.07695678539629792,0.0,286.3591119143082,287.7398542237791,289.2813788824651,290.6428782964004,292.7746951311467,1.0123996876809231,0.852598421804945,0.980138267731063,0.9049142958471451,0.9507188533413187,train,nonaromatic_multiplet_positive
13864,0.4360067066808886,2.4197323286140042,0.7994017395079013,1.595246431124274,3.2353998752498545,0.3718112042042888,0.16548546418406374,0.32149038789945744,0.14121294371219006,0.0,287.29026760850354,288.70601489855045,290.3549466714199,291.34240658598577,293.55898990407366,1.2770611018477263,0.9781614039766813,1.2643333090751323,1.125914273948109,1.1531201665080841,train,nonaromatic_multiplet_positive
13865,0.7744892867884332,2.203392264033948,0.5744710232847263,1.6533778770788519,4.987748374819978,0.5180154577812498,0.24457171137087572,0.17492634978189814,0.06248648106597623,0.0,287.0656386306459,288.2941267773978,289.7503885057889,291.1853995904317,293.7969096266917,1.0400018141765182,1.085685050825223,1.1310047605759557,0.9252473452990654,0.9585623019122425,test,nonaromatic_multiplet_positive
13866,0.5482207775163292,1.6893432611515609,0.8707785253998037,1.3504838802409054,2.9314520201616867,0.18616957023716954,0.753210476577055,0.03367185754880251,0.02694809563697308,0.0,286.4541399050937,288.0495013350743,289.0770477723999,290.6982106574308,292.8380736615216,1.2648545374651297,1.0564523614699348,1.0212573307205624,1.1460686060500596,1.0998730688031708,train,nonaromatic_multiplet_positive
13867,0.04071933777859713,1.5501170902424923,0.03650180279272465,1.426535459985249,4.506063496802279,0.9939629873542067,0.0007141232026171375,0.004858099296244962,0.00046479014693127447,0.0,286.4611736336905,287.88112391101316,289.151828453408,290.5069340629506,292.88346132792356,1.6074204113242425,1.706039453495904,1.326204838397312,1.4224529832312738,1.5945351480201937,train,nonaromatic_multiplet_positive
13868,0.891388752882816,2.36784035955585,1.2,1.6495615272435955,3.2937927496603185,0.2056411446593955,0.15364378615889956,0.20760865674946152,0.43310641243224335,0.0,287.30030638584736,288.812678954652,290.1814885274204,291.5928158117476,293.718735866614,1.367216204883684,1.339918867709618,1.3524991310344603,1.289443815129572,1.4723312110251907,train,nonaromatic_multiplet_positive
13869,0.8631440416528342,1.8603807793468916,0.9414869294217939,1.1175751981448296,5.150498833662187,0.1295285443931803,0.19367252138994415,0.6357779577680007,0.04101822513192449,2.7513169503652704e-06,286.6856415411678,288.0083545946048,289.46109659182804,290.97882032478805,292.7091138014883,1.1584384428486347,1.0200583816970414,0.7652252092448992,1.1119697327760298,1.1044322813201517,train,nonaromatic_multiplet_positive
13870,0.7784438140410209,2.2379712175516002,1.0406903767637041,1.6747666816191504,4.461939143470907,0.022234137689328127,0.6152095034505752,0.32963184440706417,0.03292451445303234,0.0,287.06789285882206,288.21475032759605,290.20432628531927,291.4253170687383,293.11023488902293,0.8920670653890383,1.0689445766699095,0.9784445449385318,1.057709917618279,0.96881038782873,train,nonaromatic_multiplet_positive
13871,0.27900799859657033,2.1048789231034117,0.5117881640717532,1.562714146016645,6.341586852839889,0.5281718796856548,0.18882688976895487,0.2730411867879821,0.00996004375740813,0.0,286.82488444683486,288.71494032182835,289.83880205346924,291.00290698816775,293.3501572417397,1.1012953789441033,1.0331295301392716,0.7911761332470417,1.0724097162574795,1.0709032396829536,train,nonaromatic_multiplet_positive
13872,0.40967209484471945,1.9816267440234006,0.8938914627766593,1.2568646065577327,2.639351073427928,0.36945811831379194,0.3149665153923149,0.08222578520344198,0.2333495810904512,0.0,286.7078950441775,288.0339960944554,289.4303354565647,291.0862317474339,293.07913857239765,1.3084545822123401,1.594002093742369,1.7805585921397726,1.4281435540808791,1.3754594299400975,train,nonaromatic_multiplet_positive
13873,0.4014121130758466,2.2035208976284806,1.0213977975149997,1.3745001919210176,2.5093074722701543,0.22667023933207564,0.29088141662611344,0.2216154380430788,0.23945047142290377,0.021382434575828363,286.869566826205,288.50235165299114,289.8703225345177,291.33749416254096,293.29713371496547,1.1685579678421052,1.1046524456134592,1.2833094349310048,1.2674193883211524,1.0779193419421353,train,nonaromatic_multiplet_positive
13874,0.11090608751797398,1.760945986606571,0.18003289079513887,1.6977346475062114,5.157988867507848,0.8500474346268292,0.05559350507746657,0.0942787348737365,8.032542196789742e-05,0.0,286.57766559796517,287.9482597741037,289.2114669121823,291.01173523929276,292.6872030644428,1.1954038084413,1.1292627616529851,1.2282149534421656,1.35709407719502,1.1698230939888044,validation,nonaromatic_multiplet_positive
13875,0.5665116324800276,2.3969602432261414,0.9458677760971085,1.2768797958960172,5.700169917436315,0.31429432613109953,0.25990366718750413,0.19563990445318843,0.23016210222820793,0.0,287.265484288649,288.8845832292342,290.0225682616855,291.43143931640253,293.5860029008114,1.566469715214784,1.4183881350824126,1.565124313983966,1.2896228361525257,1.4186694443666703,test,nonaromatic_multiplet_positive
13876,0.2743806175890831,1.8022390899265521,0.5479834557771349,1.3170836478096126,2.224746268790486,0.5749733398604433,0.266549707569682,0.0655201569322964,0.09295679563757825,0.0,286.66881962644527,288.07252124928004,289.88061749873617,290.9507709472737,292.70446731066016,1.3941925032167954,1.2662232553151966,1.1762841173317387,1.0982999691143458,1.2392802170352144,train,nonaromatic_multiplet_positive
13877,0.6199284921302186,1.8215547930058826,0.9607813469670892,1.3331015816368939,5.994552423938462,0.24910459294248588,0.13978967816059942,0.43121978898733954,0.17988593990957516,0.0,286.5961750796962,288.0606253818594,289.6101241728588,290.79698142212936,292.5662925675085,1.3572260696451781,1.2784847184855557,1.5383369106759903,1.7265646351123072,1.4887765189139588,train,nonaromatic_multiplet_positive
13878,0.428207086671115,2.337285208707033,0.6489429382235454,1.527797216508112,2.9834331624047685,0.41677464751709165,0.47103942463101806,0.06793292748147885,0.039985293055524306,0.004267707314887105,287.21091629716943,288.6904414177932,290.0734984239837,291.3405739260083,293.19207842145846,1.01248226986669,0.9213389250741612,0.8841933779912268,0.9626306380216035,0.7231518430841087,train,nonaromatic_multiplet_positive
13879,0.4124781672105203,2.4290982438862425,0.10944577343192285,1.3683754021961745,3.165399045385327,0.9319343344304266,0.05110778800936426,0.005577769697859836,0.011380107862349382,0.0,287.3369434557671,288.6943980884454,290.0611524858485,291.6759129651344,293.63542081117754,1.3581054674074093,1.3518053831326606,1.4036854594558896,1.3645349522692376,1.3941175980760507,train,nonaromatic_multiplet_positive
13880,0.06520414762447263,1.8445743563891357,0.48209860342190974,1.6151130251445016,6.496453927270151,0.5819332677105319,0.26087375063551277,0.12316111052151352,0.03403187113244171,0.0,286.5239475116812,288.10674176179316,289.47166070568767,291.0336910360381,292.9880205781144,1.5856643824829744,1.644341613677924,1.6665702992065097,1.9228575063748246,1.4794730681596933,train,nonaromatic_multiplet_positive
13881,0.3965106300147836,2.0188609411925356,0.6072443770531395,1.6694099724649138,2.099819980866082,0.6530725522013241,0.04749917191811023,0.06911134662610162,0.23031692925446381,0.0,286.8845935020323,288.23931045515116,289.71381395649166,291.06139862501465,293.3402205201717,1.368456331292649,1.3882733845611566,1.1295964676168435,1.3166296104077864,1.156928376691855,train,nonaromatic_multiplet_positive
13882,0.9155913752498701,1.7276103475669027,1.2,1.4055373654761847,4.7931884852858655,0.003095535906385343,0.36209791837656424,0.3688313928763338,0.26597515284071666,0.0,286.5609460595185,288.01336558089343,289.36494724953326,290.4496223230851,292.6062718382565,1.5121324765437065,1.7838728164302329,1.9681403443291345,1.8981674937216717,1.5550308215065547,train,nonaromatic_multiplet_positive
13883,0.3885468769045419,2.123442905680191,0.753857394929154,1.2071589294683633,3.589818801338971,0.3834433933480868,0.17122091143798487,0.33803490693668753,0.1073007882772408,0.0,286.812584264162,288.38867880459657,289.37405883913993,291.3682637996155,293.0451614802268,1.0769828572426723,1.249093966429277,1.3770077082710797,1.3842330529280118,1.2653638368875317,train,nonaromatic_multiplet_positive
13884,0.9814385258829844,2.3455187155227915,1.0125229316330542,1.1360759148615622,2.8517604229482556,0.01689014922631998,0.5315820893877129,0.4509408422453412,0.0,0.0005869191406258122,287.04298525007897,288.8139030245391,290.05260348352033,292.02154125155533,293.8945942557768,1.6324918218669562,1.3026794089567268,1.5126728610239997,1.501345251645229,1.3462544402356282,train,nonaromatic_multiplet_positive
13885,0.4534200072775724,2.088352005983197,0.7362487308451519,1.7307881413612294,6.257040413204245,0.3716186826173483,0.4565247453744267,0.09398915854572502,0.07786741346250008,0.0,287.07201299912083,288.45775111651693,290.166114586844,291.23364848237287,293.64077594309435,1.419904566451925,1.5237002717898904,1.4446457256774934,1.4372722661926345,1.2756413440511352,validation,nonaromatic_multiplet_positive
13886,0.7541235481735885,2.0471106136369928,1.1955861827416896,1.2611292460371903,3.167692568624974,0.05841414711950521,0.6316163950950899,0.08596912792420996,0.22400032986119484,0.0,286.94521206734623,288.3037501335238,289.82957439704654,291.2264091975925,293.31172398384587,1.11705036257318,0.9511435304702391,1.0319030844990116,1.1817756927763237,1.017798052447732,train,nonaromatic_multiplet_positive
13887,0.32619459565261066,2.097828261580617,0.5019723675178822,1.218710128741092,5.791741002279229,0.6574140892669215,0.0029566313173096646,0.2102428226309651,0.12938645678480373,0.0,287.0287748000943,288.4122865834186,290.0228002084857,291.2530803748382,293.4492947518858,1.015939467061652,0.8862621683148421,0.8947675610956004,1.0679853822730938,0.9264590612735207,train,nonaromatic_multiplet_positive
13888,0.5113750456990314,1.5126863311919867,0.996424407779648,1.432267859856515,2.636978780825813,0.17842322001012959,0.5654449593992387,0.11128419280085398,0.1448476277897777,0.0,286.31920227967476,287.7772291801788,289.23504058818156,290.7571593124317,292.8816144268372,1.2994964455622013,1.3228612394471737,1.2516575867342998,1.5030728427771742,1.1583010859942495,validation,nonaromatic_multiplet_positive
13889,0.6557049009526007,2.0760385167454567,0.8096462882810423,1.4590572495634204,2.820012347140845,0.2824351804677604,0.5487126950608969,0.1067706557225401,0.06208146874880265,0.0,286.93404645500914,288.45199928258603,289.9096454573851,291.2406694720863,293.3173276877283,1.168640379655061,1.0312585469855846,1.0916126860690296,0.9868291386654193,1.149406098777245,test,nonaromatic_multiplet_positive
13890,0.6671371952128554,2.1843710373892837,1.2,1.623523739760913,2.1710644128733856,0.09776773651765322,0.32908098446520334,0.12718862437873607,0.44113083067094927,0.004831823967457859,287.1348171834307,288.3695320759695,290.09525566871594,290.98508501127327,293.20892295409914,1.1442910946826796,1.1225316423542462,1.2475224729120358,1.1214904577793032,1.1717751990867198,train,nonaromatic_multiplet_positive
13891,0.5622647921176557,1.6523427565327968,1.107231091381295,1.194524825440572,2.701644991874932,0.1536912673411334,0.143546202102703,0.4718401718337353,0.23092235872242842,0.0,286.3757050271518,287.7423860798128,289.18678273946125,290.61719756131805,293.1197469138506,1.242889084025413,1.2023018552427662,1.6770489931362456,1.492347207757069,1.4764500433023044,test,nonaromatic_multiplet_positive
13892,0.49581346422136,2.031754926589304,0.7588674973534277,1.5997496157637077,5.129450707409182,0.3111529525770073,0.44616061618626557,0.20266598130629238,0.040020449930434854,0.0,286.72746839414845,288.5267559276829,289.91544970701176,290.8652355602539,293.15608915694816,1.1275139985259284,1.1201555827622711,1.215363712262918,1.1327212562650997,1.2416088348863552,train,nonaromatic_multiplet_positive
13893,0.8774285999283219,1.8203995811152756,1.2,1.469874977470201,6.260066929622819,0.005388603277570004,0.4877019091062948,0.19939315904177488,0.3075163285743605,0.0,286.56491162409475,287.85008077829735,289.77114573208553,290.67897041989056,293.0921346145971,0.8663119966657444,0.9270269437062332,1.0359077957267808,1.036844853968597,1.0378842184767836,train,nonaromatic_multiplet_positive
13894,0.3617679526828453,2.1906383354469234,0.41336957503800564,1.373319039878195,6.504622284975298,0.7132527827534559,0.048921384412458864,0.14120347504262382,0.09662235779146147,0.0,286.9080690948508,288.3095789548546,290.09936511430254,291.23243854047627,293.3365019854595,0.7634297347917428,0.8742451583282976,0.8169666520848334,0.8509874373801948,0.9522513222547176,test,nonaromatic_multiplet_positive
13895,0.7100564661836695,1.770761688897747,0.9563109157169147,1.1290649474029422,5.786300798247683,0.09265528503534261,0.7233905734398209,0.16498794077257928,0.018966200752257262,0.0,286.30427969140914,287.90272144308193,289.4402308384055,291.07718640774283,292.6377981546278,0.9413653201460881,0.9455539951946583,0.900875487526266,0.9681735642583574,0.9983719636917239,train,nonaromatic_multiplet_positive
13896,0.7791851189095901,2.3507039147285123,0.8449247689159405,1.3048427683412835,2.153783058151153,0.19251015925215403,0.1903586895115968,0.6096962230681546,0.007434928168094522,0.0,287.1265158339832,288.6295738428799,290.00014390333325,291.5872794511136,293.5350932131658,1.238059615086122,1.5574701288004897,1.6065577411253702,1.4029212681339907,1.2127696563979535,validation,nonaromatic_multiplet_positive
13897,0.6371576864900349,2.1076515025641784,0.6342890473909502,1.6998440247260356,3.750329818042158,0.40693876966123366,0.2248907204603845,0.3569426928261982,0.011227817052183647,0.0,286.8154645459127,288.2939951169811,289.814106343204,291.3466243513692,293.7699865419686,1.082727634150424,0.864570374933109,0.7999717502011732,1.1691189244155846,1.2847342549433367,train,nonaromatic_multiplet_positive
13898,0.0380661569000307,1.8788882121036257,0.5799999170993102,1.1030735067833692,2.2059145125451556,0.45316772552211104,0.4356939576781617,0.10797067417830587,0.003167642621421332,0.0,286.837735955925,288.3170774149848,289.5813544918539,290.8600868909066,292.76722016893353,1.2286829454831927,1.0205524337955598,1.0837854459511707,1.0816751852996283,0.9470469872338844,validation,nonaromatic_multiplet_positive
13899,0.38089752126189025,2.0621948344617866,0.5105642873354583,1.598081419937739,6.798243370829128,0.5327421393162307,0.24252495734407714,0.21142647668800324,0.013306426651688989,0.0,286.9445459887665,288.00531522314634,289.6950474407339,290.9557707673821,293.136062787086,1.1750694517904965,1.6513110834352998,1.4733681948737711,1.667489715143663,1.527778368235661,train,nonaromatic_multiplet_positive
13900,0.8455126326311524,1.6014579288407575,1.0959604567946517,1.5220800797561296,4.121406494301339,0.14508650556013997,0.5055011931263417,0.12093330422157852,0.21976297972336567,0.008716017368574306,286.3001608776104,287.7879947893383,289.30166724806014,290.4264979784804,292.6341676741772,1.0790354546950418,0.9712762881312753,0.9064391041826729,0.981173507977301,1.0662066901100806,train,nonaromatic_multiplet_positive
13901,0.6300871797507304,1.6325013631202436,1.035825954490153,1.5638807566495065,3.817717436226451,0.06444536641356195,0.6458319010712547,0.21945141161146822,0.07027132090371506,0.0,286.4143579936117,287.54271048665686,289.4508671551764,290.717419865437,292.9887236634761,1.6689960603718204,1.3327139208071606,1.4789725117504324,1.6809499623332322,1.362888977863889,test,nonaromatic_multiplet_positive
13902,0.018677348712627998,1.887888922832877,0.2765931575844439,1.607676789752167,2.332172925614223,0.7546426218331789,0.23649740282197287,0.007624195927225105,0.0012357794176229581,0.0,286.80887260456916,288.07820679636603,289.54954997781886,290.92924316693706,292.6084165449676,0.9548527086528211,1.023244871199599,0.9753487559867406,1.0605070902658726,1.0069024187779114,test,nonaromatic_multiplet_positive
13903,0.5843264740357593,2.076679532337498,1.1682290684105494,1.215139163770205,5.001460063096648,0.25282965501650906,0.07179786781127485,0.2843137537451579,0.39105872342705833,0.0,286.8026655656475,288.41434407428727,289.69307274194057,290.9430330178131,293.49990195516256,1.307078333963326,1.6905623534389949,1.4959891524784694,1.3214644822307042,1.5196409294071809,train,nonaromatic_multiplet_positive
13904,0.16383817132468986,1.868076023853436,0.5463970380719367,1.4551407677458146,6.415837436904119,0.48558402866673883,0.17717245525570965,0.335262449338876,0.00198106673867556,0.0,286.7880386100615,288.1863763197446,289.7587861411788,290.90037831504003,293.1070472420226,1.1825679148169892,1.2252790358032921,1.0570899479370606,1.3586281500373072,1.259581889095766,train,nonaromatic_multiplet_positive
13905,0.5789165467065559,1.806061837326614,1.1109220775136275,1.2037949085941504,2.919458811878898,0.22511479444888738,0.161684769238447,0.3071635643501508,0.3060368719625148,0.0,286.58776117732674,287.8188318144257,289.81129438084736,291.092984067275,292.91577443466406,1.4829041218584678,1.3005868308835211,1.3670760880212955,1.3098482538340184,1.2410116679821648,train,nonaromatic_multiplet_positive
13906,0.7546444267713596,2.459232921750992,1.2,1.5873531642704797,4.320623653266521,0.10173579797516118,0.0881265505765903,0.39087836842976836,0.41925928301848014,0.0,287.1345986805845,288.71355040351824,290.23477121447354,291.6183748933446,293.7668487786173,0.8933183345806399,1.118804429700205,1.1095899079772464,0.9076899979882523,1.1401919347739111,train,nonaromatic_multiplet_positive
13907,0.27848246768550694,2.435525061723156,0.6592791558199712,1.1964287098629298,3.729453093946342,0.4196736213342267,0.4378098933942876,0.09356370811728762,0.04895277715419798,0.0,287.1072111572166,288.84247188920295,290.14328364390235,291.2514701096736,293.5074490519849,1.2433322538381533,1.4401605848161767,1.3976792302793348,1.4268477157804678,1.4220252856328603,train,nonaromatic_multiplet_positive
13908,0.3780442848442332,1.5226416700653007,0.4981304215889098,1.1335280852317002,4.912403228971293,0.5484341356927394,0.11404848993920481,0.3209528170864067,0.01656455728164912,0.0,286.4182519417152,287.8411668450261,289.01352951930653,290.73885266356405,292.5818403888825,1.061028620029697,0.9826825853727619,0.9883164675281682,1.072579576144083,1.014010157379712,test,nonaromatic_multiplet_positive
13909,0.3818550021403634,2.3574330754191766,0.23532894206382723,1.387375404159108,4.244275946118403,0.8005831079321376,0.10284051548492279,0.09066432658697493,0.00591204999596476,0.0,287.28008619073233,288.54237477421475,290.16971739021477,291.55066355395064,293.7660790618948,1.2912919927211919,1.389103727161241,1.3029835677770678,1.2861382030760926,1.0727299249643145,train,nonaromatic_multiplet_positive
13910,0.5370919862007721,1.5965718221520189,0.729992861323865,1.3929069306138189,3.1666721314489554,0.35855041857164943,0.40049579185348705,0.18241050967934908,0.05854327989551437,0.0,286.3583586943701,287.7710614456143,289.36166238552477,290.67225103236575,293.0923461946169,1.3182312500577587,1.6589355314733802,1.4296025764142548,1.7288879520092166,1.480269500312052,train,nonaromatic_multiplet_positive
13911,0.5757939430425442,1.9419930171200694,0.857250824929166,1.6515722024740538,2.435598213986278,0.20920342102344874,0.5088596600861139,0.24079740769488872,0.038796878574081685,0.0023426326214669724,286.8064650847852,288.38957692449924,289.7585354947603,290.91009427675084,293.16362945734454,1.4580430502396378,1.4891343068177256,1.7342045454953836,1.5241568524972824,1.5919990825150239,train,nonaromatic_multiplet_positive
13912,0.717316136921581,1.966013110895397,0.9841655988294071,1.4469037520918615,5.394854107071907,0.1681489308397688,0.5128461390628573,0.1966904004281982,0.12231452966917584,0.0,286.81448729150844,288.3033858433595,290.03945910473453,291.1726128110475,293.27520456781735,1.5733583801214972,1.7451362274005566,1.5679640589882398,1.4882956176964166,1.5276694708632768,train,nonaromatic_multiplet_positive
13913,0.06902836068080105,2.2107526874064627,0.2136872973070565,1.3508804422954972,4.089173691135532,0.875870076503731,0.061710212070667236,0.0028623376148145013,0.05955737381078738,0.0,286.9310658465919,288.45293925120177,289.981060743067,291.46812859371875,293.2788553755171,1.3539919679270298,1.0659321704837732,1.2702426639914368,1.179184359510026,1.1987085429426414,test,nonaromatic_multiplet_positive
13914,0.4560372396530823,1.7573153062431301,0.11387869568040052,1.5974925703266318,4.106359586569484,0.9292391487716869,0.0,0.053983491604356344,0.014947602038022088,0.0018297575859345784,286.60691375886756,288.0078751731907,289.1930179043247,290.5613968822765,293.19978819082627,1.5468938955283855,1.7390837559503272,1.2238935928991685,1.6462884037774161,1.4652371087622482,train,nonaromatic_multiplet_positive
13915,0.5121695037300508,2.4217819554198736,1.0033692022887277,1.642625550711982,5.185305174517497,0.15405858157639332,0.08282254244733425,0.6341536979732969,0.12819648093404828,0.0007686970689274728,287.28762019118665,288.7494125509963,290.44248433567464,291.54508288720035,293.57166363443264,1.2077608553372223,1.2978810807470043,1.4801716565291132,1.6059225316325043,1.1698169085375434,train,nonaromatic_multiplet_positive
13916,0.6321380797178733,2.3193242578845434,1.0873036547644792,1.7027311174291184,5.90179016960689,0.08986332924192311,0.4442224405186451,0.3187472462330295,0.1471669840064023,0.0,287.1806803110273,288.75339245584365,290.02436098489284,291.21786054900963,293.2852046422584,0.9459623252786137,1.0429031134146678,0.9512332312631145,0.9838898805260985,1.0177327326867847,train,nonaromatic_multiplet_positive
13917,0.5517480482896461,1.7132202084724977,0.8558517792774372,1.4766048534992104,5.740839163722681,0.3956079423464912,0.17969192195169384,0.2032404140778865,0.22145972162392843,0.0,286.6058647487575,287.8614383940971,289.4642966134023,290.6794553947628,292.82495506058046,1.5410316604950993,1.6952563098395697,1.675486595780957,1.6272641522255424,1.4708292012174746,train,nonaromatic_multiplet_positive
13918,0.20015299444761347,2.01225299872514,0.281050610934339,1.67327685515311,2.306077503285564,0.7518151732656747,0.05014708776260046,0.19517195477171093,0.0028657842000137873,0.0,286.87278302854105,288.39516388182994,290.0128778940539,290.96039986588346,293.3657314228435,1.890803132670624,1.2393421839726446,1.4334806123735928,1.6508677238010625,1.4501313618882308,train,nonaromatic_multiplet_positive
13919,0.5235256586557309,2.045555591295161,0.7165695769103222,1.391875819166592,2.4621781858070007,0.45669785253366313,0.1398443230562706,0.2601903949660807,0.1432674294439855,0.0,286.87410783482164,288.15679256176344,289.52164839034134,291.26923664906235,293.50101530480526,1.1799383738719955,0.9832875719489504,0.9317023144297776,1.100035518993174,1.0284818948430192,train,nonaromatic_multiplet_positive
13920,0.7839246224815074,2.4785048716294455,0.8357869231978612,1.7262589860501456,5.9896584856330914,0.4002334023808423,0.22508588358935666,0.16866038845109751,0.2060203255787035,0.0,287.1441572185024,288.60445316586515,289.98945668962205,291.5478541268387,293.58964115666265,1.229433364741601,1.41170828482627,1.3272619614140744,1.3639695097744364,1.3588374252768267,train,nonaromatic_multiplet_positive
13921,0.1889560396182708,1.9397091460213973,0.8143398823438401,1.1132583108410739,5.6035319425914825,0.33720736791605305,0.020881516034708496,0.5203638657893451,0.1215472502598933,0.0,286.7970770895375,288.3399687519385,289.4088278034118,291.06034848299987,293.2395507492877,0.9160229517817033,1.0258327129781495,1.0332179588775623,1.0635160279578848,0.9423450521856425,validation,nonaromatic_multiplet_positive
13922,0.2579825919734974,2.407308942615101,0.7537791464800605,1.40739116574893,4.294492573721639,0.32709130486496024,0.4525001917340403,0.1695380520559789,0.05087045134502061,0.0,287.29876521445846,288.5878348684758,289.9529765657032,291.38229877759943,293.65159629473106,0.9180531908721017,0.9608251082638878,0.8294988583944556,0.9540480708518442,1.0169070926015387,train,nonaromatic_multiplet_positive
13923,0.0830289986778279,2.4640441258727295,0.19634612262559342,1.2917082845757601,4.646500853788526,0.8345159054856112,0.12169822988359211,0.04292383651959235,0.0008620281112044716,0.0,287.41706155640827,288.65577662350546,290.2629406928111,291.4006998406414,293.7064489122285,1.0290791954600667,1.1374653043744332,1.0290511353956826,1.0639239947397683,1.1400597394857421,train,nonaromatic_multiplet_positive
13924,0.34490948623470175,1.6297982579835617,0.3862631224459479,1.5471391652597528,3.091783962130917,0.7256200566661013,0.1791201075663256,0.013376656655523685,0.08188317911204931,0.0,286.3976998296012,287.5708381298614,289.23554417199006,290.7112599559912,292.62753180168687,1.7535291351964821,1.4028820909825788,1.6330626411353755,1.3339915061852516,1.709040997988093,validation,nonaromatic_multiplet_positive
13925,0.502193770186169,1.6253194246439913,1.2,1.28674698112461,6.352226133551599,0.1319794425344595,0.34561991640943995,0.14510401913861312,0.37729662191748736,0.0,286.5196810840352,287.83305925442136,289.25103922498,291.08044118749734,292.54400658914716,1.2686265780888042,1.1090043858202903,1.1306334680869377,1.210475567995156,0.8536848936215186,train,nonaromatic_multiplet_positive
13926,0.256447460670297,1.6349794812308764,0.894020003404693,1.4493437475471709,5.441802006147816,0.1633664654844329,0.252922535565093,0.5563245300613482,0.027386468889125933,0.0,286.50842138592515,287.9452348167918,289.1227344972498,290.5473797052763,293.13477389626735,0.8770274362126564,0.915024127901988,1.0865944562994065,0.9798024674983822,0.9182994831113033,validation,nonaromatic_multiplet_positive
13927,0.7988698155743185,2.0245084849437713,1.1580693155649697,1.28567123920247,3.0207283327775105,0.14674659092975423,0.15135455069498752,0.369286394177456,0.3037141853462631,0.028898278851539286,286.84503952690153,288.19175145883077,289.6720947121377,291.11053152596554,293.3220237989388,1.7126749328355941,1.6052756630936698,1.6942145833146096,1.3941570709088673,1.3852289450676416,validation,nonaromatic_multiplet_positive
13928,0.5897055953162091,1.8346289083000373,0.6879609323036802,1.6592153354244474,3.6527380405900787,0.6486030731326968,0.0,0.034482012747842766,0.3117394597779187,0.0051754543415417015,286.66779142299856,288.13846770248017,289.6114618883829,291.11504391636026,292.9544830200403,1.4999320678731234,1.7027905692873615,1.3108490713020093,1.412345577440922,1.683012981889847,train,nonaromatic_multiplet_positive
13929,0.5915091642411896,2.0363501609125145,0.5653319225868644,1.4831226712622843,5.222312853649866,0.5527121592585164,0.261315914144569,0.09792784475153385,0.08804408184538078,0.0,286.62831995542166,287.9476178854203,290.0160746903355,290.9551161045961,293.05782992919046,1.2916679223479106,1.34310602213049,1.3742749627390207,1.4607416928136987,1.1498273353328665,train,nonaromatic_multiplet_positive
13930,0.4167824348003381,2.2155241875292364,1.163581964223602,1.2667603370068716,5.325186636949818,0.1331440830125289,0.24669820571930318,0.35343166403203674,0.26672604723613114,0.0,287.09604322242626,288.34594326154104,290.23309395592173,291.19563416564625,293.3855868217127,1.4872533011131746,1.3972820246016464,1.522543869729495,1.3724655898760647,1.2975454618953568,test,nonaromatic_multiplet_positive
13931,0.554293470593125,1.9965440746882712,1.2,1.5129503786960972,3.043400592797244,0.2521650656128727,0.08699560030715023,0.08568527712394836,0.5751540569560288,0.0,286.8638355219308,288.2418341541277,290.204737267985,291.3067737906268,293.1564884329688,1.155885450980634,1.1659570663046794,0.8357872656659545,1.078026550824844,0.9520848859677824,validation,nonaromatic_multiplet_positive
13932,0.3271005984012515,2.079508537947352,0.4325351689025423,1.6469986663879579,2.2174847750164783,0.7630821738558943,0.06740870620930746,0.0038917771763615277,0.16561734275843665,0.0,286.98225560987737,288.3413961513264,290.02115613418545,291.2160601462613,293.371944913017,1.255238732826341,1.2061638406594186,1.2628040366059379,1.2115617079928198,1.3128055681175572,validation,nonaromatic_multiplet_positive
13933,0.642450702324725,1.5172553620523321,1.161002930990538,1.353003503728163,3.0143601528394224,0.23202286117829843,0.3255750863211003,0.07937626033176463,0.36302579216883657,0.0,286.2425735208578,287.826566836277,289.31803312923665,290.63637289686244,293.337783205961,1.3169614130674134,1.3338220941713672,1.1679724702348286,1.174425130043634,1.3481696763797775,validation,nonaromatic_multiplet_positive
13934,0.6526580558483267,2.067614363744721,0.8620617845938943,1.722633016063173,5.838027028577248,0.1402293837132824,0.3247161063476151,0.5073456782462792,0.0,0.027708831692823482,286.85965274681695,288.3907071980443,290.0145903050539,291.065881146982,293.4676516644714,1.4386802984115474,1.3740414787958424,1.604398567481831,1.4638004866529484,1.277504972354956,train,nonaromatic_multiplet_positive
13935,0.37225213361206927,2.4477849577939894,0.3819592139857358,1.748410368872522,3.2641133020119977,0.6657150708888409,0.15113647560016785,0.16547416863641437,0.017674284874576795,0.0,287.15664018107856,288.60796640999234,290.02978887127733,291.59686265022253,293.6766809922506,1.1772564334911855,1.1195327818127538,1.187081338966105,1.2266728087005851,1.2787102052848236,train,nonaromatic_multiplet_positive
13936,0.3571674023544619,2.129466336611002,0.6053434691054552,1.1763869787384742,4.320124856554433,0.4964158255944149,0.24719107731439902,0.18463380239131613,0.07175929469987001,0.0,286.91268794876976,288.4057005203042,289.7700414445684,291.03094429102975,292.91861108757587,1.0922286693783003,1.3204032034319355,1.2779359204715148,1.161653992587579,1.0167569335599091,train,nonaromatic_multiplet_positive
13937,0.23884798624764647,1.8203051531921703,0.5993786464735253,1.53882875610254,3.1395111026660585,0.4316481433225676,0.5371632388975613,0.03016182798377799,0.001026789796093023,0.0,286.5825246698537,288.15012897403136,289.3886111117162,290.4807433868316,292.8470144462125,1.5325518333908301,1.5499430788922393,1.429332381569331,1.4916414503630246,1.5573992661922318,validation,nonaromatic_multiplet_positive
13938,0.2411346654864799,1.8491108307444843,0.5490691448014652,1.5472504995589753,5.1761199219387315,0.4964109643582156,0.4286270107910275,0.0,0.04522106700521881,0.029740957845538023,286.54443170570966,288.40966053561294,289.6059533093037,290.9608481372888,293.40869551765195,1.070088094731475,0.9845764392535611,1.0212618942045335,1.1305928948097919,0.8340814035113903,train,nonaromatic_multiplet_positive
13939,0.5222835724139427,1.89804868811509,0.8184745536393344,1.390361403300683,6.355762070251347,0.3527901825897599,0.303439350397883,0.2025057307832628,0.1412647362290943,0.0,286.8618698723444,288.42305285939705,289.7732705924449,291.16350141552215,293.0237986362477,0.8536050262439379,1.009546999241704,1.046120443143115,0.8805896662964345,1.0621082117611937,validation,nonaromatic_multiplet_positive
13940,0.287437799368588,2.376993691515564,0.46964519383225195,1.513102562701366,6.400565400840159,0.6145413968625678,0.27170918420910606,0.05956282823350661,0.05418659069481962,0.0,287.2615730138606,288.59713285317747,290.1662862267656,291.457908243824,293.86878922229374,1.1400807721325583,1.1897735951322324,1.253663034828381,1.0804510491714239,1.0835095315255463,validation,nonaromatic_multiplet_positive
13941,0.484996398381644,1.5880264517412996,1.0528764272497089,1.2917442004233064,3.7328166190256296,0.2713550289003277,0.4312843559717295,0.0,0.29579603563898976,0.001564579488953132,286.24948967715727,287.5368566253387,289.33561168078336,290.4805158235581,292.5122213293407,0.9826943598726947,0.9974370227440602,1.011092993465433,0.7708779268010405,0.989090481349422,train,nonaromatic_multiplet_positive
13942,0.27888033011261587,1.6744500163003515,0.842440227168937,1.3004994470692075,2.7055713350831234,0.520282441068836,0.0,0.12755345149681124,0.3424433878360629,0.009720719598289856,286.52167127102473,288.0443447528217,289.23982369680607,290.6547906723747,292.8978548441206,1.4027111991906316,1.1942701620293634,1.1499705814015657,1.395299882977246,1.2994020209558483,train,nonaromatic_multiplet_positive
13943,0.6650829117316639,1.9855981783150716,1.2,1.5721647853178216,4.718471630022005,0.01856259962064394,0.39171201750702217,0.29376210753705473,0.29596327533527916,0.0,286.92539325480504,288.434362258006,289.56804347755286,290.9784276282564,293.00932501523346,1.5004024892981063,1.3092584075119054,1.4050380713065853,1.403096614011594,1.8019848594084518,train,nonaromatic_multiplet_positive
13944,0.7523431383389111,2.149784396435602,0.7995131474409911,1.615608467355489,4.021282438185489,0.3341240946462974,0.2925212254089503,0.26971743785746394,0.10363724208728843,0.0,286.9361392696971,288.67384945247613,289.7843142456491,291.22058122194716,292.9641793868433,1.4494522927302917,1.2271270694179146,1.441572613996921,1.2728399272946063,1.050909137594634,train,nonaromatic_multiplet_positive
13945,0.7464614158947932,1.7079565106622963,0.7791173566314206,1.6378149083215776,6.145795270164086,0.35629076342054644,0.275256469466215,0.26304464706127134,0.10540812005196716,0.0,286.60752127450985,288.0102649007235,289.4239705162366,290.63661138471355,293.23497968147814,1.3821110539961932,1.4069009387912295,1.4568727495795064,1.3177800255685863,1.24359095367404,train,nonaromatic_multiplet_positive
13946,0.7151461428390121,2.023955028605748,0.8073877139406225,1.7291183688004979,6.728700444344484,0.2840170419676327,0.2504333763335193,0.40414482579059313,0.06140475590825498,0.0,286.93296187761024,288.2880393977548,289.63754741238546,291.0319852707819,293.1841947351276,1.6908725045147956,1.3529453227142703,1.4022161634276282,1.3502241450384096,1.4218437067202778,train,nonaromatic_multiplet_positive
13947,0.3643337133028858,2.2240904561724077,1.2,1.6394375884880148,4.661675363187363,0.12413355434436699,0.18789852463648177,0.016466138350450635,0.6715017826687005,0.0,287.15419135467863,288.5670929132516,290.3350328149046,291.2492518116369,293.63680842019994,0.7835081125522397,1.0202549330618742,0.8129344316247484,0.8282433506042787,1.0693475858265775,train,nonaromatic_multiplet_positive
13948,0.6908783522194893,1.8249929373729978,1.2,1.4377806572921457,2.141155237421167,0.18535005578747735,0.0,0.2406751143245536,0.5739720082987305,2.8215892384474476e-06,286.69208937672767,288.2977063005386,289.44471583233764,290.9225606165981,293.529338065044,0.956724587802344,1.0154089474292993,0.8786557755302924,0.9284957007870832,1.0359823072743284,train,nonaromatic_multiplet_positive
13949,0.5544053662324938,1.9983081520142774,0.7571858942101208,1.4372407076550753,4.741275068866165,0.2636300894880484,0.3554044486625499,0.371781445547571,0.0,0.009184016301830675,286.82011802764873,288.33322741691995,289.5578215804589,291.18642228052005,292.9060523820616,1.2409330332999018,1.6142014464936654,1.027375788795219,1.087238421711354,1.0946945647388446,train,nonaromatic_multiplet_positive
13950,0.8674980541523631,1.7171848476067284,0.7297832402387774,1.1073844008155043,3.301536392759412,0.30020120242802995,0.5829981218711621,0.11678511836761532,0.0,1.555733319276153e-05,286.50628089390113,288.08074636202707,289.50977398093596,290.83087119806726,292.68303987295593,1.3307611122474627,1.348507938827956,1.3275830465517364,1.1873567725640364,1.455575877462081,validation,nonaromatic_multiplet_positive
13951,0.2840971621876822,2.4499986038495956,0.537468245410695,1.379295781682768,6.373941843759565,0.66143530126759,0.14395133582245617,0.025709816231668788,0.16890354667828503,0.0,287.3278655065834,288.8423232986326,290.07705939730573,291.5195465060108,293.42958498741893,1.2068523644055342,1.0799730028124843,1.1503136990660803,1.1032024043690085,1.256580325524777,train,nonaromatic_multiplet_positive
13952,0.4870880572210417,2.1291916776270132,0.9418033703091407,1.1167445009566062,5.224400402548481,0.355720417575132,0.1748116543679596,0.2019441401726356,0.2675237878842728,0.0,286.9154441107346,288.41064348359026,289.7693475505227,291.2479823788193,293.3107215758946,0.9336395887704697,1.0305562200353153,1.104683412750065,0.9308255801796373,1.0154482916065877,validation,nonaromatic_multiplet_positive
13953,0.5707697456160559,2.034248842182119,0.9420340660439439,1.33329197948659,6.356916077659963,0.18039354819657097,0.6471351122486917,0.08004372531422266,0.09242761424051475,0.0,286.8264401911015,288.1475476192541,289.7417598703724,291.2639364268619,293.43035502120216,0.8557470235339989,0.7278366269249461,1.0354886153583847,0.9305044732686055,1.0883082742878059,validation,nonaromatic_multiplet_positive
13954,0.14405260298343653,1.5173737593411016,0.5144488052403509,1.4327285218612018,4.752266649908032,0.6466305529026133,0.002291445017186476,0.21999864393723598,0.13107935814296423,0.0,286.40775712037686,287.708090205953,289.23185393063557,290.5972957246042,292.809758562,1.5396970140741335,1.4390460571011714,1.330144262717091,1.5112755301337226,1.4075421142980171,train,nonaromatic_multiplet_positive
13955,0.29998062194096564,2.3413175071260004,0.27634954123667577,1.6090642290295154,3.4379757186066904,0.7448234001929032,0.03363891203818552,0.21271062919849024,0.0,0.008827058570421016,287.16233816637424,288.45894084482154,290.02373687228356,291.6501397436245,293.16545085211044,1.4822165799698328,1.665485178167583,1.3888657498436112,1.4843731870866732,1.4508130038962634,train,nonaromatic_multiplet_positive
13956,0.40869240953974356,2.2638144883147917,0.9234981928608613,1.478203096646543,4.441401630687681,0.1927634342310523,0.6924510589176138,0.0285238797594203,0.0862616270919136,0.0,287.0912022190156,288.5142112881571,289.8936542194567,291.3863555095031,293.3914458155808,1.4006914401671868,1.5783524410496022,1.471157872012474,1.6758906855174853,1.1883187180223442,train,nonaromatic_multiplet_positive
13957,0.4740799098107064,2.451423617809719,0.7542097984767689,1.129159434565168,2.5105803412604732,0.32650457764943086,0.3439614591691812,0.27881958705518817,0.05071437612619978,0.0,287.1538182000197,288.6414764755129,290.14651444429114,291.4708126369602,293.4603418053176,1.0738665415824467,1.1029145372377647,1.0046214835287106,1.1607989148372195,0.9837299785586726,train,nonaromatic_multiplet_positive
13958,0.5372149677363899,2.4918389750118384,0.5783863892014726,1.4052466460612176,3.1808966062002813,0.45157918009405495,0.41865576628666945,0.12973062291480306,0.0,3.4430704472807015e-05,287.36545142556764,289.11673104707165,290.2023067651327,291.32341005447887,293.57796856900546,1.5523102384490346,1.6915774760013138,1.5051357769031706,1.4860314555031657,1.5733865310447293,train,nonaromatic_multiplet_positive
13959,0.4222901690992615,1.794205208360025,0.8306889945082052,1.7398347624627954,6.410127455860863,0.3623989612690161,0.3434269837717944,0.13108609918196795,0.16308795577722143,0.0,286.5868215261983,288.00766476003315,289.53787299759836,290.868792185792,293.22819595905423,1.332941637328145,1.4286365975616435,1.2766772702916562,1.0770962416757,1.0701129401293679,train,nonaromatic_multiplet_positive
13960,0.8558290361133614,1.6845580016424795,1.2,1.6860445022695913,3.2096903706141813,0.07808352407827371,0.44816470684500254,0.19233952974583182,0.2814122393308919,0.0,286.55240760941876,288.01240506118404,289.5233535649852,290.6320838958328,292.8679984857333,1.2091922480585036,1.2510261068855693,1.476231397654456,1.4347842193452474,1.4121699794527185,train,nonaromatic_multiplet_positive
13961,0.17974925238098363,1.9530810350807881,0.4553325340100958,1.6018838660173664,2.7880276466558844,0.5953481592872529,0.30594040793332955,0.07803073948206891,0.020680693297348667,0.0,286.8655020693424,288.08927644706716,289.7823871358704,291.0542662923364,293.0793016638057,1.5316583154998475,1.4186024777617108,1.4897587820790548,1.2598831182972927,1.3658480831995699,train,nonaromatic_multiplet_positive
13962,0.43505277393389674,2.488208755470916,0.7671708741001046,1.5945386452690744,6.515896690495294,0.3508901605184807,0.4712288774858103,0.08981992737712355,0.08806103461858536,0.0,287.23432719085724,288.5880427480477,289.9536334679579,291.5622159135171,293.7020363054858,1.0501533579444995,1.123874690867679,0.9830134191345945,1.3323883841538577,1.2031423300616158,train,nonaromatic_multiplet_positive
13963,0.18599001819613958,1.5817312040437121,0.5587533712339477,1.3857819483722693,4.924861014831141,0.47558636675642396,0.2770552972007973,0.24301859805240725,0.004339737990371604,0.0,286.3149381193866,287.7915008618787,289.51625488211806,290.60360430043954,292.12232448533155,1.579342170123671,1.4268112857994857,1.5138265631311856,1.2110673737323259,1.401818183181618,train,nonaromatic_multiplet_positive
13964,0.7005182364110998,1.5745800200334772,0.82824124892832,1.7141165055534526,6.3159532773534135,0.3453160678187129,0.20308752688103995,0.2822124569205002,0.15647063256338992,0.012913315816357154,286.3867747664588,287.7800611476294,289.47267166929987,290.48215233218076,292.7073573936809,0.8425628015458384,1.0584665798568798,1.1379443122670605,1.1167264474256944,1.134378989437854,validation,nonaromatic_multiplet_positive
13965,0.49625089430197267,1.566705951266135,0.5934429952671411,1.1609923452030815,3.526661528656067,0.6289227052419436,0.12102210468715975,0.05768948956181233,0.19236570050908447,0.0,286.53336985947567,287.678090560993,289.4519550049033,290.36390347678497,293.09071361378085,1.1086244207170708,1.2237504892171613,1.319080002727205,0.8159171565571551,1.3178894291908951,train,nonaromatic_multiplet_positive
13966,0.5757973568913551,2.3273685728635414,1.2,1.5102506757701526,2.522684884014744,0.09120422093379442,0.6008089782433703,0.0,0.28950685015493854,0.01847995066789687,287.0348261026114,288.3231236146109,290.1082658809464,291.21983815203896,293.4235514887875,1.0421016114223387,1.142201130813075,1.1483855368712677,1.1608370763018063,1.1047262723039508,train,nonaromatic_multiplet_positive
13967,0.41045953932778245,2.3133520671538252,0.8143793152057628,1.1489961272324338,4.612839047054213,0.5734685715929069,0.05368536653659812,0.01499817507182553,0.3578478867986696,0.0,287.1304696592767,288.56724264925845,290.1387973280989,291.4896832545497,293.4377186178717,1.3153333177932294,1.4702263406108584,1.4775317940405417,1.581981843885886,1.5293658013940357,train,nonaromatic_multiplet_positive
13968,0.3118416378068634,2.3380980272668688,0.43249277939008335,1.1595901426971376,3.12773615131857,0.6621304756801349,0.18034660379826534,0.09289966545138134,0.06462325507021834,0.0,287.12919411014536,288.80278376680036,290.1469686027917,291.6065525659508,293.053602833307,1.2675099109456875,0.9864135281459284,0.9457148610993982,0.9583078933957699,1.0863802207214928,train,nonaromatic_multiplet_positive
13969,0.4310039356617412,1.9926237138377458,0.5129423976015544,1.3725245675482356,2.7448084062594056,0.6168757569108654,0.12278481986537688,0.16052126871133826,0.0998181545124196,0.0,286.6615309280999,288.15287843227696,289.64604878010385,291.15662017171985,293.4369059747597,0.88553938810188,1.1800427099807806,0.7426056163585378,0.8445598455377131,1.0506495670653224,validation,nonaromatic_multiplet_positive
13970,0.7753662133363324,2.2550409026480778,1.2,1.1980787200875314,6.081092056964072,0.006881860663472299,0.4814519205493193,0.30872203072527454,0.20294418806193396,0.0,287.1248537177252,288.47482338066266,290.144071838311,291.1827995527201,292.9359489559983,1.0845099189877452,1.1713551881778907,1.0566725725168058,0.9216989376759591,1.0588951762835337,train,nonaromatic_multiplet_positive
13971,0.22483323185538936,2.279977740786832,0.5680504344644902,1.13655368835048,3.99181797069122,0.4900005164720555,0.4324779482582983,0.03431361158337651,0.035629437311407705,0.007578486374862176,287.1977974869301,288.4923297018996,290.1262937163143,291.07689615381867,293.2502695577509,1.486287002269294,1.5221391663685868,1.3773664804690022,0.9819992590033503,1.2779020643691363,train,nonaromatic_multiplet_positive
13972,0.5916368580929546,2.122594955960685,1.1172416327878891,1.5247503101104034,5.685328242746196,0.31546972578661076,0.1107724867134451,0.16423668878674347,0.4061162286438502,0.0034048700693505673,286.99681870545044,288.30365879256107,289.8668492997065,291.3174081199667,292.9590463354239,1.0139488688668805,1.2411435697251794,1.3856785354487242,1.1158007455178847,1.1066034441565222,train,nonaromatic_multiplet_positive
13973,0.22820142660740136,2.4864468868764753,0.6723995709732218,1.7190266539965129,5.036963128579332,0.35760816690960473,0.3980911026828424,0.24429299252472658,7.737882826381088e-06,0.0,287.29842864641876,288.7191715479684,290.377649089969,291.31583878440364,293.5490132935237,1.4571176355495783,1.6394075091371076,1.123132618389665,1.7660505531749362,1.4614813533154092,train,nonaromatic_multiplet_positive
13974,0.8328894009000651,1.592091024307969,1.2,1.5757922540293368,5.130924174407636,0.13456798233115835,0.13279564163340588,0.27997724965163495,0.45265912638380085,0.0,286.3326990431091,288.14817537992076,289.3519207642608,290.7181023165337,292.3456578951539,1.2256772744569806,1.2406972289985025,1.3228349821317376,1.3179599234137733,1.3684145634673193,train,nonaromatic_multiplet_positive
13975,0.9314706422711241,2.376667616726995,1.197761890571651,1.2710658100223606,2.279013448278795,0.1161957392870947,0.25176649607147145,0.34808013478268796,0.28395762985874584,0.0,287.0624942776666,289.0483214475261,290.050853996046,291.38446787517535,293.8115111510924,1.378894830342655,1.570616444996996,1.2655440706441603,1.4966011969858606,1.2730621812914151,test,nonaromatic_multiplet_positive
13976,0.6012980736587633,2.34001762508759,0.8488068804224456,1.1084116427882231,4.603998107172201,0.4140287244086516,0.0,0.35307309972739076,0.23286689034752742,3.128551643013521e-05,287.1949694345349,288.476405228702,289.8679289709146,291.78628936321445,293.60779641617114,1.6051913265846538,1.2548356909052656,1.4462238813459967,1.53278475937753,1.519749840316754,train,nonaromatic_multiplet_positive
13977,0.5343292789256071,2.2427515707661985,0.8146868526944968,1.720587228349964,4.513097035332599,0.3097900894563733,0.25609393175900536,0.33963903663375145,0.09447694215087002,0.0,287.13487175458147,288.5267291814003,290.01052662875253,291.51257420416965,293.5728098604268,1.4192481214269619,1.2413856745674776,1.585793202428846,1.3881735364493994,1.619940824750919,train,nonaromatic_multiplet_positive
13978,0.41271625667389433,1.709601075302162,0.8825226567954441,1.3130525419400165,4.217383902504946,0.16920593792617342,0.4472334533979843,0.3618320139542249,0.021728594721617468,0.0,286.6186064025363,288.18477563469344,289.21168757568717,290.83954381907256,293.20959068190734,1.4836077791392195,1.472904771896475,1.4782735831261449,1.5282512387525249,1.330052767092018,train,nonaromatic_multiplet_positive
13979,0.6121226016786881,1.6273257689903131,0.8341827622123944,1.1404439727422615,3.408212675188922,0.2162901508750723,0.5563862860231242,0.2068506500143365,0.02047291308746683,0.0,286.47841539709043,288.07965423391516,289.4284867433661,290.638738328417,292.30638551617807,1.2501041105664075,1.0338781951051206,1.4274693689764903,1.3297667220137315,1.4600239307143918,train,nonaromatic_multiplet_positive
13980,0.4661059918286815,2.0107920834653994,0.6275096549584851,1.296934058446222,5.381953693207508,0.5738256898546682,0.12613545118039618,0.12870351415178236,0.1713353448131533,0.0,286.96947962875413,288.04463966884947,289.4488201784423,291.07489444029187,292.7832301872681,1.1075212049952634,1.3834353704719766,1.3489204879469991,1.1372482713559446,1.3868325445086835,test,nonaromatic_multiplet_positive
13981,0.8673163672729919,1.8960821569742077,1.1889951807768133,1.2134100915350419,6.018262485168444,0.013378191382096066,0.510861993532673,0.29041450056033774,0.17885934334190118,0.006485971182991796,286.72117129150877,288.04122428677834,289.8681779481241,290.7224278769693,293.0401941527895,1.5513763240704899,1.5284674521745538,1.4907872888245508,1.6391385359990847,1.4415316540900438,test,nonaromatic_multiplet_positive
13982,0.4236558725985461,2.1318466993219545,0.5676790343600684,1.29186478070386,4.413188702922457,0.479087036200065,0.18546168091185503,0.31868521232794705,0.016766070560133114,0.0,287.0089764396108,288.15493133453646,289.84496311188985,291.26004043783894,293.103824222429,1.4712089987143973,1.2200272013387639,1.4320444803661059,1.4166083265927303,1.3546505388267331,test,nonaromatic_multiplet_positive
13983,0.6964537721575317,1.966343948822216,1.2,1.6903693962556687,2.4413206670236267,0.12009468857875415,0.16060019279070029,0.23246630476816632,0.4680930455145724,0.018745768347806845,286.74460429077635,288.0210809337863,289.59280458646674,290.7553106721407,292.64449028879824,1.23263162951509,1.075197011516123,1.7146802938699668,1.1481872667701307,1.381321516879364,test,nonaromatic_multiplet_positive
13984,0.480532667018743,1.7511565246908543,1.2,1.17787481649982,5.2369730444558105,0.07593503632649605,0.45075239284365953,0.06349580760789056,0.409816763221954,0.0,286.70906038332095,287.978849202244,289.67092491226873,291.02644289117654,293.04429098910185,1.0828792406353924,1.0924949478421475,1.21359022721699,1.2160314896861981,1.0652393272143184,test,nonaromatic_multiplet_positive
13985,0.7212023716998012,2.0146086317578504,1.2,1.189817009327578,2.412797775174748,0.16708206872447792,0.3724887550610783,0.08579518951563285,0.36506067492513483,0.009573311773676275,286.7897122882978,288.1521392586697,289.8773347071887,291.02170774099676,293.0334260135877,1.093002877568374,1.139528984327702,1.1736495382870578,1.1732117442885952,1.306230485699833,validation,nonaromatic_multiplet_positive
13986,0.6303682512102091,1.8104775974362686,0.8185792156087857,1.4787849872569008,2.3111764743500385,0.377580528665875,0.30496212422011676,0.15129760283934715,0.16615974427466093,0.0,286.6863132748668,287.97207089790425,289.7152431254305,290.7404995345461,292.5258097391211,1.549341246902107,1.3308501674985702,1.6163311694982114,1.54998220316513,1.3817923413214606,train,nonaromatic_multiplet_positive
13987,0.3561940845096218,2.4594722882089437,0.7321253261107181,1.4142569152352338,4.515481125289037,0.3687838719333097,0.11545443288562018,0.44485249713704217,0.0709091980440279,0.0,287.2222207859302,288.5389462283427,290.44454898977875,291.26644726558476,293.59825513088924,1.096104298364821,1.2751275077084983,0.8933083312714462,0.7,1.0097429503357505,train,nonaromatic_multiplet_positive
13988,0.5657200426941819,2.3470087726094255,1.0738895030340319,1.480418308251589,3.540502718933148,0.13847353635889406,0.5522162911093008,0.12694713313887923,0.18236303939292584,0.0,287.2705777123714,288.50012136525334,290.1266070778845,291.50489225825004,293.6928848805075,1.4523761354648261,1.49128972319267,1.5288105543133403,1.4651341130743203,1.4889712752219983,test,nonaromatic_multiplet_positive
13989,0.5909189851855283,1.8002116726033073,1.1056109820651336,1.73353316185199,6.849637756878349,0.19760752541732232,0.15591102113243566,0.37326294596778625,0.27321850748245585,0.0,286.4795381767356,288.05491559748884,289.4262981407194,290.97198468469253,293.20917712414905,1.1158760766277684,1.135813292924825,1.0875382284376405,1.1175946356713184,1.0938314762703374,train,nonaromatic_multiplet_positive
13990,0.2603116222106624,1.89919077489224,0.3289398317862349,1.4296518507121052,6.559317172048622,0.756863182815729,0.17824711992495804,0.009086682657349224,0.05580301460196383,0.0,286.82351516078256,288.193726805993,289.5013794702069,291.1347009239736,292.5987304650566,0.9845613377747914,1.0950098356384368,0.9445454170089795,1.0196146929208427,0.9578514190801325,test,nonaromatic_multiplet_positive
13991,0.6502087802574213,2.3750973065118055,1.011936626945535,1.7497362283975306,4.584408821352961,0.34339014694251246,0.21882350471803272,0.1124595744514074,0.32532677388804737,0.0,287.07971033608567,288.5228804823901,290.3428459425191,291.35748019586254,293.5253142913848,1.3510410182241452,1.4842154487066923,1.4657694146445182,1.5900850602808976,1.2721915093340945,train,nonaromatic_multiplet_positive
13992,0.6678341133623937,2.1341143651970342,0.7013847820666971,1.1687149569545165,2.8278026598456294,0.432450728606136,0.16833808626349847,0.2864406166730473,0.10830303956507566,0.00446752889224253,286.95797302952474,288.5305137572499,289.5875884388345,291.47983208184195,293.1815739604044,1.0098903768256715,1.039512591297219,0.9813961379773076,0.7091147625918571,0.8199495994864712,train,nonaromatic_multiplet_positive
13993,0.31330079503528147,1.8082712676489123,1.2,1.2635693344896661,2.507838904864287,0.25854090237152855,0.023738850059487455,0.038886689123476544,0.6788335584455075,0.0,286.6523244603527,288.0069811640053,289.57028806503746,291.0868383638525,292.81033312926826,1.5833789181384956,1.6937944258946154,1.4572046570101316,1.4676567934218083,1.142126146344071,train,nonaromatic_multiplet_positive
13994,0.645466126807191,1.5562118265831146,0.5374079606268037,1.3872486602692078,5.885219688717392,0.5556632368398181,0.33922801070533204,0.04201034676923529,0.06308480157611818,1.3604109496267743e-05,286.3599581695478,288.0488140875085,289.0333410875984,290.59994035807875,293.1535361978037,1.3478314637001108,1.6353845395140985,1.7201183879951558,1.4257824463819455,1.5631310269743928,train,nonaromatic_multiplet_positive
13995,0.7974922024807967,2.2560644778995593,0.9916007109084897,1.5298530760998637,5.367277055639167,0.16251541284959722,0.6023453905681658,0.11102307282414996,0.12411612375808696,0.0,287.1040425136936,288.4119367036328,289.98624686621326,291.2024565344349,293.58426988952107,1.2659396325807586,1.3466770469179443,1.2895233901510643,1.2882579954967033,1.0698920415230746,train,nonaromatic_multiplet_positive
13996,0.8388530560588137,2.1570372699016507,1.2,1.3049952990025486,3.3117582703071227,0.05572883953069114,0.20355445156672855,0.25836876780477747,0.48234794109780277,0.0,287.0854118461088,288.3149566795859,289.85652993625973,291.27349724511237,293.4087931132111,1.0744430439883144,1.0504573284541494,1.1926515032922809,1.2961344522430926,1.1311582719698545,train,nonaromatic_multiplet_positive
13997,0.9558459749920976,1.6785688525082842,1.1937553704754111,1.2036842023787757,5.881875529753549,0.004654564383975661,0.4384317014981521,0.38850379925848505,0.1684099348593871,0.0,286.60031446613016,288.07525020715804,289.56077590519163,290.9198623415622,292.87469629799244,1.3314484531989113,1.2697226104308876,0.939723587731889,1.245015578937914,1.462661310203237,train,nonaromatic_multiplet_positive
13998,0.22871676972281615,1.6809723556727203,0.28648388788171064,1.3503168315644545,6.478402825434103,0.7384345241449181,0.11190679575717082,0.14457709212453984,0.0,0.00508158797337129,286.4738033972584,288.04908437174976,289.5085511571806,291.0092548887588,292.76208605885864,1.1713772988831233,1.271117579283577,1.1678357703536442,1.2399143050756671,1.0764219493038794,train,nonaromatic_multiplet_positive
13999,0.47336169476876355,2.247448831225026,0.5825004900073388,1.1509517120782795,2.689302432522621,0.6741256610274925,0.07285735181534564,0.026390836122330615,0.22662615103483127,0.0,287.070548368582,288.34759271428555,289.8835096557561,291.19890870412775,292.8591204684241,0.9375140422589281,0.9147477430055401,1.1999381907321436,0.9881452410901551,0.968626044698619,validation,nonaromatic_multiplet_positive
